{
"type": "FeatureCollection",
"name": "cooling_points",
"crs": { "type": "name", "properties": { "name": "urn:ogc:def:crs:OGC:1.3:CRS84" } },
"features": [
{ "type": "Feature", "properties": { "osm_id": "node/440305869", "layer": "hospital", "role": "health_facility", "name": "Jivraj Mehta Hospital", "beds": null, "source": "OpenStreetMap" }, "geometry": { "type": "Point", "coordinates": [ 72.5432503, 23.0085819 ] } },
{ "type": "Feature", "properties": { "osm_id": "node/440310550", "layer": "hospital", "role": "health_facility", "name": "Paldi Bus Stand", "beds": null, "source": "OpenStreetMap" }, "geometry": { "type": "Point", "coordinates": [ 72.5645993, 23.0140283 ] } },
{ "type": "Feature", "properties": { "osm_id": "node/440320413", "layer": "hospital", "role": "health_facility", "name": "Sterling Hospital Div. Of Addlife Medical Institute Pvt. Ltd.", "beds": null, "source": "OpenStreetMap" }, "geometry": { "type": "Point", "coordinates": [ 72.5312683, 23.0487566 ] } },
{ "type": "Feature", "properties": { "osm_id": "node/611572691", "layer": "hospital", "role": "health_facility", "name": null, "beds": null, "source": "OpenStreetMap" }, "geometry": { "type": "Point", "coordinates": [ 72.5917525, 23.0924908 ] } },
{ "type": "Feature", "properties": { "osm_id": "node/761305685", "layer": "hospital", "role": "health_facility", "name": "Medilink Hospital, Ahmedabad", "beds": null, "source": "OpenStreetMap" }, "geometry": { "type": "Point", "coordinates": [ 72.5304396, 23.0173915 ] } },
{ "type": "Feature", "properties": { "osm_id": "node/1349429248", "layer": "hospital", "role": "health_facility", "name": "Health Center", "beds": null, "source": "OpenStreetMap" }, "geometry": { "type": "Point", "coordinates": [ 72.5679365, 23.1039413 ] } },
{ "type": "Feature", "properties": { "osm_id": "node/1781762768", "layer": "hospital", "role": "health_facility", "name": "Ahmedabad Institute Of Medical Services (Aims)", "beds": null, "source": "OpenStreetMap" }, "geometry": { "type": "Point", "coordinates": [ 72.5639517, 23.0033217 ] } },
{ "type": "Feature", "properties": { "osm_id": "node/1781764967", "layer": "hospital", "role": "health_facility", "name": "Shushtrut Hospital", "beds": null, "source": "OpenStreetMap" }, "geometry": { "type": "Point", "coordinates": [ 72.56227, 23.0090048 ] } },
{ "type": "Feature", "properties": { "osm_id": "node/3293760662", "layer": "hospital", "role": "health_facility", "name": "saviour annexe hospital", "beds": null, "source": "OpenStreetMap" }, "geometry": { "type": "Point", "coordinates": [ 72.5699511, 23.0368587 ] } },
{ "type": "Feature", "properties": { "osm_id": "node/3500454471", "layer": "hospital", "role": "health_facility", "name": "Geeta Maternity Hospital", "beds": null, "source": "OpenStreetMap" }, "geometry": { "type": "Point", "coordinates": [ 72.5901213, 23.0836049 ] } },
{ "type": "Feature", "properties": { "osm_id": "node/3500459652", "layer": "hospital", "role": "health_facility", "name": "Sabarmati Development Society Sanchalit Sheth Shri Pukhraj Raichand General Hospital", "beds": null, "source": "OpenStreetMap" }, "geometry": { "type": "Point", "coordinates": [ 72.5906964, 23.0829627 ] } },
{ "type": "Feature", "properties": { "osm_id": "node/3727529631", "layer": "hospital", "role": "health_facility", "name": "GCS Medical College Hospital and Research Centre", "beds": null, "source": "OpenStreetMap" }, "geometry": { "type": "Point", "coordinates": [ 72.6107232, 23.0389267 ] } },
{ "type": "Feature", "properties": { "osm_id": "node/4415934891", "layer": "hospital", "role": "health_facility", "name": "vizcare hospital", "beds": null, "source": "OpenStreetMap" }, "geometry": { "type": "Point", "coordinates": [ 72.5363217, 23.0997272 ] } },
{ "type": "Feature", "properties": { "osm_id": "node/4449189194", "layer": "hospital", "role": "health_facility", "name": "Sunflower Womens Endo Infertility and Hospital Pvt. Ltd.", "beds": null, "source": "OpenStreetMap" }, "geometry": { "type": "Point", "coordinates": [ 72.5412888, 23.0457576 ] } },
{ "type": "Feature", "properties": { "osm_id": "node/4449189293", "layer": "hospital", "role": "health_facility", "name": "little flower", "beds": null, "source": "OpenStreetMap" }, "geometry": { "type": "Point", "coordinates": [ 72.533033, 23.0460963 ] } },
{ "type": "Feature", "properties": { "osm_id": "node/4449201990", "layer": "hospital", "role": "health_facility", "name": "May Flower Womens Hospital Pvt. Ltd.", "beds": null, "source": "OpenStreetMap" }, "geometry": { "type": "Point", "coordinates": [ 72.5419051, 23.0455774 ] } },
{ "type": "Feature", "properties": { "osm_id": "node/4488014610", "layer": "hospital", "role": "health_facility", "name": "Kidny hospital , asarwa", "beds": null, "source": "OpenStreetMap" }, "geometry": { "type": "Point", "coordinates": [ 72.6074852, 23.0494133 ] } },
{ "type": "Feature", "properties": { "osm_id": "node/4488016247", "layer": "hospital", "role": "health_facility", "name": "Gujarat Institute Of Nursing Education And Research , Asarwa ,Ahemedabad", "beds": null, "source": "OpenStreetMap" }, "geometry": { "type": "Point", "coordinates": [ 72.6071588, 23.0496453 ] } },
{ "type": "Feature", "properties": { "osm_id": "node/4488020552", "layer": "hospital", "role": "health_facility", "name": "Government Dental College and Hospital", "beds": null, "source": "OpenStreetMap" }, "geometry": { "type": "Point", "coordinates": [ 72.604565, 23.0499136 ] } },
{ "type": "Feature", "properties": { "osm_id": "node/4492330390", "layer": "hospital", "role": "health_facility", "name": "Vani Hospital & IVF center", "beds": null, "source": "OpenStreetMap" }, "geometry": { "type": "Point", "coordinates": [ 72.6157541, 22.99465 ] } },
{ "type": "Feature", "properties": { "osm_id": "node/4514853390", "layer": "hospital", "role": "health_facility", "name": "Vani IVF Center", "beds": null, "source": "OpenStreetMap" }, "geometry": { "type": "Point", "coordinates": [ 72.615422, 22.994662 ] } },
{ "type": "Feature", "properties": { "osm_id": "node/4547563289", "layer": "hospital", "role": "health_facility", "name": null, "beds": null, "source": "OpenStreetMap" }, "geometry": { "type": "Point", "coordinates": [ 72.657885, 23.044384 ] } },
{ "type": "Feature", "properties": { "osm_id": "node/4572892513", "layer": "hospital", "role": "health_facility", "name": "Aalisha Clinic", "beds": null, "source": "OpenStreetMap" }, "geometry": { "type": "Point", "coordinates": [ 72.5638235, 23.0858856 ] } },
{ "type": "Feature", "properties": { "osm_id": "node/4572893586", "layer": "hospital", "role": "health_facility", "name": "BalMukund Hospital", "beds": null, "source": "OpenStreetMap" }, "geometry": { "type": "Point", "coordinates": [ 72.5592841, 23.0932069 ] } },
{ "type": "Feature", "properties": { "osm_id": "node/4585303203", "layer": "hospital", "role": "health_facility", "name": "S G Hospital Chandlodiya", "beds": null, "source": "OpenStreetMap" }, "geometry": { "type": "Point", "coordinates": [ 72.5512244, 23.0848906 ] } },
{ "type": "Feature", "properties": { "osm_id": "node/4650625621", "layer": "hospital", "role": "health_facility", "name": "Planet Women Fertility and Counseling", "beds": null, "source": "OpenStreetMap" }, "geometry": { "type": "Point", "coordinates": [ 72.5434079, 23.0249306 ] } },
{ "type": "Feature", "properties": { "osm_id": "node/4746799624", "layer": "hospital", "role": "health_facility", "name": "Excel Eye Care", "beds": null, "source": "OpenStreetMap" }, "geometry": { "type": "Point", "coordinates": [ 72.5287891, 23.0300762 ] } },
{ "type": "Feature", "properties": { "osm_id": "node/4794228821", "layer": "hospital", "role": "health_facility", "name": "Shivam X-ray & Sonography clinic", "beds": null, "source": "OpenStreetMap" }, "geometry": { "type": "Point", "coordinates": [ 72.5700771, 23.0576222 ] } },
{ "type": "Feature", "properties": { "osm_id": "node/4977778522", "layer": "hospital", "role": "health_facility", "name": "ESIS HOSPITAL", "beds": null, "source": "OpenStreetMap" }, "geometry": { "type": "Point", "coordinates": [ 72.6166652, 22.9991685 ] } },
{ "type": "Feature", "properties": { "osm_id": "node/4977793222", "layer": "hospital", "role": "health_facility", "name": "Rukshmani Hospital", "beds": null, "source": "OpenStreetMap" }, "geometry": { "type": "Point", "coordinates": [ 72.6193052, 22.9992751 ] } },
{ "type": "Feature", "properties": { "osm_id": "node/6263502186", "layer": "hospital", "role": "health_facility", "name": "Aarna Hospital", "beds": null, "source": "OpenStreetMap" }, "geometry": { "type": "Point", "coordinates": [ 72.6023157, 22.995052 ] } },
{ "type": "Feature", "properties": { "osm_id": "node/6968273217", "layer": "hospital", "role": "health_facility", "name": "Samarpan General Hospital, Ahmedabad", "beds": null, "source": "OpenStreetMap" }, "geometry": { "type": "Point", "coordinates": [ 72.5254109, 23.1053006 ] } },
{ "type": "Feature", "properties": { "osm_id": "node/6968282377", "layer": "hospital", "role": "health_facility", "name": "Shree Bharti Vallabh Hospital", "beds": null, "source": "OpenStreetMap" }, "geometry": { "type": "Point", "coordinates": [ 72.5928806, 23.0495869 ] } },
{ "type": "Feature", "properties": { "osm_id": "node/6968376270", "layer": "hospital", "role": "health_facility", "name": "Kunal Medical Hospital, Ahmedabad", "beds": null, "source": "OpenStreetMap" }, "geometry": { "type": "Point", "coordinates": [ 72.6250631, 22.9982535 ] } },
{ "type": "Feature", "properties": { "osm_id": "node/6968395410", "layer": "hospital", "role": "health_facility", "name": "Nandan Maternity Home", "beds": null, "source": "OpenStreetMap" }, "geometry": { "type": "Point", "coordinates": [ 72.5339005, 23.052184 ] } },
{ "type": "Feature", "properties": { "osm_id": "node/6968404884", "layer": "hospital", "role": "health_facility", "name": "Kalrav Children Hospital, Ahmedabad", "beds": null, "source": "OpenStreetMap" }, "geometry": { "type": "Point", "coordinates": [ 72.5374953, 23.0501988 ] } },
{ "type": "Feature", "properties": { "osm_id": "node/6968417889", "layer": "hospital", "role": "health_facility", "name": "Cornea Foundation Hospital", "beds": null, "source": "OpenStreetMap" }, "geometry": { "type": "Point", "coordinates": [ 72.5364487, 23.0461279 ] } },
{ "type": "Feature", "properties": { "osm_id": "node/6968418270", "layer": "hospital", "role": "health_facility", "name": "Prathna Surgical And Medical Hospital", "beds": null, "source": "OpenStreetMap" }, "geometry": { "type": "Point", "coordinates": [ 72.6411603, 23.056598 ] } },
{ "type": "Feature", "properties": { "osm_id": "node/6968419937", "layer": "hospital", "role": "health_facility", "name": "Arihant Fracture and Orthopedic Hospital", "beds": null, "source": "OpenStreetMap" }, "geometry": { "type": "Point", "coordinates": [ 72.545561, 23.0133094 ] } },
{ "type": "Feature", "properties": { "osm_id": "node/6968717525", "layer": "hospital", "role": "health_facility", "name": "Chandrabhan Hospital and Gynac Institute", "beds": null, "source": "OpenStreetMap" }, "geometry": { "type": "Point", "coordinates": [ 72.5338505, 23.0499504 ] } },
{ "type": "Feature", "properties": { "osm_id": "node/6968717606", "layer": "hospital", "role": "health_facility", "name": "Jeevandeep Hospital, Sardanagar", "beds": null, "source": "OpenStreetMap" }, "geometry": { "type": "Point", "coordinates": [ 72.6335469, 23.0856728 ] } },
{ "type": "Feature", "properties": { "osm_id": "node/6968717622", "layer": "hospital", "role": "health_facility", "name": "Jagmohan Hospital, Ahmedabad", "beds": null, "source": "OpenStreetMap" }, "geometry": { "type": "Point", "coordinates": [ 72.567755, 23.0383141 ] } },
{ "type": "Feature", "properties": { "osm_id": "node/6968717638", "layer": "hospital", "role": "health_facility", "name": "Vasudha Eye Hospital", "beds": null, "source": "OpenStreetMap" }, "geometry": { "type": "Point", "coordinates": [ 72.5895064, 23.0834466 ] } },
{ "type": "Feature", "properties": { "osm_id": "node/6968859256", "layer": "hospital", "role": "health_facility", "name": "Dhwani General Hospital, Nursing Home and Materity Home", "beds": null, "source": "OpenStreetMap" }, "geometry": { "type": "Point", "coordinates": [ 72.6448899, 23.0146498 ] } },
{ "type": "Feature", "properties": { "osm_id": "node/6968861329", "layer": "hospital", "role": "health_facility", "name": "Kakadiya Hospital", "beds": null, "source": "OpenStreetMap" }, "geometry": { "type": "Point", "coordinates": [ 72.6302853, 23.0401061 ] } },
{ "type": "Feature", "properties": { "osm_id": "node/6968861334", "layer": "hospital", "role": "health_facility", "name": "Samarpan Maternity And Urosurgical Hospital", "beds": null, "source": "OpenStreetMap" }, "geometry": { "type": "Point", "coordinates": [ 72.5157067, 23.0506982 ] } },
{ "type": "Feature", "properties": { "osm_id": "node/6968861335", "layer": "hospital", "role": "health_facility", "name": "Sankalp Eye Hospital, Ahmedabad", "beds": null, "source": "OpenStreetMap" }, "geometry": { "type": "Point", "coordinates": [ 72.5372402, 23.0052925 ] } },
{ "type": "Feature", "properties": { "osm_id": "node/6969601192", "layer": "hospital", "role": "health_facility", "name": "Suvan Eye Care", "beds": null, "source": "OpenStreetMap" }, "geometry": { "type": "Point", "coordinates": [ 72.6369452, 23.0577024 ] } },
{ "type": "Feature", "properties": { "osm_id": "node/6969601197", "layer": "hospital", "role": "health_facility", "name": "Matrupooja Eye Hospital", "beds": null, "source": "OpenStreetMap" }, "geometry": { "type": "Point", "coordinates": [ 72.6024091, 22.9745791 ] } },
{ "type": "Feature", "properties": { "osm_id": "node/6969601212", "layer": "hospital", "role": "health_facility", "name": "Shaishav Children Hospital And Neonatal Care Unit", "beds": null, "source": "OpenStreetMap" }, "geometry": { "type": "Point", "coordinates": [ 72.5187524, 23.0034352 ] } },
{ "type": "Feature", "properties": { "osm_id": "node/6969601213", "layer": "hospital", "role": "health_facility", "name": "Mehta Hospital, Siddhachal", "beds": null, "source": "OpenStreetMap" }, "geometry": { "type": "Point", "coordinates": [ 72.5258862, 23.047633 ] } },
{ "type": "Feature", "properties": { "osm_id": "node/6969601214", "layer": "hospital", "role": "health_facility", "name": "Lifecare Emergency Centre", "beds": null, "source": "OpenStreetMap" }, "geometry": { "type": "Point", "coordinates": [ 72.5789867, 23.0333194 ] } },
{ "type": "Feature", "properties": { "osm_id": "node/6969601219", "layer": "hospital", "role": "health_facility", "name": "Bavishi Hospital", "beds": null, "source": "OpenStreetMap" }, "geometry": { "type": "Point", "coordinates": [ 72.5641099, 23.0133482 ] } },
{ "type": "Feature", "properties": { "osm_id": "node/6969611589", "layer": "hospital", "role": "health_facility", "name": "Poojan Children Hospital And Neonatal Care Centre", "beds": null, "source": "OpenStreetMap" }, "geometry": { "type": "Point", "coordinates": [ 72.5591491, 23.072936 ] } },
{ "type": "Feature", "properties": { "osm_id": "node/6969611594", "layer": "hospital", "role": "health_facility", "name": "Shanti Multi Speciality Hospital", "beds": null, "source": "OpenStreetMap" }, "geometry": { "type": "Point", "coordinates": [ 72.5295308, 23.0241738 ] } },
{ "type": "Feature", "properties": { "osm_id": "node/6969753319", "layer": "hospital", "role": "health_facility", "name": "Cutis Cosmetic Plastic Surgery Centre", "beds": null, "source": "OpenStreetMap" }, "geometry": { "type": "Point", "coordinates": [ 72.537851, 23.0589018 ] } },
{ "type": "Feature", "properties": { "osm_id": "node/6969761669", "layer": "hospital", "role": "health_facility", "name": "Rathi Hospital", "beds": null, "source": "OpenStreetMap" }, "geometry": { "type": "Point", "coordinates": [ 72.5261003, 23.0228001 ] } },
{ "type": "Feature", "properties": { "osm_id": "node/6969864002", "layer": "hospital", "role": "health_facility", "name": "Minal Infertility Clinic and Nursing Home", "beds": null, "source": "OpenStreetMap" }, "geometry": { "type": "Point", "coordinates": [ 72.5608003, 23.0519495 ] } },
{ "type": "Feature", "properties": { "osm_id": "node/6969886484", "layer": "hospital", "role": "health_facility", "name": "Navkar Surgical Hospital", "beds": null, "source": "OpenStreetMap" }, "geometry": { "type": "Point", "coordinates": [ 72.5665131, 23.0486991 ] } },
{ "type": "Feature", "properties": { "osm_id": "node/6969893727", "layer": "hospital", "role": "health_facility", "name": "Navjyot Eye Hospital, Ahmedabad", "beds": null, "source": "OpenStreetMap" }, "geometry": { "type": "Point", "coordinates": [ 72.5703567, 23.0575049 ] } },
{ "type": "Feature", "properties": { "osm_id": "node/6969931781", "layer": "hospital", "role": "health_facility", "name": "Aarna Super Speciality Hospital", "beds": null, "source": "OpenStreetMap" }, "geometry": { "type": "Point", "coordinates": [ 72.5597177, 23.014477 ] } },
{ "type": "Feature", "properties": { "osm_id": "node/6969940932", "layer": "hospital", "role": "health_facility", "name": "Shalin Hospital, Ahmedabad", "beds": null, "source": "OpenStreetMap" }, "geometry": { "type": "Point", "coordinates": [ 72.5456992, 23.0130378 ] } },
{ "type": "Feature", "properties": { "osm_id": "node/6969952025", "layer": "hospital", "role": "health_facility", "name": "Samata Hospital Pvt.Ltd", "beds": null, "source": "OpenStreetMap" }, "geometry": { "type": "Point", "coordinates": [ 72.5469075, 23.0827039 ] } },
{ "type": "Feature", "properties": { "osm_id": "node/6969999192", "layer": "hospital", "role": "health_facility", "name": "Amijeet Maternity Hospital", "beds": null, "source": "OpenStreetMap" }, "geometry": { "type": "Point", "coordinates": [ 72.5595813, 23.0731324 ] } },
{ "type": "Feature", "properties": { "osm_id": "node/6970024809", "layer": "hospital", "role": "health_facility", "name": "Shreeji Orthopaedic And Ent Hospital", "beds": null, "source": "OpenStreetMap" }, "geometry": { "type": "Point", "coordinates": [ 72.5333127, 23.0471787 ] } },
{ "type": "Feature", "properties": { "osm_id": "node/6970030047", "layer": "hospital", "role": "health_facility", "name": "Anand Hospital and Multispeciality", "beds": null, "source": "OpenStreetMap" }, "geometry": { "type": "Point", "coordinates": [ 72.6406024, 23.0459742 ] } },
{ "type": "Feature", "properties": { "osm_id": "node/6970039123", "layer": "hospital", "role": "health_facility", "name": "Shivam Orthopaedic and Gynec Hospital", "beds": null, "source": "OpenStreetMap" }, "geometry": { "type": "Point", "coordinates": [ 72.5325295, 23.0363111 ] } },
{ "type": "Feature", "properties": { "osm_id": "node/6970058728", "layer": "hospital", "role": "health_facility", "name": "Satyam Children Hospital", "beds": null, "source": "OpenStreetMap" }, "geometry": { "type": "Point", "coordinates": [ 72.5838657, 23.1148697 ] } },
{ "type": "Feature", "properties": { "osm_id": "node/6970101822", "layer": "hospital", "role": "health_facility", "name": "Aakshardeep Eye Hospital", "beds": null, "source": "OpenStreetMap" }, "geometry": { "type": "Point", "coordinates": [ 72.5245567, 23.0324778 ] } },
{ "type": "Feature", "properties": { "osm_id": "node/6970133731", "layer": "hospital", "role": "health_facility", "name": "Maruti Orthopedic Hospital, Nava Vadaj", "beds": null, "source": "OpenStreetMap" }, "geometry": { "type": "Point", "coordinates": [ 72.5611098, 23.0674244 ] } },
{ "type": "Feature", "properties": { "osm_id": "node/6970150307", "layer": "hospital", "role": "health_facility", "name": "Chetna Maternity Home", "beds": null, "source": "OpenStreetMap" }, "geometry": { "type": "Point", "coordinates": [ 72.5695668, 23.0467529 ] } },
{ "type": "Feature", "properties": { "osm_id": "node/6970228163", "layer": "hospital", "role": "health_facility", "name": "Akshardeep Orthopaedic Hospital, Shahibaug", "beds": null, "source": "OpenStreetMap" }, "geometry": { "type": "Point", "coordinates": [ 72.5955185, 23.0539474 ] } },
{ "type": "Feature", "properties": { "osm_id": "node/6970233678", "layer": "hospital", "role": "health_facility", "name": "Tapan Hospital Pvt Ltd", "beds": null, "source": "OpenStreetMap" }, "geometry": { "type": "Point", "coordinates": [ 72.6297381, 23.0360347 ] } },
{ "type": "Feature", "properties": { "osm_id": "node/6970257402", "layer": "hospital", "role": "health_facility", "name": "Udit Hospital Multi Speciality", "beds": null, "source": "OpenStreetMap" }, "geometry": { "type": "Point", "coordinates": [ 72.5209209, 23.0502539 ] } },
{ "type": "Feature", "properties": { "osm_id": "node/6970275374", "layer": "hospital", "role": "health_facility", "name": "Saumya Children Hospital and Neonatal Care Center", "beds": null, "source": "OpenStreetMap" }, "geometry": { "type": "Point", "coordinates": [ 72.5420675, 23.0217867 ] } },
{ "type": "Feature", "properties": { "osm_id": "node/6970292851", "layer": "hospital", "role": "health_facility", "name": "Life Care Institute Of Medical Sciences Research Hospital", "beds": null, "source": "OpenStreetMap" }, "geometry": { "type": "Point", "coordinates": [ 72.5616422, 23.0474527 ] } },
{ "type": "Feature", "properties": { "osm_id": "node/6970328005", "layer": "hospital", "role": "health_facility", "name": "Vanza Hospital", "beds": null, "source": "OpenStreetMap" }, "geometry": { "type": "Point", "coordinates": [ 72.4740118, 23.0307499 ] } },
{ "type": "Feature", "properties": { "osm_id": "node/6970331911", "layer": "hospital", "role": "health_facility", "name": "Niyati Ent Hospital", "beds": null, "source": "OpenStreetMap" }, "geometry": { "type": "Point", "coordinates": [ 72.5615162, 23.0201192 ] } },
{ "type": "Feature", "properties": { "osm_id": "node/6970343514", "layer": "hospital", "role": "health_facility", "name": "Metalia Hospital and ICCU, Diamond Market", "beds": null, "source": "OpenStreetMap" }, "geometry": { "type": "Point", "coordinates": [ 72.6297938, 23.0361821 ] } },
{ "type": "Feature", "properties": { "osm_id": "node/6970365464", "layer": "hospital", "role": "health_facility", "name": "Chitrakut Surgical Hospital", "beds": null, "source": "OpenStreetMap" }, "geometry": { "type": "Point", "coordinates": [ 72.6254641, 23.0352325 ] } },
{ "type": "Feature", "properties": { "osm_id": "node/6970401154", "layer": "hospital", "role": "health_facility", "name": "Jivansudha Heart and Medical Hospital", "beds": null, "source": "OpenStreetMap" }, "geometry": { "type": "Point", "coordinates": [ 72.6059912, 23.0487003 ] } },
{ "type": "Feature", "properties": { "osm_id": "node/6970407444", "layer": "hospital", "role": "health_facility", "name": "Marengo CIMS Hospital", "beds": null, "source": "OpenStreetMap" }, "geometry": { "type": "Point", "coordinates": [ 72.5173965, 23.0700266 ] } },
{ "type": "Feature", "properties": { "osm_id": "node/6970408459", "layer": "hospital", "role": "health_facility", "name": "Sneh Orthopaedic Hospital", "beds": null, "source": "OpenStreetMap" }, "geometry": { "type": "Point", "coordinates": [ 72.5542313, 23.0024291 ] } },
{ "type": "Feature", "properties": { "osm_id": "node/6970425348", "layer": "hospital", "role": "health_facility", "name": "Dr Sanjay Gandhi Hospital", "beds": null, "source": "OpenStreetMap" }, "geometry": { "type": "Point", "coordinates": [ 72.5411409, 23.02741 ] } },
{ "type": "Feature", "properties": { "osm_id": "node/6970426107", "layer": "hospital", "role": "health_facility", "name": "Om Pediatric and Neonatal Criticare Hospital", "beds": null, "source": "OpenStreetMap" }, "geometry": { "type": "Point", "coordinates": [ 72.5914751, 23.0997283 ] } },
{ "type": "Feature", "properties": { "osm_id": "node/6970427669", "layer": "hospital", "role": "health_facility", "name": "Priyal Hospital", "beds": null, "source": "OpenStreetMap" }, "geometry": { "type": "Point", "coordinates": [ 72.6644231, 23.0605503 ] } },
{ "type": "Feature", "properties": { "osm_id": "node/6970443663", "layer": "hospital", "role": "health_facility", "name": "Anand Multi Speciality Hospital, Ahmedabad", "beds": null, "source": "OpenStreetMap" }, "geometry": { "type": "Point", "coordinates": [ 72.5975604, 23.0551196 ] } },
{ "type": "Feature", "properties": { "osm_id": "node/6970443687", "layer": "hospital", "role": "health_facility", "name": "Dr Rupesh Shah Killol Children Hospital", "beds": null, "source": "OpenStreetMap" }, "geometry": { "type": "Point", "coordinates": [ 72.5659485, 23.0396088 ] } },
{ "type": "Feature", "properties": { "osm_id": "node/6970446765", "layer": "hospital", "role": "health_facility", "name": "Jeevandeep Hospital, Shashibaug", "beds": null, "source": "OpenStreetMap" }, "geometry": { "type": "Point", "coordinates": [ 72.5906771, 23.0494136 ] } },
{ "type": "Feature", "properties": { "osm_id": "node/6970460848", "layer": "hospital", "role": "health_facility", "name": "Naresh Hospital", "beds": null, "source": "OpenStreetMap" }, "geometry": { "type": "Point", "coordinates": [ 72.518633, 23.0034167 ] } },
{ "type": "Feature", "properties": { "osm_id": "node/6970462158", "layer": "hospital", "role": "health_facility", "name": "Shraddha Surgical Hospital, Ahmedabad", "beds": null, "source": "OpenStreetMap" }, "geometry": { "type": "Point", "coordinates": [ 72.5333825, 23.0482276 ] } },
{ "type": "Feature", "properties": { "osm_id": "node/6970462555", "layer": "hospital", "role": "health_facility", "name": "Baps Yogiji Maharaj Hospital", "beds": null, "source": "OpenStreetMap" }, "geometry": { "type": "Point", "coordinates": [ 72.5887862, 23.0462013 ] } },
{ "type": "Feature", "properties": { "osm_id": "node/6970462648", "layer": "hospital", "role": "health_facility", "name": "Gynaecare Women's Hospital", "beds": null, "source": "OpenStreetMap" }, "geometry": { "type": "Point", "coordinates": [ 72.5265187, 23.0134377 ] } },
{ "type": "Feature", "properties": { "osm_id": "node/6970466463", "layer": "hospital", "role": "health_facility", "name": "Rhythm Cardio Pulmonory Care Centre and Medical Hospital", "beds": null, "source": "OpenStreetMap" }, "geometry": { "type": "Point", "coordinates": [ 72.5608045, 23.0521189 ] } },
{ "type": "Feature", "properties": { "osm_id": "node/6970467886", "layer": "hospital", "role": "health_facility", "name": "Aarti Surgical Nursing Home", "beds": null, "source": "OpenStreetMap" }, "geometry": { "type": "Point", "coordinates": [ 72.6121724, 22.9960097 ] } },
{ "type": "Feature", "properties": { "osm_id": "node/6970468038", "layer": "hospital", "role": "health_facility", "name": "Navkar Ear Nose Throat Hospital", "beds": null, "source": "OpenStreetMap" }, "geometry": { "type": "Point", "coordinates": [ 72.561315, 23.0083964 ] } },
{ "type": "Feature", "properties": { "osm_id": "node/6970512563", "layer": "hospital", "role": "health_facility", "name": "Gitanjali Children Hospital", "beds": null, "source": "OpenStreetMap" }, "geometry": { "type": "Point", "coordinates": [ 72.6595862, 23.0738176 ] } },
{ "type": "Feature", "properties": { "osm_id": "node/6970516275", "layer": "hospital", "role": "health_facility", "name": "Shilp E.N.T Clinic and Hospital", "beds": null, "source": "OpenStreetMap" }, "geometry": { "type": "Point", "coordinates": [ 72.5930405, 23.1089581 ] } },
{ "type": "Feature", "properties": { "osm_id": "node/6970516599", "layer": "hospital", "role": "health_facility", "name": "Shreeji Children Hospital", "beds": null, "source": "OpenStreetMap" }, "geometry": { "type": "Point", "coordinates": [ 72.4747232, 23.0294544 ] } },
{ "type": "Feature", "properties": { "osm_id": "node/6970522371", "layer": "hospital", "role": "health_facility", "name": "Shivam Surgical Hospital", "beds": null, "source": "OpenStreetMap" }, "geometry": { "type": "Point", "coordinates": [ 72.6528769, 23.0730267 ] } },
{ "type": "Feature", "properties": { "osm_id": "node/6970525741", "layer": "hospital", "role": "health_facility", "name": "Parimal Multispeciality Hospital", "beds": null, "source": "OpenStreetMap" }, "geometry": { "type": "Point", "coordinates": [ 72.5577027, 23.0172667 ] } },
{ "type": "Feature", "properties": { "osm_id": "node/6970537843", "layer": "hospital", "role": "health_facility", "name": "Netra Jyoti Eye and Ent Hospital", "beds": null, "source": "OpenStreetMap" }, "geometry": { "type": "Point", "coordinates": [ 72.588505, 23.1093376 ] } },
{ "type": "Feature", "properties": { "osm_id": "node/6970541617", "layer": "hospital", "role": "health_facility", "name": "Shrey Hospital", "beds": null, "source": "OpenStreetMap" }, "geometry": { "type": "Point", "coordinates": [ 72.5647707, 23.0376566 ] } },
{ "type": "Feature", "properties": { "osm_id": "node/6970544615", "layer": "hospital", "role": "health_facility", "name": "Apex Heart Institute", "beds": null, "source": "OpenStreetMap" }, "geometry": { "type": "Point", "coordinates": [ 72.5139306, 23.0457442 ] } },
{ "type": "Feature", "properties": { "osm_id": "node/6970544855", "layer": "hospital", "role": "health_facility", "name": "Het Eye Care", "beds": null, "source": "OpenStreetMap" }, "geometry": { "type": "Point", "coordinates": [ 72.5625072, 23.0085551 ] } },
{ "type": "Feature", "properties": { "osm_id": "node/6970546258", "layer": "hospital", "role": "health_facility", "name": "Utkarsh Hospital, Ahmedabad", "beds": null, "source": "OpenStreetMap" }, "geometry": { "type": "Point", "coordinates": [ 72.5783663, 23.1078991 ] } },
{ "type": "Feature", "properties": { "osm_id": "node/6970549388", "layer": "hospital", "role": "health_facility", "name": "Tilak Hospital (Multispeciality), Ahmedabad", "beds": null, "source": "OpenStreetMap" }, "geometry": { "type": "Point", "coordinates": [ 72.6222763, 23.0334255 ] } },
{ "type": "Feature", "properties": { "osm_id": "node/6970554098", "layer": "hospital", "role": "health_facility", "name": "Sagar Orthopaedic Hospital, Bapunagar", "beds": null, "source": "OpenStreetMap" }, "geometry": { "type": "Point", "coordinates": [ 72.630339, 23.0362408 ] } },
{ "type": "Feature", "properties": { "osm_id": "node/6970555031", "layer": "hospital", "role": "health_facility", "name": "Kalrav Nenotal And Children Hospital", "beds": null, "source": "OpenStreetMap" }, "geometry": { "type": "Point", "coordinates": [ 72.6365779, 23.0389968 ] } },
{ "type": "Feature", "properties": { "osm_id": "node/6970569366", "layer": "hospital", "role": "health_facility", "name": "Panchshil Hospital", "beds": null, "source": "OpenStreetMap" }, "geometry": { "type": "Point", "coordinates": [ 72.5919754, 23.0843348 ] } },
{ "type": "Feature", "properties": { "osm_id": "node/6970584034", "layer": "hospital", "role": "health_facility", "name": "Welcare Women's Hospital", "beds": null, "source": "OpenStreetMap" }, "geometry": { "type": "Point", "coordinates": [ 72.5623058, 23.0453225 ] } },
{ "type": "Feature", "properties": { "osm_id": "node/6970590541", "layer": "hospital", "role": "health_facility", "name": "Arpan Newborncare Centre", "beds": null, "source": "OpenStreetMap" }, "geometry": { "type": "Point", "coordinates": [ 72.5474321, 23.0411016 ] } },
{ "type": "Feature", "properties": { "osm_id": "node/6970597384", "layer": "hospital", "role": "health_facility", "name": "Sheth Hospital and Maternity Home", "beds": null, "source": "OpenStreetMap" }, "geometry": { "type": "Point", "coordinates": [ 72.554928, 23.0023106 ] } },
{ "type": "Feature", "properties": { "osm_id": "node/6970637983", "layer": "hospital", "role": "health_facility", "name": "Shubham Ent Hospital", "beds": null, "source": "OpenStreetMap" }, "geometry": { "type": "Point", "coordinates": [ 72.645708, 23.0217991 ] } },
{ "type": "Feature", "properties": { "osm_id": "node/6970657650", "layer": "hospital", "role": "health_facility", "name": "Vasundhara Medical Hospital", "beds": null, "source": "OpenStreetMap" }, "geometry": { "type": "Point", "coordinates": [ 72.6252736, 23.0348264 ] } },
{ "type": "Feature", "properties": { "osm_id": "node/6970675546", "layer": "hospital", "role": "health_facility", "name": "Shridhaj Orthopaedic Hospital", "beds": null, "source": "OpenStreetMap" }, "geometry": { "type": "Point", "coordinates": [ 72.5330586, 23.0057708 ] } },
{ "type": "Feature", "properties": { "osm_id": "node/6970683370", "layer": "hospital", "role": "health_facility", "name": "Clear Vision Eye Hospital (Unit 2)", "beds": null, "source": "OpenStreetMap" }, "geometry": { "type": "Point", "coordinates": [ 72.5252219, 23.026235 ] } },
{ "type": "Feature", "properties": { "osm_id": "node/6970688331", "layer": "hospital", "role": "health_facility", "name": "Jatan Children Hospital, Ahmedabad", "beds": null, "source": "OpenStreetMap" }, "geometry": { "type": "Point", "coordinates": [ 72.5628076, 23.0664632 ] } },
{ "type": "Feature", "properties": { "osm_id": "node/6970711353", "layer": "hospital", "role": "health_facility", "name": "Pulse Iccu and Hospital", "beds": null, "source": "OpenStreetMap" }, "geometry": { "type": "Point", "coordinates": [ 72.566667, 23.0604581 ] } },
{ "type": "Feature", "properties": { "osm_id": "node/6970724547", "layer": "hospital", "role": "health_facility", "name": "Shree Raj Hospital, Ahmedabad", "beds": null, "source": "OpenStreetMap" }, "geometry": { "type": "Point", "coordinates": [ 72.5326094, 23.0461853 ] } },
{ "type": "Feature", "properties": { "osm_id": "node/6970724571", "layer": "hospital", "role": "health_facility", "name": "Lekhadia Hospital", "beds": null, "source": "OpenStreetMap" }, "geometry": { "type": "Point", "coordinates": [ 72.5557615, 23.0042154 ] } },
{ "type": "Feature", "properties": { "osm_id": "node/6970724581", "layer": "hospital", "role": "health_facility", "name": "Odhav Orthopaedic Hospital", "beds": null, "source": "OpenStreetMap" }, "geometry": { "type": "Point", "coordinates": [ 72.6450308, 23.0123687 ] } },
{ "type": "Feature", "properties": { "osm_id": "node/6970724583", "layer": "hospital", "role": "health_facility", "name": "Ami-Sagar Hospital", "beds": null, "source": "OpenStreetMap" }, "geometry": { "type": "Point", "coordinates": [ 72.5667344, 23.0686632 ] } },
{ "type": "Feature", "properties": { "osm_id": "node/6970732298", "layer": "hospital", "role": "health_facility", "name": "Amijyot Eye Hospital", "beds": null, "source": "OpenStreetMap" }, "geometry": { "type": "Point", "coordinates": [ 72.5589721, 23.0074188 ] } },
{ "type": "Feature", "properties": { "osm_id": "node/6970732333", "layer": "hospital", "role": "health_facility", "name": "Khara Fracture and Orthopaedic Hospital", "beds": null, "source": "OpenStreetMap" }, "geometry": { "type": "Point", "coordinates": [ 72.5887057, 23.0826952 ] } },
{ "type": "Feature", "properties": { "osm_id": "node/6970732343", "layer": "hospital", "role": "health_facility", "name": "Dr. Dilip Modi Hospital", "beds": null, "source": "OpenStreetMap" }, "geometry": { "type": "Point", "coordinates": [ 72.5714216, 23.0285678 ] } },
{ "type": "Feature", "properties": { "osm_id": "node/6970767778", "layer": "hospital", "role": "health_facility", "name": "Ratnam Eye Hospital", "beds": null, "source": "OpenStreetMap" }, "geometry": { "type": "Point", "coordinates": [ 72.5595085, 23.0082903 ] } },
{ "type": "Feature", "properties": { "osm_id": "node/6970793021", "layer": "hospital", "role": "health_facility", "name": "Navjivan Orthopaedic and Maternity Hospital", "beds": null, "source": "OpenStreetMap" }, "geometry": { "type": "Point", "coordinates": [ 72.6427073, 23.0536919 ] } },
{ "type": "Feature", "properties": { "osm_id": "node/6970805021", "layer": "hospital", "role": "health_facility", "name": "Akshar Surgical Hospital, Maninagar", "beds": null, "source": "OpenStreetMap" }, "geometry": { "type": "Point", "coordinates": [ 72.6075442, 22.9950715 ] } },
{ "type": "Feature", "properties": { "osm_id": "node/6970824544", "layer": "hospital", "role": "health_facility", "name": "Synergy Neonatal and Pediatric Centre", "beds": null, "source": "OpenStreetMap" }, "geometry": { "type": "Point", "coordinates": [ 72.6082537, 22.9957344 ] } },
{ "type": "Feature", "properties": { "osm_id": "node/6970826977", "layer": "hospital", "role": "health_facility", "name": "Anand Surgical Hospital Ltd.", "beds": null, "source": "OpenStreetMap" }, "geometry": { "type": "Point", "coordinates": [ 72.630925, 23.0549888 ] } },
{ "type": "Feature", "properties": { "osm_id": "node/6970854205", "layer": "hospital", "role": "health_facility", "name": "Navneet Memorial Hospital", "beds": null, "source": "OpenStreetMap" }, "geometry": { "type": "Point", "coordinates": [ 72.561022, 23.0309628 ] } },
{ "type": "Feature", "properties": { "osm_id": "node/6970872877", "layer": "hospital", "role": "health_facility", "name": "Chandandwar Hospital", "beds": null, "source": "OpenStreetMap" }, "geometry": { "type": "Point", "coordinates": [ 72.5265107, 23.0475378 ] } },
{ "type": "Feature", "properties": { "osm_id": "node/6970893337", "layer": "hospital", "role": "health_facility", "name": "Jhanvi Fracture and Orthopaedic Hospital", "beds": null, "source": "OpenStreetMap" }, "geometry": { "type": "Point", "coordinates": [ 72.6053086, 22.988069 ] } },
{ "type": "Feature", "properties": { "osm_id": "node/6970923829", "layer": "hospital", "role": "health_facility", "name": "Chandramani Hospital", "beds": null, "source": "OpenStreetMap" }, "geometry": { "type": "Point", "coordinates": [ 72.5948212, 23.0488268 ] } },
{ "type": "Feature", "properties": { "osm_id": "node/6970930475", "layer": "hospital", "role": "health_facility", "name": "Chaturbhai Mavawala Kidney Hospital and Laparoscopic", "beds": null, "source": "OpenStreetMap" }, "geometry": { "type": "Point", "coordinates": [ 72.5699088, 23.0366258 ] } },
{ "type": "Feature", "properties": { "osm_id": "node/6970969227", "layer": "hospital", "role": "health_facility", "name": "Abhishek Hospital and Heart Centre", "beds": null, "source": "OpenStreetMap" }, "geometry": { "type": "Point", "coordinates": [ 72.6079452, 22.9995355 ] } },
{ "type": "Feature", "properties": { "osm_id": "node/6970981040", "layer": "hospital", "role": "health_facility", "name": "Dr.Atul Shah Eye Hospital", "beds": null, "source": "OpenStreetMap" }, "geometry": { "type": "Point", "coordinates": [ 72.535484, 23.061092 ] } },
{ "type": "Feature", "properties": { "osm_id": "node/6970983906", "layer": "hospital", "role": "health_facility", "name": "Gandhi Uro Care", "beds": null, "source": "OpenStreetMap" }, "geometry": { "type": "Point", "coordinates": [ 72.5663348, 23.0165285 ] } },
{ "type": "Feature", "properties": { "osm_id": "node/6970994343", "layer": "hospital", "role": "health_facility", "name": "Dhwani Children Hospital", "beds": null, "source": "OpenStreetMap" }, "geometry": { "type": "Point", "coordinates": [ 72.5941667, 23.0222866 ] } },
{ "type": "Feature", "properties": { "osm_id": "node/6971005459", "layer": "hospital", "role": "health_facility", "name": "Umiya Surgical Hospital", "beds": null, "source": "OpenStreetMap" }, "geometry": { "type": "Point", "coordinates": [ 72.5507015, 23.059151 ] } },
{ "type": "Feature", "properties": { "osm_id": "node/6971013949", "layer": "hospital", "role": "health_facility", "name": "Sannidhya Hospital", "beds": null, "source": "OpenStreetMap" }, "geometry": { "type": "Point", "coordinates": [ 72.5626011, 23.0183023 ] } },
{ "type": "Feature", "properties": { "osm_id": "node/6971034528", "layer": "hospital", "role": "health_facility", "name": "Jankalyan Hospital, Ahmedabad", "beds": null, "source": "OpenStreetMap" }, "geometry": { "type": "Point", "coordinates": [ 72.5905041, 23.0013354 ] } },
{ "type": "Feature", "properties": { "osm_id": "node/6971034574", "layer": "hospital", "role": "health_facility", "name": "Livewell Pain & Spine Hospital", "beds": null, "source": "OpenStreetMap" }, "geometry": { "type": "Point", "coordinates": [ 72.5420791, 23.0456264 ] } },
{ "type": "Feature", "properties": { "osm_id": "node/6971932491", "layer": "hospital", "role": "health_facility", "name": "Tulip Women's Hospital", "beds": null, "source": "OpenStreetMap" }, "geometry": { "type": "Point", "coordinates": [ 72.5189468, 23.020171 ] } },
{ "type": "Feature", "properties": { "osm_id": "node/6971932493", "layer": "hospital", "role": "health_facility", "name": "Parimal Hospital, Ahmedabad", "beds": null, "source": "OpenStreetMap" }, "geometry": { "type": "Point", "coordinates": [ 72.6090623, 22.9997731 ] } },
{ "type": "Feature", "properties": { "osm_id": "node/6971932502", "layer": "hospital", "role": "health_facility", "name": "Jyoti Maternity Hospital", "beds": null, "source": "OpenStreetMap" }, "geometry": { "type": "Point", "coordinates": [ 72.5385243, 23.0221879 ] } },
{ "type": "Feature", "properties": { "osm_id": "node/6971932520", "layer": "hospital", "role": "health_facility", "name": "Centre For Sight, Ahmedabad", "beds": null, "source": "OpenStreetMap" }, "geometry": { "type": "Point", "coordinates": [ 72.5554597, 23.0328801 ] } },
{ "type": "Feature", "properties": { "osm_id": "node/6971932525", "layer": "hospital", "role": "health_facility", "name": "Jyoti Eye Hospital- Phaco Laser Centre", "beds": null, "source": "OpenStreetMap" }, "geometry": { "type": "Point", "coordinates": [ 72.5589976, 23.0121836 ] } },
{ "type": "Feature", "properties": { "osm_id": "node/6971932530", "layer": "hospital", "role": "health_facility", "name": "Dr Ajay Praful Munshi Surgical Nursing Home", "beds": null, "source": "OpenStreetMap" }, "geometry": { "type": "Point", "coordinates": [ 72.5601871, 23.0012243 ] } },
{ "type": "Feature", "properties": { "osm_id": "node/6971932535", "layer": "hospital", "role": "health_facility", "name": "Ratan Hospital", "beds": null, "source": "OpenStreetMap" }, "geometry": { "type": "Point", "coordinates": [ 72.595249, 23.000933 ] } },
{ "type": "Feature", "properties": { "osm_id": "node/6971932536", "layer": "hospital", "role": "health_facility", "name": "Pooja Hospital, Ahmedabad", "beds": null, "source": "OpenStreetMap" }, "geometry": { "type": "Point", "coordinates": [ 72.6207709, 23.0562136 ] } },
{ "type": "Feature", "properties": { "osm_id": "node/6971932541", "layer": "hospital", "role": "health_facility", "name": "Shilp Orthopaedics And Trauma Centre", "beds": null, "source": "OpenStreetMap" }, "geometry": { "type": "Point", "coordinates": [ 72.6028711, 22.9830966 ] } },
{ "type": "Feature", "properties": { "osm_id": "node/6971932551", "layer": "hospital", "role": "health_facility", "name": "Sardar Hosital", "beds": null, "source": "OpenStreetMap" }, "geometry": { "type": "Point", "coordinates": [ 72.6009165, 22.9990899 ] } },
{ "type": "Feature", "properties": { "osm_id": "node/6971932552", "layer": "hospital", "role": "health_facility", "name": "Clear Vision Eye Hospital (Unit 3)", "beds": null, "source": "OpenStreetMap" }, "geometry": { "type": "Point", "coordinates": [ 72.6048513, 23.0001972 ] } },
{ "type": "Feature", "properties": { "osm_id": "node/6971932554", "layer": "hospital", "role": "health_facility", "name": "Kothari Onco Surgical Hospital", "beds": null, "source": "OpenStreetMap" }, "geometry": { "type": "Point", "coordinates": [ 72.6038629, 22.9961937 ] } },
{ "type": "Feature", "properties": { "osm_id": "node/6971932555", "layer": "hospital", "role": "health_facility", "name": "Nilkanth Hospital", "beds": null, "source": "OpenStreetMap" }, "geometry": { "type": "Point", "coordinates": [ 72.611707, 22.9914752 ] } },
{ "type": "Feature", "properties": { "osm_id": "node/6971932576", "layer": "hospital", "role": "health_facility", "name": "Ansuya General Hospital", "beds": null, "source": "OpenStreetMap" }, "geometry": { "type": "Point", "coordinates": [ 72.6125311, 22.9906258 ] } },
{ "type": "Feature", "properties": { "osm_id": "node/6971932581", "layer": "hospital", "role": "health_facility", "name": "Aastha Hospital, Ahmedabad", "beds": null, "source": "OpenStreetMap" }, "geometry": { "type": "Point", "coordinates": [ 72.6109077, 22.9979479 ] } },
{ "type": "Feature", "properties": { "osm_id": "node/6971973786", "layer": "hospital", "role": "health_facility", "name": "Ahmedabad Medical Centre", "beds": null, "source": "OpenStreetMap" }, "geometry": { "type": "Point", "coordinates": [ 72.6118974, 22.9957122 ] } },
{ "type": "Feature", "properties": { "osm_id": "node/6971973794", "layer": "hospital", "role": "health_facility", "name": "Dr Sunil Shah's Eye Hospital", "beds": null, "source": "OpenStreetMap" }, "geometry": { "type": "Point", "coordinates": [ 72.6037475, 22.9968677 ] } },
{ "type": "Feature", "properties": { "osm_id": "node/6971973795", "layer": "hospital", "role": "health_facility", "name": "Kamal Hospital, Ahmedabad", "beds": null, "source": "OpenStreetMap" }, "geometry": { "type": "Point", "coordinates": [ 72.6119833, 22.9947147 ] } },
{ "type": "Feature", "properties": { "osm_id": "node/6971973800", "layer": "hospital", "role": "health_facility", "name": "Manoramya Children Hospital and Neonatal Centre", "beds": null, "source": "OpenStreetMap" }, "geometry": { "type": "Point", "coordinates": [ 72.6039098, 22.9956326 ] } },
{ "type": "Feature", "properties": { "osm_id": "node/6971973801", "layer": "hospital", "role": "health_facility", "name": "Lavingia Orthopedic Hospital", "beds": null, "source": "OpenStreetMap" }, "geometry": { "type": "Point", "coordinates": [ 72.6059188, 22.9922814 ] } },
{ "type": "Feature", "properties": { "osm_id": "node/6972590201", "layer": "hospital", "role": "health_facility", "name": "Nidhi Eye Hospital, Ahmedabad", "beds": null, "source": "OpenStreetMap" }, "geometry": { "type": "Point", "coordinates": [ 72.5518066, 23.061941 ] } },
{ "type": "Feature", "properties": { "osm_id": "node/6972590220", "layer": "hospital", "role": "health_facility", "name": "Panchal Urology Centre, Ahmedabad", "beds": null, "source": "OpenStreetMap" }, "geometry": { "type": "Point", "coordinates": [ 72.5501624, 23.0437233 ] } },
{ "type": "Feature", "properties": { "osm_id": "node/6972590229", "layer": "hospital", "role": "health_facility", "name": "Hari Urosurgical Hospital and Andrology Centre", "beds": null, "source": "OpenStreetMap" }, "geometry": { "type": "Point", "coordinates": [ 72.5591853, 23.0381253 ] } },
{ "type": "Feature", "properties": { "osm_id": "node/6972590230", "layer": "hospital", "role": "health_facility", "name": "Usha - Deep Hospital and Nursing Home", "beds": null, "source": "OpenStreetMap" }, "geometry": { "type": "Point", "coordinates": [ 72.5598143, 23.0522086 ] } },
{ "type": "Feature", "properties": { "osm_id": "node/6972590235", "layer": "hospital", "role": "health_facility", "name": "Bhavasar Eye Hospital and Maternity Nursing Home", "beds": null, "source": "OpenStreetMap" }, "geometry": { "type": "Point", "coordinates": [ 72.5485202, 23.0086507 ] } },
{ "type": "Feature", "properties": { "osm_id": "node/6972590251", "layer": "hospital", "role": "health_facility", "name": "Devi Hospital", "beds": null, "source": "OpenStreetMap" }, "geometry": { "type": "Point", "coordinates": [ 72.5397232, 23.0559588 ] } },
{ "type": "Feature", "properties": { "osm_id": "node/6972590253", "layer": "hospital", "role": "health_facility", "name": "Kaizen Hospital", "beds": null, "source": "OpenStreetMap" }, "geometry": { "type": "Point", "coordinates": [ 72.5436849, 23.0469757 ] } },
{ "type": "Feature", "properties": { "osm_id": "node/6972590270", "layer": "hospital", "role": "health_facility", "name": "Milan Orthopaedic and Fracture Hospital", "beds": null, "source": "OpenStreetMap" }, "geometry": { "type": "Point", "coordinates": [ 72.5338653, 23.0462186 ] } },
{ "type": "Feature", "properties": { "osm_id": "node/6972590271", "layer": "hospital", "role": "health_facility", "name": "Aroma Womens Hospital", "beds": null, "source": "OpenStreetMap" }, "geometry": { "type": "Point", "coordinates": [ 72.53364, 23.0544607 ] } },
{ "type": "Feature", "properties": { "osm_id": "node/6972590272", "layer": "hospital", "role": "health_facility", "name": "Jain Hospital And Icu, Ahmedabad", "beds": null, "source": "OpenStreetMap" }, "geometry": { "type": "Point", "coordinates": [ 72.533298, 23.0470491 ] } },
{ "type": "Feature", "properties": { "osm_id": "node/6972590273", "layer": "hospital", "role": "health_facility", "name": "Shreekrishna Hospital and Health Care Centre", "beds": null, "source": "OpenStreetMap" }, "geometry": { "type": "Point", "coordinates": [ 72.533251, 23.0583588 ] } },
{ "type": "Feature", "properties": { "osm_id": "node/6972590275", "layer": "hospital", "role": "health_facility", "name": "P.N.Desai Eye Hospital", "beds": null, "source": "OpenStreetMap" }, "geometry": { "type": "Point", "coordinates": [ 72.531753, 23.0497418 ] } },
{ "type": "Feature", "properties": { "osm_id": "node/6972590276", "layer": "hospital", "role": "health_facility", "name": "Jaydeep Hospital, Ahmedabad", "beds": null, "source": "OpenStreetMap" }, "geometry": { "type": "Point", "coordinates": [ 72.5505593, 23.0474249 ] } },
{ "type": "Feature", "properties": { "osm_id": "node/6972590281", "layer": "hospital", "role": "health_facility", "name": "Sharda Eye Hospital Phaco And Laser Centre - Ahmedabad", "beds": null, "source": "OpenStreetMap" }, "geometry": { "type": "Point", "coordinates": [ 72.5338753, 23.0500997 ] } },
{ "type": "Feature", "properties": { "osm_id": "node/6972590282", "layer": "hospital", "role": "health_facility", "name": "Shantnam Eye Care Hospital", "beds": null, "source": "OpenStreetMap" }, "geometry": { "type": "Point", "coordinates": [ 72.5419961, 23.0456349 ] } },
{ "type": "Feature", "properties": { "osm_id": "node/6972590283", "layer": "hospital", "role": "health_facility", "name": "Smruti Fracture Orthopedic Hospital", "beds": null, "source": "OpenStreetMap" }, "geometry": { "type": "Point", "coordinates": [ 72.5345345, 23.0463111 ] } },
{ "type": "Feature", "properties": { "osm_id": "node/6972590284", "layer": "hospital", "role": "health_facility", "name": "Rajvee Ortho Spine and Child Neuro Hospital", "beds": null, "source": "OpenStreetMap" }, "geometry": { "type": "Point", "coordinates": [ 72.5418225, 23.0455787 ] } },
{ "type": "Feature", "properties": { "osm_id": "node/6972593085", "layer": "hospital", "role": "health_facility", "name": "Kidney And Urology Hospital", "beds": null, "source": "OpenStreetMap" }, "geometry": { "type": "Point", "coordinates": [ 72.5334294, 23.0492285 ] } },
{ "type": "Feature", "properties": { "osm_id": "node/6972593091", "layer": "hospital", "role": "health_facility", "name": "Neil Hospital, Ahmedabad", "beds": null, "source": "OpenStreetMap" }, "geometry": { "type": "Point", "coordinates": [ 72.5305755, 23.0529941 ] } },
{ "type": "Feature", "properties": { "osm_id": "node/6972593092", "layer": "hospital", "role": "health_facility", "name": "Surveen Children Hospital And Vaccination Centre", "beds": null, "source": "OpenStreetMap" }, "geometry": { "type": "Point", "coordinates": [ 72.5209102, 23.0553553 ] } },
{ "type": "Feature", "properties": { "osm_id": "node/6972593093", "layer": "hospital", "role": "health_facility", "name": "Avataran Eye Hospital and Oculoplasty Clinic", "beds": null, "source": "OpenStreetMap" }, "geometry": { "type": "Point", "coordinates": [ 72.522199, 23.0371812 ] } },
{ "type": "Feature", "properties": { "osm_id": "node/6972593094", "layer": "hospital", "role": "health_facility", "name": "Akshay Heart and Medical Hospital", "beds": null, "source": "OpenStreetMap" }, "geometry": { "type": "Point", "coordinates": [ 72.5271638, 23.0311411 ] } },
{ "type": "Feature", "properties": { "osm_id": "node/6973933641", "layer": "hospital", "role": "health_facility", "name": "Aalok Hospital, Ahmedabad", "beds": null, "source": "OpenStreetMap" }, "geometry": { "type": "Point", "coordinates": [ 72.5716656, 23.0481314 ] } },
{ "type": "Feature", "properties": { "osm_id": "node/6973933650", "layer": "hospital", "role": "health_facility", "name": "Dr. Manish Ravals Hospital", "beds": null, "source": "OpenStreetMap" }, "geometry": { "type": "Point", "coordinates": [ 72.5720197, 23.0542867 ] } },
{ "type": "Feature", "properties": { "osm_id": "node/6973933651", "layer": "hospital", "role": "health_facility", "name": "Harsh Neurosurgical Hospital", "beds": null, "source": "OpenStreetMap" }, "geometry": { "type": "Point", "coordinates": [ 72.5720304, 23.0541596 ] } },
{ "type": "Feature", "properties": { "osm_id": "node/6973933652", "layer": "hospital", "role": "health_facility", "name": "Bodycare Orthopaedic and Trauma Hospital", "beds": null, "source": "OpenStreetMap" }, "geometry": { "type": "Point", "coordinates": [ 72.5720505, 23.0542275 ] } },
{ "type": "Feature", "properties": { "osm_id": "node/6973933657", "layer": "hospital", "role": "health_facility", "name": "Shalin Eyecare Hospital, Ahmedabad", "beds": null, "source": "OpenStreetMap" }, "geometry": { "type": "Point", "coordinates": [ 72.5622028, 23.0472984 ] } },
{ "type": "Feature", "properties": { "osm_id": "node/6973933658", "layer": "hospital", "role": "health_facility", "name": "Devasya Kidney and Multi speciality Hospital, Ahmedabad", "beds": null, "source": "OpenStreetMap" }, "geometry": { "type": "Point", "coordinates": [ 72.5703634, 23.0575728 ] } },
{ "type": "Feature", "properties": { "osm_id": "node/6973933659", "layer": "hospital", "role": "health_facility", "name": "Manshi Multispeciality Hospital", "beds": null, "source": "OpenStreetMap" }, "geometry": { "type": "Point", "coordinates": [ 72.5621612, 23.0670629 ] } },
{ "type": "Feature", "properties": { "osm_id": "node/6973933665", "layer": "hospital", "role": "health_facility", "name": "Vardan Eye Hospital, Ahmedabad", "beds": null, "source": "OpenStreetMap" }, "geometry": { "type": "Point", "coordinates": [ 72.5590418, 23.0728484 ] } },
{ "type": "Feature", "properties": { "osm_id": "node/6973933666", "layer": "hospital", "role": "health_facility", "name": "Kumud Heart Hospital and Medical Nursing Home, Ahmedabad", "beds": null, "source": "OpenStreetMap" }, "geometry": { "type": "Point", "coordinates": [ 72.5578952, 23.0606194 ] } },
{ "type": "Feature", "properties": { "osm_id": "node/6973933671", "layer": "hospital", "role": "health_facility", "name": "Matruchhaya Children Hospital", "beds": null, "source": "OpenStreetMap" }, "geometry": { "type": "Point", "coordinates": [ 72.5594985, 23.0584236 ] } },
{ "type": "Feature", "properties": { "osm_id": "node/6973933676", "layer": "hospital", "role": "health_facility", "name": "Neo Children Hospital", "beds": null, "source": "OpenStreetMap" }, "geometry": { "type": "Point", "coordinates": [ 72.5500202, 23.0643212 ] } },
{ "type": "Feature", "properties": { "osm_id": "node/6973933681", "layer": "hospital", "role": "health_facility", "name": "Aastha Orthopaedic Hospital, Ahmedabad", "beds": null, "source": "OpenStreetMap" }, "geometry": { "type": "Point", "coordinates": [ 72.4742572, 23.0296366 ] } },
{ "type": "Feature", "properties": { "osm_id": "node/6973933682", "layer": "hospital", "role": "health_facility", "name": "Aarambh Heart and Medical Hospital", "beds": null, "source": "OpenStreetMap" }, "geometry": { "type": "Point", "coordinates": [ 72.5558715, 23.0591455 ] } },
{ "type": "Feature", "properties": { "osm_id": "node/6973949891", "layer": "hospital", "role": "health_facility", "name": "Sanghvi Hospital", "beds": null, "source": "OpenStreetMap" }, "geometry": { "type": "Point", "coordinates": [ 72.5554725, 23.0584884 ] } },
{ "type": "Feature", "properties": { "osm_id": "node/6973949892", "layer": "hospital", "role": "health_facility", "name": "Riddhi Maternity Home", "beds": null, "source": "OpenStreetMap" }, "geometry": { "type": "Point", "coordinates": [ 72.5555255, 23.0584551 ] } },
{ "type": "Feature", "properties": { "osm_id": "node/6973949902", "layer": "hospital", "role": "health_facility", "name": "Lady Care Womens Hospital Child Care", "beds": null, "source": "OpenStreetMap" }, "geometry": { "type": "Point", "coordinates": [ 72.5476894, 23.0538437 ] } },
{ "type": "Feature", "properties": { "osm_id": "node/6973949907", "layer": "hospital", "role": "health_facility", "name": "Ankur Superspeciality Hospital", "beds": null, "source": "OpenStreetMap" }, "geometry": { "type": "Point", "coordinates": [ 72.5562523, 23.0585304 ] } },
{ "type": "Feature", "properties": { "osm_id": "node/6974296173", "layer": "hospital", "role": "health_facility", "name": "Jeel Children Hospital And Neonatal and Vaccination Center", "beds": null, "source": "OpenStreetMap" }, "geometry": { "type": "Point", "coordinates": [ 72.6008186, 23.0549308 ] } },
{ "type": "Feature", "properties": { "osm_id": "node/6974382565", "layer": "hospital", "role": "health_facility", "name": "Divya Jeevan Medical Hospital", "beds": null, "source": "OpenStreetMap" }, "geometry": { "type": "Point", "coordinates": [ 72.6389033, 23.0127168 ] } },
{ "type": "Feature", "properties": { "osm_id": "node/6974487736", "layer": "hospital", "role": "health_facility", "name": "Sanket Children Hospial", "beds": null, "source": "OpenStreetMap" }, "geometry": { "type": "Point", "coordinates": [ 72.5589064, 23.0073805 ] } },
{ "type": "Feature", "properties": { "osm_id": "node/6974503519", "layer": "hospital", "role": "health_facility", "name": "Sivmm Kidney Hospital", "beds": null, "source": "OpenStreetMap" }, "geometry": { "type": "Point", "coordinates": [ 72.5912216, 23.0834799 ] } },
{ "type": "Feature", "properties": { "osm_id": "node/6974509084", "layer": "hospital", "role": "health_facility", "name": "U. N.Mehta Institute Of Cardiology and Research Centre", "beds": null, "source": "OpenStreetMap" }, "geometry": { "type": "Point", "coordinates": [ 72.6013067, 23.0527257 ] } },
{ "type": "Feature", "properties": { "osm_id": "node/6974515481", "layer": "hospital", "role": "health_facility", "name": "Shreeji Neonatal and Child Care", "beds": null, "source": "OpenStreetMap" }, "geometry": { "type": "Point", "coordinates": [ 72.5959396, 23.0544261 ] } },
{ "type": "Feature", "properties": { "osm_id": "node/6974530664", "layer": "hospital", "role": "health_facility", "name": "Sharda Eye Hospital", "beds": null, "source": "OpenStreetMap" }, "geometry": { "type": "Point", "coordinates": [ 72.5920974, 23.0870576 ] } },
{ "type": "Feature", "properties": { "osm_id": "node/6974583170", "layer": "hospital", "role": "health_facility", "name": "Urva Children Hospital and Neonatal Care", "beds": null, "source": "OpenStreetMap" }, "geometry": { "type": "Point", "coordinates": [ 72.5264731, 23.0133822 ] } },
{ "type": "Feature", "properties": { "osm_id": "node/6974588378", "layer": "hospital", "role": "health_facility", "name": "Arthro Care Hospital", "beds": null, "source": "OpenStreetMap" }, "geometry": { "type": "Point", "coordinates": [ 72.5211865, 23.0405047 ] } },
{ "type": "Feature", "properties": { "osm_id": "node/6974599099", "layer": "hospital", "role": "health_facility", "name": "Kheteswar Medical Educational and Research Centre Hospital", "beds": null, "source": "OpenStreetMap" }, "geometry": { "type": "Point", "coordinates": [ 72.5654282, 23.0471775 ] } },
{ "type": "Feature", "properties": { "osm_id": "node/6974747456", "layer": "hospital", "role": "health_facility", "name": "Shail Eye Hospital", "beds": null, "source": "OpenStreetMap" }, "geometry": { "type": "Point", "coordinates": [ 72.5609992, 23.0521364 ] } },
{ "type": "Feature", "properties": { "osm_id": "node/6974764947", "layer": "hospital", "role": "health_facility", "name": "Shah Hospital - Vadaj", "beds": null, "source": "OpenStreetMap" }, "geometry": { "type": "Point", "coordinates": [ 72.5697197, 23.052411 ] } },
{ "type": "Feature", "properties": { "osm_id": "node/6974774960", "layer": "hospital", "role": "health_facility", "name": "Sarthak Orthopaedic Hospital, Parimal Crosssing", "beds": null, "source": "OpenStreetMap" }, "geometry": { "type": "Point", "coordinates": [ 72.5586167, 23.0194415 ] } },
{ "type": "Feature", "properties": { "osm_id": "node/6974791050", "layer": "hospital", "role": "health_facility", "name": "Dhruvi ENT Hospital", "beds": null, "source": "OpenStreetMap" }, "geometry": { "type": "Point", "coordinates": [ 72.5922891, 23.0872193 ] } },
{ "type": "Feature", "properties": { "osm_id": "node/6974835665", "layer": "hospital", "role": "health_facility", "name": "Sarvamangal Women Hospital", "beds": null, "source": "OpenStreetMap" }, "geometry": { "type": "Point", "coordinates": [ 72.5304092, 23.0134142 ] } },
{ "type": "Feature", "properties": { "osm_id": "node/6974862427", "layer": "hospital", "role": "health_facility", "name": "Stavya Spine Hospital and Research Institute", "beds": null, "source": "OpenStreetMap" }, "geometry": { "type": "Point", "coordinates": [ 72.5660652, 23.0259277 ] } },
{ "type": "Feature", "properties": { "osm_id": "node/6974913360", "layer": "hospital", "role": "health_facility", "name": "Kothari Hospital, Ahmedabad", "beds": null, "source": "OpenStreetMap" }, "geometry": { "type": "Point", "coordinates": [ 72.6305442, 23.0855562 ] } },
{ "type": "Feature", "properties": { "osm_id": "node/6974916862", "layer": "hospital", "role": "health_facility", "name": "Gurukrupa Hospital, Ahmedabad", "beds": null, "source": "OpenStreetMap" }, "geometry": { "type": "Point", "coordinates": [ 72.5352037, 23.0604405 ] } },
{ "type": "Feature", "properties": { "osm_id": "node/6974947589", "layer": "hospital", "role": "health_facility", "name": "Laxmi Heart and Medical Hospital", "beds": null, "source": "OpenStreetMap" }, "geometry": { "type": "Point", "coordinates": [ 72.4775523, 23.0283086 ] } },
{ "type": "Feature", "properties": { "osm_id": "node/6974971519", "layer": "hospital", "role": "health_facility", "name": "Navkar Children Hospital, Ahmedabad", "beds": null, "source": "OpenStreetMap" }, "geometry": { "type": "Point", "coordinates": [ 72.5298151, 23.0162743 ] } },
{ "type": "Feature", "properties": { "osm_id": "node/6975015289", "layer": "hospital", "role": "health_facility", "name": "Dr Chirag M Desai Eye Care", "beds": null, "source": "OpenStreetMap" }, "geometry": { "type": "Point", "coordinates": [ 72.5623262, 23.0088754 ] } },
{ "type": "Feature", "properties": { "osm_id": "node/6975089038", "layer": "hospital", "role": "health_facility", "name": "Bopal Multispeciality Hospital", "beds": null, "source": "OpenStreetMap" }, "geometry": { "type": "Point", "coordinates": [ 72.4717694, 23.0315422 ] } },
{ "type": "Feature", "properties": { "osm_id": "node/6975130062", "layer": "hospital", "role": "health_facility", "name": "Mother's Maternity and Nursing Home", "beds": null, "source": "OpenStreetMap" }, "geometry": { "type": "Point", "coordinates": [ 72.549178, 23.0526874 ] } },
{ "type": "Feature", "properties": { "osm_id": "node/6975165923", "layer": "hospital", "role": "health_facility", "name": "Nanavati Maternity Hospital", "beds": null, "source": "OpenStreetMap" }, "geometry": { "type": "Point", "coordinates": [ 72.518924, 23.0034068 ] } },
{ "type": "Feature", "properties": { "osm_id": "node/6975283854", "layer": "hospital", "role": "health_facility", "name": "Vaishali Hospital", "beds": null, "source": "OpenStreetMap" }, "geometry": { "type": "Point", "coordinates": [ 72.4773833, 23.0283536 ] } },
{ "type": "Feature", "properties": { "osm_id": "node/6975489450", "layer": "hospital", "role": "health_facility", "name": "Gujarat Hospital, Ahmedabad", "beds": null, "source": "OpenStreetMap" }, "geometry": { "type": "Point", "coordinates": [ 72.6386267, 23.0045749 ] } },
{ "type": "Feature", "properties": { "osm_id": "node/6975498331", "layer": "hospital", "role": "health_facility", "name": "Aadya Eye and Ent Hospital", "beds": null, "source": "OpenStreetMap" }, "geometry": { "type": "Point", "coordinates": [ 72.6398085, 23.0619138 ] } },
{ "type": "Feature", "properties": { "osm_id": "node/6975510816", "layer": "hospital", "role": "health_facility", "name": "Karnavati Hospital Pvt. Ltd.", "beds": null, "source": "OpenStreetMap" }, "geometry": { "type": "Point", "coordinates": [ 72.5725166, 23.0217016 ] } },
{ "type": "Feature", "properties": { "osm_id": "node/6975593887", "layer": "hospital", "role": "health_facility", "name": "Gayathri Hospital, Ahmedabad", "beds": null, "source": "OpenStreetMap" }, "geometry": { "type": "Point", "coordinates": [ 72.6659513, 23.1018186 ] } },
{ "type": "Feature", "properties": { "osm_id": "node/6975593892", "layer": "hospital", "role": "health_facility", "name": "Dev Hospital, Vasna", "beds": null, "source": "OpenStreetMap" }, "geometry": { "type": "Point", "coordinates": [ 72.5447845, 23.0060128 ] } },
{ "type": "Feature", "properties": { "osm_id": "node/6975608462", "layer": "hospital", "role": "health_facility", "name": "Rukshmani Surgical Hospital", "beds": null, "source": "OpenStreetMap" }, "geometry": { "type": "Point", "coordinates": [ 72.6416056, 23.0518255 ] } },
{ "type": "Feature", "properties": { "osm_id": "node/6975627959", "layer": "hospital", "role": "health_facility", "name": "Sanket Children's Speciality Hospital", "beds": null, "source": "OpenStreetMap" }, "geometry": { "type": "Point", "coordinates": [ 72.6442704, 23.0379081 ] } },
{ "type": "Feature", "properties": { "osm_id": "node/6975629568", "layer": "hospital", "role": "health_facility", "name": "Hariom Multispeciality Hospital", "beds": null, "source": "OpenStreetMap" }, "geometry": { "type": "Point", "coordinates": [ 72.6575299, 22.999875 ] } },
{ "type": "Feature", "properties": { "osm_id": "node/6975631040", "layer": "hospital", "role": "health_facility", "name": "Neelkamal Hospital Pvt Ltd (Pooja Hospital)", "beds": null, "source": "OpenStreetMap" }, "geometry": { "type": "Point", "coordinates": [ 72.5912485, 23.0838969 ] } },
{ "type": "Feature", "properties": { "osm_id": "node/6975633410", "layer": "hospital", "role": "health_facility", "name": "Trupti Hospital, Saijpur", "beds": null, "source": "OpenStreetMap" }, "geometry": { "type": "Point", "coordinates": [ 72.6422949, 23.0638912 ] } },
{ "type": "Feature", "properties": { "osm_id": "node/6975641054", "layer": "hospital", "role": "health_facility", "name": "Deep Urosurgical Hospital", "beds": null, "source": "OpenStreetMap" }, "geometry": { "type": "Point", "coordinates": [ 72.5623074, 23.0454856 ] } },
{ "type": "Feature", "properties": { "osm_id": "node/6975643587", "layer": "hospital", "role": "health_facility", "name": "Sannidhya Eye Hospital", "beds": null, "source": "OpenStreetMap" }, "geometry": { "type": "Point", "coordinates": [ 72.5557816, 23.0060905 ] } },
{ "type": "Feature", "properties": { "osm_id": "node/6975657008", "layer": "hospital", "role": "health_facility", "name": "Karnavati Super Speciality Hospital", "beds": null, "source": "OpenStreetMap" }, "geometry": { "type": "Point", "coordinates": [ 72.6398112, 23.0604664 ] } },
{ "type": "Feature", "properties": { "osm_id": "node/6975659494", "layer": "hospital", "role": "health_facility", "name": "Shyamal Orthopaedic Hospital", "beds": null, "source": "OpenStreetMap" }, "geometry": { "type": "Point", "coordinates": [ 72.5263832, 23.0133562 ] } },
{ "type": "Feature", "properties": { "osm_id": "node/6975679362", "layer": "hospital", "role": "health_facility", "name": "Sanskar Heart Care And Medical Hospital", "beds": null, "source": "OpenStreetMap" }, "geometry": { "type": "Point", "coordinates": [ 72.5891134, 23.0981234 ] } },
{ "type": "Feature", "properties": { "osm_id": "node/6975686200", "layer": "hospital", "role": "health_facility", "name": "Vadaj Orthopaedic Hospital", "beds": null, "source": "OpenStreetMap" }, "geometry": { "type": "Point", "coordinates": [ 72.5692952, 23.0576184 ] } },
{ "type": "Feature", "properties": { "osm_id": "node/6975737976", "layer": "hospital", "role": "health_facility", "name": "Sahjanand Eye Care Hospital", "beds": null, "source": "OpenStreetMap" }, "geometry": { "type": "Point", "coordinates": [ 72.5532469, 23.0403424 ] } },
{ "type": "Feature", "properties": { "osm_id": "node/6975737981", "layer": "hospital", "role": "health_facility", "name": "Maniar Hospital", "beds": null, "source": "OpenStreetMap" }, "geometry": { "type": "Point", "coordinates": [ 72.5553042, 23.0328949 ] } },
{ "type": "Feature", "properties": { "osm_id": "node/6975823750", "layer": "hospital", "role": "health_facility", "name": "Manish Eye Hospital - Ahmedabad", "beds": null, "source": "OpenStreetMap" }, "geometry": { "type": "Point", "coordinates": [ 72.5505567, 23.0021131 ] } },
{ "type": "Feature", "properties": { "osm_id": "node/6975823755", "layer": "hospital", "role": "health_facility", "name": "Parvati Jadav Hospital", "beds": null, "source": "OpenStreetMap" }, "geometry": { "type": "Point", "coordinates": [ 72.6544695, 23.0763407 ] } },
{ "type": "Feature", "properties": { "osm_id": "node/6975839535", "layer": "hospital", "role": "health_facility", "name": "Matru Hospital, Ahmedabad", "beds": null, "source": "OpenStreetMap" }, "geometry": { "type": "Point", "coordinates": [ 72.622926, 23.0302148 ] } },
{ "type": "Feature", "properties": { "osm_id": "node/6975842889", "layer": "hospital", "role": "health_facility", "name": "Matoshree Hospital, Ahmedabad", "beds": null, "source": "OpenStreetMap" }, "geometry": { "type": "Point", "coordinates": [ 72.546536, 23.0006799 ] } },
{ "type": "Feature", "properties": { "osm_id": "node/6975854570", "layer": "hospital", "role": "health_facility", "name": "Aashwi E.N.T.Hospital", "beds": null, "source": "OpenStreetMap" }, "geometry": { "type": "Point", "coordinates": [ 72.5290078, 23.0371183 ] } },
{ "type": "Feature", "properties": { "osm_id": "node/6975854571", "layer": "hospital", "role": "health_facility", "name": "Pushpa Children Hospital and Neonatal Care", "beds": null, "source": "OpenStreetMap" }, "geometry": { "type": "Point", "coordinates": [ 72.5980747, 23.1067781 ] } },
{ "type": "Feature", "properties": { "osm_id": "node/6975865066", "layer": "hospital", "role": "health_facility", "name": "Aarogyam Speciality Hospital", "beds": null, "source": "OpenStreetMap" }, "geometry": { "type": "Point", "coordinates": [ 72.5556147, 23.0469542 ] } },
{ "type": "Feature", "properties": { "osm_id": "node/6975865077", "layer": "hospital", "role": "health_facility", "name": "Trisha Trauma Centre and Icu", "beds": null, "source": "OpenStreetMap" }, "geometry": { "type": "Point", "coordinates": [ 72.5591303, 23.0713999 ] } },
{ "type": "Feature", "properties": { "osm_id": "node/6975865082", "layer": "hospital", "role": "health_facility", "name": "Shreejee Hospital", "beds": null, "source": "OpenStreetMap" }, "geometry": { "type": "Point", "coordinates": [ 72.6195304, 22.979135 ] } },
{ "type": "Feature", "properties": { "osm_id": "node/6975868087", "layer": "hospital", "role": "health_facility", "name": "Sanjivani Maternity", "beds": null, "source": "OpenStreetMap" }, "geometry": { "type": "Point", "coordinates": [ 72.5245995, 23.0130681 ] } },
{ "type": "Feature", "properties": { "osm_id": "node/6975868149", "layer": "hospital", "role": "health_facility", "name": "Dr. Devendra Kanaiyalal Hospital and Nursing Home", "beds": null, "source": "OpenStreetMap" }, "geometry": { "type": "Point", "coordinates": [ 72.5681533, 23.0162681 ] } },
{ "type": "Feature", "properties": { "osm_id": "node/6975868154", "layer": "hospital", "role": "health_facility", "name": "Harsiddh Hospital", "beds": null, "source": "OpenStreetMap" }, "geometry": { "type": "Point", "coordinates": [ 72.5740326, 23.079662 ] } },
{ "type": "Feature", "properties": { "osm_id": "node/6975868159", "layer": "hospital", "role": "health_facility", "name": "Gheewala Hospital", "beds": null, "source": "OpenStreetMap" }, "geometry": { "type": "Point", "coordinates": [ 72.5638162, 23.0152127 ] } },
{ "type": "Feature", "properties": { "osm_id": "node/6975868164", "layer": "hospital", "role": "health_facility", "name": "Rushabh Uro Hospital", "beds": null, "source": "OpenStreetMap" }, "geometry": { "type": "Point", "coordinates": [ 72.533758, 23.046184 ] } },
{ "type": "Feature", "properties": { "osm_id": "node/6975868185", "layer": "hospital", "role": "health_facility", "name": "Vallabh Surgical Hospital", "beds": null, "source": "OpenStreetMap" }, "geometry": { "type": "Point", "coordinates": [ 72.5360284, 23.0594844 ] } },
{ "type": "Feature", "properties": { "osm_id": "node/6975868232", "layer": "hospital", "role": "health_facility", "name": "Dr. Shurti Ent Hospital", "beds": null, "source": "OpenStreetMap" }, "geometry": { "type": "Point", "coordinates": [ 72.6097913, 22.9980056 ] } },
{ "type": "Feature", "properties": { "osm_id": "node/6975868242", "layer": "hospital", "role": "health_facility", "name": "Babycare Children Hospital and Neonatal Centre", "beds": null, "source": "OpenStreetMap" }, "geometry": { "type": "Point", "coordinates": [ 72.6291548, 22.9933987 ] } },
{ "type": "Feature", "properties": { "osm_id": "node/6975896997", "layer": "hospital", "role": "health_facility", "name": "Venkaria Ortho Hospital", "beds": null, "source": "OpenStreetMap" }, "geometry": { "type": "Point", "coordinates": [ 72.6309961, 23.0388744 ] } },
{ "type": "Feature", "properties": { "osm_id": "node/6976062877", "layer": "hospital", "role": "health_facility", "name": "Diva Eye Institute Hospital", "beds": null, "source": "OpenStreetMap" }, "geometry": { "type": "Point", "coordinates": [ 72.5568886, 23.0182599 ] } },
{ "type": "Feature", "properties": { "osm_id": "node/6976100898", "layer": "hospital", "role": "health_facility", "name": "Khush Eye Hospital", "beds": null, "source": "OpenStreetMap" }, "geometry": { "type": "Point", "coordinates": [ 72.5584531, 23.0186294 ] } },
{ "type": "Feature", "properties": { "osm_id": "node/6976102868", "layer": "hospital", "role": "health_facility", "name": "Sangini Hospital", "beds": null, "source": "OpenStreetMap" }, "geometry": { "type": "Point", "coordinates": [ 72.5233135, 23.0250378 ] } },
{ "type": "Feature", "properties": { "osm_id": "node/6976113859", "layer": "hospital", "role": "health_facility", "name": "Aneri Children Hospital", "beds": null, "source": "OpenStreetMap" }, "geometry": { "type": "Point", "coordinates": [ 72.5431028, 23.0694294 ] } },
{ "type": "Feature", "properties": { "osm_id": "node/6976113864", "layer": "hospital", "role": "health_facility", "name": "Divya Jyot Eye Hospital", "beds": null, "source": "OpenStreetMap" }, "geometry": { "type": "Point", "coordinates": [ 72.5911814, 23.0838463 ] } },
{ "type": "Feature", "properties": { "osm_id": "node/6976113865", "layer": "hospital", "role": "health_facility", "name": "Eye Care Hospital Pvt. Ltd.", "beds": null, "source": "OpenStreetMap" }, "geometry": { "type": "Point", "coordinates": [ 72.5498479, 23.0241454 ] } },
{ "type": "Feature", "properties": { "osm_id": "node/6976120285", "layer": "hospital", "role": "health_facility", "name": "Raj Ent Hospital", "beds": null, "source": "OpenStreetMap" }, "geometry": { "type": "Point", "coordinates": [ 72.5640978, 23.0519939 ] } },
{ "type": "Feature", "properties": { "osm_id": "node/6976120295", "layer": "hospital", "role": "health_facility", "name": "Valu Hospital", "beds": null, "source": "OpenStreetMap" }, "geometry": { "type": "Point", "coordinates": [ 72.5616597, 23.0461976 ] } },
{ "type": "Feature", "properties": { "osm_id": "node/6976136403", "layer": "hospital", "role": "health_facility", "name": "Satyamev Hospital", "beds": null, "source": "OpenStreetMap" }, "geometry": { "type": "Point", "coordinates": [ 72.5815442, 23.1204422 ] } },
{ "type": "Feature", "properties": { "osm_id": "node/6976136409", "layer": "hospital", "role": "health_facility", "name": "Polio Foundation", "beds": null, "source": "OpenStreetMap" }, "geometry": { "type": "Point", "coordinates": [ 72.5374903, 23.0047117 ] } },
{ "type": "Feature", "properties": { "osm_id": "node/6976136430", "layer": "hospital", "role": "health_facility", "name": "Archit Orthopaedic Hospital", "beds": null, "source": "OpenStreetMap" }, "geometry": { "type": "Point", "coordinates": [ 72.5567982, 23.0070978 ] } },
{ "type": "Feature", "properties": { "osm_id": "node/6976489668", "layer": "hospital", "role": "health_facility", "name": "Saraswati Eye Hospital, Ahmedabad", "beds": null, "source": "OpenStreetMap" }, "geometry": { "type": "Point", "coordinates": [ 72.6422057, 23.063798 ] } },
{ "type": "Feature", "properties": { "osm_id": "node/6976489889", "layer": "hospital", "role": "health_facility", "name": "Bavishi Eye Hospital, Ahmedabad", "beds": null, "source": "OpenStreetMap" }, "geometry": { "type": "Point", "coordinates": [ 72.5413272, 23.0218028 ] } },
{ "type": "Feature", "properties": { "osm_id": "node/6976523987", "layer": "hospital", "role": "health_facility", "name": "Shreedhar Hospital, Ahmedabad", "beds": null, "source": "OpenStreetMap" }, "geometry": { "type": "Point", "coordinates": [ 72.6591285, 23.000075 ] } },
{ "type": "Feature", "properties": { "osm_id": "node/6977128103", "layer": "hospital", "role": "health_facility", "name": "Aash Arthoscopy Centre", "beds": null, "source": "OpenStreetMap" }, "geometry": { "type": "Point", "coordinates": [ 72.560572, 23.0176604 ] } },
{ "type": "Feature", "properties": { "osm_id": "node/6977128122", "layer": "hospital", "role": "health_facility", "name": "Ashirwad Surgical Hospital, C.T.M", "beds": null, "source": "OpenStreetMap" }, "geometry": { "type": "Point", "coordinates": [ 72.6359045, 22.9997985 ] } },
{ "type": "Feature", "properties": { "osm_id": "node/6977128145", "layer": "hospital", "role": "health_facility", "name": "Sushri Jasumatiben Shantilal Surti Charitable General Hospital", "beds": null, "source": "OpenStreetMap" }, "geometry": { "type": "Point", "coordinates": [ 72.5319609, 23.0256722 ] } },
{ "type": "Feature", "properties": { "osm_id": "node/6977175156", "layer": "hospital", "role": "health_facility", "name": "Dr. Shailesh Shah Surgical Hospital and End. Clinic", "beds": null, "source": "OpenStreetMap" }, "geometry": { "type": "Point", "coordinates": [ 72.5988331, 23.0095864 ] } },
{ "type": "Feature", "properties": { "osm_id": "node/6977209293", "layer": "hospital", "role": "health_facility", "name": "Vrundavan Hospital, Ahmedabad", "beds": null, "source": "OpenStreetMap" }, "geometry": { "type": "Point", "coordinates": [ 72.5582439, 23.0471713 ] } },
{ "type": "Feature", "properties": { "osm_id": "node/6977547385", "layer": "hospital", "role": "health_facility", "name": "Arihant Heart And Medical Hospital", "beds": null, "source": "OpenStreetMap" }, "geometry": { "type": "Point", "coordinates": [ 72.5956231, 23.0538573 ] } },
{ "type": "Feature", "properties": { "osm_id": "node/6977560828", "layer": "hospital", "role": "health_facility", "name": "Shaurya Hospital, Ahmedabad", "beds": null, "source": "OpenStreetMap" }, "geometry": { "type": "Point", "coordinates": [ 72.5626293, 23.0109689 ] } },
{ "type": "Feature", "properties": { "osm_id": "node/6977562492", "layer": "hospital", "role": "health_facility", "name": "Sparsh Netralaya", "beds": null, "source": "OpenStreetMap" }, "geometry": { "type": "Point", "coordinates": [ 72.595426, 23.0539511 ] } },
{ "type": "Feature", "properties": { "osm_id": "node/6977562756", "layer": "hospital", "role": "health_facility", "name": "Parth Eye Hospital, Ahmedabad", "beds": null, "source": "OpenStreetMap" }, "geometry": { "type": "Point", "coordinates": [ 72.5901327, 23.0048092 ] } },
{ "type": "Feature", "properties": { "osm_id": "node/6977588678", "layer": "hospital", "role": "health_facility", "name": "Swastik Hospital, Ahmedabad", "beds": null, "source": "OpenStreetMap" }, "geometry": { "type": "Point", "coordinates": [ 72.67597, 23.0395285 ] } },
{ "type": "Feature", "properties": { "osm_id": "node/6977637653", "layer": "hospital", "role": "health_facility", "name": "Navkar Hospital", "beds": null, "source": "OpenStreetMap" }, "geometry": { "type": "Point", "coordinates": [ 72.5457716, 23.0129094 ] } },
{ "type": "Feature", "properties": { "osm_id": "node/6977866283", "layer": "hospital", "role": "health_facility", "name": "Pushpam Hospital, Ahmedabad", "beds": null, "source": "OpenStreetMap" }, "geometry": { "type": "Point", "coordinates": [ 72.5697277, 23.1029936 ] } },
{ "type": "Feature", "properties": { "osm_id": "node/6977867216", "layer": "hospital", "role": "health_facility", "name": "Swari Ent Hospital, Ahmedabad", "beds": null, "source": "OpenStreetMap" }, "geometry": { "type": "Point", "coordinates": [ 72.583823, 23.0668688 ] } },
{ "type": "Feature", "properties": { "osm_id": "node/6977883522", "layer": "hospital", "role": "health_facility", "name": "Krishna Shalby Hospital", "beds": null, "source": "OpenStreetMap" }, "geometry": { "type": "Point", "coordinates": [ 72.4414712, 23.0239294 ] } },
{ "type": "Feature", "properties": { "osm_id": "node/6977886470", "layer": "hospital", "role": "health_facility", "name": "Sagar Hospital, Ahmedabad", "beds": null, "source": "OpenStreetMap" }, "geometry": { "type": "Point", "coordinates": [ 72.5335769, 23.0063905 ] } },
{ "type": "Feature", "properties": { "osm_id": "node/6977886679", "layer": "hospital", "role": "health_facility", "name": "Chhabra Eye Hospital", "beds": null, "source": "OpenStreetMap" }, "geometry": { "type": "Point", "coordinates": [ 72.5268432, 23.0259215 ] } },
{ "type": "Feature", "properties": { "osm_id": "node/6977959988", "layer": "hospital", "role": "health_facility", "name": "Vatsalya Children Hospital, Ahmedabad", "beds": null, "source": "OpenStreetMap" }, "geometry": { "type": "Point", "coordinates": [ 72.5337875, 23.0482795 ] } },
{ "type": "Feature", "properties": { "osm_id": "node/6977983456", "layer": "hospital", "role": "health_facility", "name": "Aastha Eye Hospital", "beds": null, "source": "OpenStreetMap" }, "geometry": { "type": "Point", "coordinates": [ 72.5275755, 23.0255723 ] } },
{ "type": "Feature", "properties": { "osm_id": "node/6977984314", "layer": "hospital", "role": "health_facility", "name": "Gmers Medical College Hospital", "beds": null, "source": "OpenStreetMap" }, "geometry": { "type": "Point", "coordinates": [ 72.524609, 23.0827619 ] } },
{ "type": "Feature", "properties": { "osm_id": "node/6978013050", "layer": "hospital", "role": "health_facility", "name": "Super Surgical Hospital, Ahmedabad", "beds": null, "source": "OpenStreetMap" }, "geometry": { "type": "Point", "coordinates": [ 72.5594562, 23.0354102 ] } },
{ "type": "Feature", "properties": { "osm_id": "node/6978023117", "layer": "hospital", "role": "health_facility", "name": "Krishna Hospital and ICCU", "beds": null, "source": "OpenStreetMap" }, "geometry": { "type": "Point", "coordinates": [ 72.5631899, 23.0672085 ] } },
{ "type": "Feature", "properties": { "osm_id": "node/6978283068", "layer": "hospital", "role": "health_facility", "name": "Satellite Orthopaedic Hospital And Research Centre Pvt Ltd", "beds": null, "source": "OpenStreetMap" }, "geometry": { "type": "Point", "coordinates": [ 72.5253627, 23.0137315 ] } },
{ "type": "Feature", "properties": { "osm_id": "node/6978371845", "layer": "hospital", "role": "health_facility", "name": "Chirayu Orthopaedic and Spine Hospital", "beds": null, "source": "OpenStreetMap" }, "geometry": { "type": "Point", "coordinates": [ 72.5658171, 23.0070435 ] } },
{ "type": "Feature", "properties": { "osm_id": "node/6978383380", "layer": "hospital", "role": "health_facility", "name": "Adwait Ent Hospital", "beds": null, "source": "OpenStreetMap" }, "geometry": { "type": "Point", "coordinates": [ 72.5777945, 23.0400753 ] } },
{ "type": "Feature", "properties": { "osm_id": "node/6978384976", "layer": "hospital", "role": "health_facility", "name": "Long Life Hospital, Ahmedabad", "beds": null, "source": "OpenStreetMap" }, "geometry": { "type": "Point", "coordinates": [ 72.5637853, 23.013039 ] } },
{ "type": "Feature", "properties": { "osm_id": "node/6978398222", "layer": "hospital", "role": "health_facility", "name": "Mamta Children Hospital, Ahmedabad", "beds": null, "source": "OpenStreetMap" }, "geometry": { "type": "Point", "coordinates": [ 72.5313695, 23.0239912 ] } },
{ "type": "Feature", "properties": { "osm_id": "node/6978561277", "layer": "hospital", "role": "health_facility", "name": "Shantilal Parikh Hospital and Check Up Clinic", "beds": null, "source": "OpenStreetMap" }, "geometry": { "type": "Point", "coordinates": [ 72.57069, 23.0373342 ] } },
{ "type": "Feature", "properties": { "osm_id": "node/6978571652", "layer": "hospital", "role": "health_facility", "name": "Dr.Anil V.Patel Eye Hospital", "beds": null, "source": "OpenStreetMap" }, "geometry": { "type": "Point", "coordinates": [ 72.566613, 23.0671493 ] } },
{ "type": "Feature", "properties": { "osm_id": "node/6978571769", "layer": "hospital", "role": "health_facility", "name": "Sharda Clinic and Hospital", "beds": null, "source": "OpenStreetMap" }, "geometry": { "type": "Point", "coordinates": [ 72.6049981, 23.0442336 ] } },
{ "type": "Feature", "properties": { "osm_id": "node/6978625512", "layer": "hospital", "role": "health_facility", "name": "Dr.Joshi Maternity And Gynec Hospital", "beds": null, "source": "OpenStreetMap" }, "geometry": { "type": "Point", "coordinates": [ 72.5606538, 23.0188639 ] } },
{ "type": "Feature", "properties": { "osm_id": "node/6978633948", "layer": "hospital", "role": "health_facility", "name": "Dr.Nagoris Institute Hospital", "beds": null, "source": "OpenStreetMap" }, "geometry": { "type": "Point", "coordinates": [ 72.5260802, 23.0263782 ] } },
{ "type": "Feature", "properties": { "osm_id": "node/6978658096", "layer": "hospital", "role": "health_facility", "name": "Dr.Soneji Hospital", "beds": null, "source": "OpenStreetMap" }, "geometry": { "type": "Point", "coordinates": [ 72.5917406, 23.0017415 ] } },
{ "type": "Feature", "properties": { "osm_id": "node/6978692867", "layer": "hospital", "role": "health_facility", "name": "Eye Research Centre And Retina Foundation", "beds": null, "source": "OpenStreetMap" }, "geometry": { "type": "Point", "coordinates": [ 72.5907777, 23.0557144 ] } },
{ "type": "Feature", "properties": { "osm_id": "node/6978708394", "layer": "hospital", "role": "health_facility", "name": "Dr. Manoj Tank E.N.T. Hospital", "beds": null, "source": "OpenStreetMap" }, "geometry": { "type": "Point", "coordinates": [ 72.5719513, 23.0232494 ] } },
{ "type": "Feature", "properties": { "osm_id": "node/6978708767", "layer": "hospital", "role": "health_facility", "name": "Prasad Hospital, Ahmedabad", "beds": null, "source": "OpenStreetMap" }, "geometry": { "type": "Point", "coordinates": [ 72.6573488, 23.0496493 ] } },
{ "type": "Feature", "properties": { "osm_id": "node/6978775436", "layer": "hospital", "role": "health_facility", "name": "Rangam Multispeciality Hospital", "beds": null, "source": "OpenStreetMap" }, "geometry": { "type": "Point", "coordinates": [ 72.6450951, 23.0099185 ] } },
{ "type": "Feature", "properties": { "osm_id": "node/6978935663", "layer": "hospital", "role": "health_facility", "name": "Astha Orthopedic and Spine Hospital", "beds": null, "source": "OpenStreetMap" }, "geometry": { "type": "Point", "coordinates": [ 72.5629491, 23.0662892 ] } },
{ "type": "Feature", "properties": { "osm_id": "node/6978978091", "layer": "hospital", "role": "health_facility", "name": "Amrut Arogyadham Medical Hospital", "beds": null, "source": "OpenStreetMap" }, "geometry": { "type": "Point", "coordinates": [ 72.5849734, 23.1105464 ] } },
{ "type": "Feature", "properties": { "osm_id": "node/6978978566", "layer": "hospital", "role": "health_facility", "name": "Rushabh Medi-Surge Hospital Pvt Ltd", "beds": null, "source": "OpenStreetMap" }, "geometry": { "type": "Point", "coordinates": [ 72.5178203, 23.0125983 ] } },
{ "type": "Feature", "properties": { "osm_id": "node/6978995190", "layer": "hospital", "role": "health_facility", "name": "Jay Orthopaedic Hospital", "beds": null, "source": "OpenStreetMap" }, "geometry": { "type": "Point", "coordinates": [ 72.6002379, 23.0520957 ] } },
{ "type": "Feature", "properties": { "osm_id": "node/6978995195", "layer": "hospital", "role": "health_facility", "name": "Pramukh Neurosurgical Hosptial", "beds": null, "source": "OpenStreetMap" }, "geometry": { "type": "Point", "coordinates": [ 72.5621706, 23.0411786 ] } },
{ "type": "Feature", "properties": { "osm_id": "node/6979071770", "layer": "hospital", "role": "health_facility", "name": "Trupti Heart and Medical Hospital, Ahmedabad", "beds": null, "source": "OpenStreetMap" }, "geometry": { "type": "Point", "coordinates": [ 72.5905082, 23.0042895 ] } },
{ "type": "Feature", "properties": { "osm_id": "node/6979129057", "layer": "hospital", "role": "health_facility", "name": "Aash Surgical Hospital", "beds": null, "source": "OpenStreetMap" }, "geometry": { "type": "Point", "coordinates": [ 72.5624844, 23.0472453 ] } },
{ "type": "Feature", "properties": { "osm_id": "node/6979134750", "layer": "hospital", "role": "health_facility", "name": "Kanchi Orthopaedic Hospital", "beds": null, "source": "OpenStreetMap" }, "geometry": { "type": "Point", "coordinates": [ 72.5465682, 23.010948 ] } },
{ "type": "Feature", "properties": { "osm_id": "node/6979173508", "layer": "hospital", "role": "health_facility", "name": "Kanoria Hospital And Research Centre, Gandhinagar", "beds": null, "source": "OpenStreetMap" }, "geometry": { "type": "Point", "coordinates": [ 72.6285593, 23.0993792 ] } },
{ "type": "Feature", "properties": { "osm_id": "node/6979198636", "layer": "hospital", "role": "health_facility", "name": "Shree Mahavir Mutlispeciality Hospital and Icu", "beds": null, "source": "OpenStreetMap" }, "geometry": { "type": "Point", "coordinates": [ 72.5355001, 23.0603035 ] } },
{ "type": "Feature", "properties": { "osm_id": "node/6979224512", "layer": "hospital", "role": "health_facility", "name": "Jainee Surgical Hospital", "beds": null, "source": "OpenStreetMap" }, "geometry": { "type": "Point", "coordinates": [ 72.5666606, 23.0803277 ] } },
{ "type": "Feature", "properties": { "osm_id": "node/6979298469", "layer": "hospital", "role": "health_facility", "name": "Shri Rang Hospitaland Research Centre", "beds": null, "source": "OpenStreetMap" }, "geometry": { "type": "Point", "coordinates": [ 72.5390634, 23.0767892 ] } },
{ "type": "Feature", "properties": { "osm_id": "node/6979320336", "layer": "hospital", "role": "health_facility", "name": "Brain and Spine Hospital", "beds": null, "source": "OpenStreetMap" }, "geometry": { "type": "Point", "coordinates": [ 72.5659271, 23.0402678 ] } },
{ "type": "Feature", "properties": { "osm_id": "node/6979326720", "layer": "hospital", "role": "health_facility", "name": "Bodyline Hospitals", "beds": null, "source": "OpenStreetMap" }, "geometry": { "type": "Point", "coordinates": [ 72.5545666, 23.0099407 ] } },
{ "type": "Feature", "properties": { "osm_id": "node/6979370261", "layer": "hospital", "role": "health_facility", "name": "Siddhi Hospital, Ahmedabad", "beds": null, "source": "OpenStreetMap" }, "geometry": { "type": "Point", "coordinates": [ 72.6429212, 23.0672116 ] } },
{ "type": "Feature", "properties": { "osm_id": "node/6979376698", "layer": "hospital", "role": "health_facility", "name": "Om Children Hospital", "beds": null, "source": "OpenStreetMap" }, "geometry": { "type": "Point", "coordinates": [ 72.5306962, 23.0620742 ] } },
{ "type": "Feature", "properties": { "osm_id": "node/6979376705", "layer": "hospital", "role": "health_facility", "name": "Samkit Hospital Icu and Iccu", "beds": null, "source": "OpenStreetMap" }, "geometry": { "type": "Point", "coordinates": [ 72.532901, 23.0057153 ] } },
{ "type": "Feature", "properties": { "osm_id": "node/6979376757", "layer": "hospital", "role": "health_facility", "name": "Vrundavan Children Hospital", "beds": null, "source": "OpenStreetMap" }, "geometry": { "type": "Point", "coordinates": [ 72.5667264, 23.0169692 ] } },
{ "type": "Feature", "properties": { "osm_id": "node/6979376762", "layer": "hospital", "role": "health_facility", "name": "Netra Raksha Hospital, Thakkarbapa Nagar", "beds": null, "source": "OpenStreetMap" }, "geometry": { "type": "Point", "coordinates": [ 72.6383065, 23.0392262 ] } },
{ "type": "Feature", "properties": { "osm_id": "node/6979376763", "layer": "hospital", "role": "health_facility", "name": "Shivam Heart and Medical Hospital", "beds": null, "source": "OpenStreetMap" }, "geometry": { "type": "Point", "coordinates": [ 72.634133, 23.0567152 ] } },
{ "type": "Feature", "properties": { "osm_id": "node/6979404752", "layer": "hospital", "role": "health_facility", "name": "Shashwat Hospital and Research Center, Ahmedabad", "beds": null, "source": "OpenStreetMap" }, "geometry": { "type": "Point", "coordinates": [ 72.5332966, 23.0583008 ] } },
{ "type": "Feature", "properties": { "osm_id": "node/6979483953", "layer": "hospital", "role": "health_facility", "name": "Aditya Hospital, Ahmedabad", "beds": null, "source": "OpenStreetMap" }, "geometry": { "type": "Point", "coordinates": [ 72.5520748, 23.0043253 ] } },
{ "type": "Feature", "properties": { "osm_id": "node/6979514449", "layer": "hospital", "role": "health_facility", "name": "Krupanidhi Hospital", "beds": null, "source": "OpenStreetMap" }, "geometry": { "type": "Point", "coordinates": [ 72.5638765, 23.0152967 ] } },
{ "type": "Feature", "properties": { "osm_id": "node/6979534905", "layer": "hospital", "role": "health_facility", "name": "Aditya Eye Hospital, Ahmedabad", "beds": null, "source": "OpenStreetMap" }, "geometry": { "type": "Point", "coordinates": [ 72.5348282, 23.0499602 ] } },
{ "type": "Feature", "properties": { "osm_id": "node/6979537048", "layer": "hospital", "role": "health_facility", "name": "Joitiba General Hospital, Ahmedabad", "beds": null, "source": "OpenStreetMap" }, "geometry": { "type": "Point", "coordinates": [ 72.611884, 22.978619 ] } },
{ "type": "Feature", "properties": { "osm_id": "node/6979632808", "layer": "hospital", "role": "health_facility", "name": "Anoop Children Hospital", "beds": null, "source": "OpenStreetMap" }, "geometry": { "type": "Point", "coordinates": [ 72.6321253, 22.9926876 ] } },
{ "type": "Feature", "properties": { "osm_id": "node/6979632818", "layer": "hospital", "role": "health_facility", "name": "Aayush Surgical Hospital", "beds": null, "source": "OpenStreetMap" }, "geometry": { "type": "Point", "coordinates": [ 72.5337466, 23.0462322 ] } },
{ "type": "Feature", "properties": { "osm_id": "node/6979632882", "layer": "hospital", "role": "health_facility", "name": "J J Hospital, Ahmedabad", "beds": null, "source": "OpenStreetMap" }, "geometry": { "type": "Point", "coordinates": [ 72.5368439, 23.0731297 ] } },
{ "type": "Feature", "properties": { "osm_id": "node/6979632888", "layer": "hospital", "role": "health_facility", "name": "Dr. Rajiv Thakores Hospital", "beds": null, "source": "OpenStreetMap" }, "geometry": { "type": "Point", "coordinates": [ 72.5539094, 23.0176617 ] } },
{ "type": "Feature", "properties": { "osm_id": "node/6979940473", "layer": "hospital", "role": "health_facility", "name": "Chikhalkar Hospital and Iccu", "beds": null, "source": "OpenStreetMap" }, "geometry": { "type": "Point", "coordinates": [ 72.5493899, 23.0561654 ] } },
{ "type": "Feature", "properties": { "osm_id": "node/6979940478", "layer": "hospital", "role": "health_facility", "name": "The Holistic Medical Centre Ayulink Ayurveda Hospital", "beds": null, "source": "OpenStreetMap" }, "geometry": { "type": "Point", "coordinates": [ 72.5595984, 23.0379772 ] } },
{ "type": "Feature", "properties": { "osm_id": "node/6979967498", "layer": "hospital", "role": "health_facility", "name": "Aniket Ent Hospital", "beds": null, "source": "OpenStreetMap" }, "geometry": { "type": "Point", "coordinates": [ 72.632124, 22.9926333 ] } },
{ "type": "Feature", "properties": { "osm_id": "node/6980252878", "layer": "hospital", "role": "health_facility", "name": "Amruta Hospital and Heart Centre", "beds": null, "source": "OpenStreetMap" }, "geometry": { "type": "Point", "coordinates": [ 72.5896941, 23.082678 ] } },
{ "type": "Feature", "properties": { "osm_id": "node/6980252896", "layer": "hospital", "role": "health_facility", "name": "Hari Krishna Uro Surgical Hospital", "beds": null, "source": "OpenStreetMap" }, "geometry": { "type": "Point", "coordinates": [ 72.6439887, 23.0381006 ] } },
{ "type": "Feature", "properties": { "osm_id": "node/6980252908", "layer": "hospital", "role": "health_facility", "name": "Aditya Multi-Speciality Hospital", "beds": null, "source": "OpenStreetMap" }, "geometry": { "type": "Point", "coordinates": [ 72.5315224, 23.0632822 ] } },
{ "type": "Feature", "properties": { "osm_id": "node/6980792037", "layer": "hospital", "role": "health_facility", "name": "Vatsalya Neonatal and Children Hospital", "beds": null, "source": "OpenStreetMap" }, "geometry": { "type": "Point", "coordinates": [ 72.6388442, 23.0208659 ] } },
{ "type": "Feature", "properties": { "osm_id": "node/6980840228", "layer": "hospital", "role": "health_facility", "name": "Motherhood Womens and Child Care Hospital", "beds": null, "source": "OpenStreetMap" }, "geometry": { "type": "Point", "coordinates": [ 72.5125068, 23.0745277 ] } },
{ "type": "Feature", "properties": { "osm_id": "node/6980978805", "layer": "hospital", "role": "health_facility", "name": "Arpan Orthopedic and Trauma Hospital", "beds": null, "source": "OpenStreetMap" }, "geometry": { "type": "Point", "coordinates": [ 72.595257, 23.0024575 ] } },
{ "type": "Feature", "properties": { "osm_id": "node/6981004951", "layer": "hospital", "role": "health_facility", "name": "Jarmarwala Hospital", "beds": null, "source": "OpenStreetMap" }, "geometry": { "type": "Point", "coordinates": [ 72.5458769, 23.0199254 ] } },
{ "type": "Feature", "properties": { "osm_id": "node/6981152500", "layer": "hospital", "role": "health_facility", "name": "Pearl Eye Hospital", "beds": null, "source": "OpenStreetMap" }, "geometry": { "type": "Point", "coordinates": [ 72.5806028, 23.0098432 ] } },
{ "type": "Feature", "properties": { "osm_id": "node/6981256117", "layer": "hospital", "role": "health_facility", "name": "Shushilaben Neonatal And Child Care Centre", "beds": null, "source": "OpenStreetMap" }, "geometry": { "type": "Point", "coordinates": [ 72.6149404, 23.0310362 ] } },
{ "type": "Feature", "properties": { "osm_id": "node/6981277613", "layer": "hospital", "role": "health_facility", "name": "Shree Aman Hospital", "beds": null, "source": "OpenStreetMap" }, "geometry": { "type": "Point", "coordinates": [ 72.5914161, 23.0844866 ] } },
{ "type": "Feature", "properties": { "osm_id": "node/6981405297", "layer": "hospital", "role": "health_facility", "name": "Rainbow Super Speciality Children's Hospital", "beds": null, "source": "OpenStreetMap" }, "geometry": { "type": "Point", "coordinates": [ 72.5286249, 23.0460902 ] } },
{ "type": "Feature", "properties": { "osm_id": "node/6981412703", "layer": "hospital", "role": "health_facility", "name": "Parth Hospital, Ahmedabad", "beds": null, "source": "OpenStreetMap" }, "geometry": { "type": "Point", "coordinates": [ 72.5889122, 23.0837834 ] } },
{ "type": "Feature", "properties": { "osm_id": "node/6981446717", "layer": "hospital", "role": "health_facility", "name": "Gayatri Heart And Medical Hospital, Bhimjipura", "beds": null, "source": "OpenStreetMap" }, "geometry": { "type": "Point", "coordinates": [ 72.5647576, 23.0602795 ] } },
{ "type": "Feature", "properties": { "osm_id": "node/6981455290", "layer": "hospital", "role": "health_facility", "name": "Sanghavi Hospital Pvt. Ltd.", "beds": null, "source": "OpenStreetMap" }, "geometry": { "type": "Point", "coordinates": [ 72.5563677, 23.0066966 ] } },
{ "type": "Feature", "properties": { "osm_id": "node/6981476944", "layer": "hospital", "role": "health_facility", "name": "Pallav J M Desai Memorial Hospital (Better Health Pvt.Ltd.)", "beds": null, "source": "OpenStreetMap" }, "geometry": { "type": "Point", "coordinates": [ 72.6141009, 22.9947616 ] } },
{ "type": "Feature", "properties": { "osm_id": "node/6981478241", "layer": "hospital", "role": "health_facility", "name": "Parth Surgical Hospital, Ahmedabad", "beds": null, "source": "OpenStreetMap" }, "geometry": { "type": "Point", "coordinates": [ 72.5544217, 23.0029958 ] } },
{ "type": "Feature", "properties": { "osm_id": "node/6981550649", "layer": "hospital", "role": "health_facility", "name": "Jalaram Hospital, Ahmedabad", "beds": null, "source": "OpenStreetMap" }, "geometry": { "type": "Point", "coordinates": [ 72.5218208, 23.0277853 ] } },
{ "type": "Feature", "properties": { "osm_id": "node/6981560332", "layer": "hospital", "role": "health_facility", "name": "Kruti Orthopedic Hospital", "beds": null, "source": "OpenStreetMap" }, "geometry": { "type": "Point", "coordinates": [ 72.5709508, 23.0464247 ] } },
{ "type": "Feature", "properties": { "osm_id": "node/6981636783", "layer": "hospital", "role": "health_facility", "name": "Jariwala Women's Hospital", "beds": null, "source": "OpenStreetMap" }, "geometry": { "type": "Point", "coordinates": [ 72.5964291, 23.0547211 ] } },
{ "type": "Feature", "properties": { "osm_id": "node/6981636786", "layer": "hospital", "role": "health_facility", "name": "Rukshmani Medical Hospital", "beds": null, "source": "OpenStreetMap" }, "geometry": { "type": "Point", "coordinates": [ 72.6334758, 23.0031785 ] } },
{ "type": "Feature", "properties": { "osm_id": "node/6981694438", "layer": "hospital", "role": "health_facility", "name": "HCG Cancer Centre", "beds": null, "source": "OpenStreetMap" }, "geometry": { "type": "Point", "coordinates": [ 72.5227287, 23.0705004 ] } },
{ "type": "Feature", "properties": { "osm_id": "node/6981717526", "layer": "hospital", "role": "health_facility", "name": "Zeal Maternity And Nursing Home", "beds": null, "source": "OpenStreetMap" }, "geometry": { "type": "Point", "coordinates": [ 72.6029496, 23.0544878 ] } },
{ "type": "Feature", "properties": { "osm_id": "node/6981777270", "layer": "hospital", "role": "health_facility", "name": "Vraj Hospital and Heart Care Center", "beds": null, "source": "OpenStreetMap" }, "geometry": { "type": "Point", "coordinates": [ 72.6021999, 22.980618 ] } },
{ "type": "Feature", "properties": { "osm_id": "node/6981793062", "layer": "hospital", "role": "health_facility", "name": "Sahjanand Orthopaedic Hospital", "beds": null, "source": "OpenStreetMap" }, "geometry": { "type": "Point", "coordinates": [ 72.51789, 23.0126292 ] } },
{ "type": "Feature", "properties": { "osm_id": "node/6981802923", "layer": "hospital", "role": "health_facility", "name": "Jaju Plastic Surgery Center", "beds": null, "source": "OpenStreetMap" }, "geometry": { "type": "Point", "coordinates": [ 72.5592698, 23.0421276 ] } },
{ "type": "Feature", "properties": { "osm_id": "node/6981810684", "layer": "hospital", "role": "health_facility", "name": "Raghuvir Eye Hospital", "beds": null, "source": "OpenStreetMap" }, "geometry": { "type": "Point", "coordinates": [ 72.6074664, 22.9947925 ] } },
{ "type": "Feature", "properties": { "osm_id": "node/6981819871", "layer": "hospital", "role": "health_facility", "name": "Shachi Women's Hospital", "beds": null, "source": "OpenStreetMap" }, "geometry": { "type": "Point", "coordinates": [ 72.5838341, 23.066349 ] } },
{ "type": "Feature", "properties": { "osm_id": "node/6981883350", "layer": "hospital", "role": "health_facility", "name": "Palak Hospital, Ahmedabad", "beds": null, "source": "OpenStreetMap" }, "geometry": { "type": "Point", "coordinates": [ 72.6251891, 22.9989479 ] } },
{ "type": "Feature", "properties": { "osm_id": "node/6981886630", "layer": "hospital", "role": "health_facility", "name": "Anand Children Hospital Neonatal Intensive Care", "beds": null, "source": "OpenStreetMap" }, "geometry": { "type": "Point", "coordinates": [ 72.6059926, 23.0487768 ] } },
{ "type": "Feature", "properties": { "osm_id": "node/6981922067", "layer": "hospital", "role": "health_facility", "name": "Patel E.N.T Hospital", "beds": null, "source": "OpenStreetMap" }, "geometry": { "type": "Point", "coordinates": [ 72.5712056, 23.0477933 ] } },
{ "type": "Feature", "properties": { "osm_id": "node/6981937281", "layer": "hospital", "role": "health_facility", "name": "Rosemaarry Womens Hospital", "beds": null, "source": "OpenStreetMap" }, "geometry": { "type": "Point", "coordinates": [ 72.5260091, 23.0318187 ] } },
{ "type": "Feature", "properties": { "osm_id": "node/6981956892", "layer": "hospital", "role": "health_facility", "name": "Sanjivan Heart and Medical Hospital", "beds": null, "source": "OpenStreetMap" }, "geometry": { "type": "Point", "coordinates": [ 72.5903244, 23.0837698 ] } },
{ "type": "Feature", "properties": { "osm_id": "node/6981966028", "layer": "hospital", "role": "health_facility", "name": "Sainath Orhtopaedic Hospital", "beds": null, "source": "OpenStreetMap" }, "geometry": { "type": "Point", "coordinates": [ 72.5360379, 23.0592152 ] } },
{ "type": "Feature", "properties": { "osm_id": "node/6981981192", "layer": "hospital", "role": "health_facility", "name": "Sardar Hospital", "beds": null, "source": "OpenStreetMap" }, "geometry": { "type": "Point", "coordinates": [ 72.6445547, 23.0380179 ] } },
{ "type": "Feature", "properties": { "osm_id": "node/6981981259", "layer": "hospital", "role": "health_facility", "name": "Shree Harikrupa Hospital", "beds": null, "source": "OpenStreetMap" }, "geometry": { "type": "Point", "coordinates": [ 72.5615551, 23.0200612 ] } },
{ "type": "Feature", "properties": { "osm_id": "node/6981982797", "layer": "hospital", "role": "health_facility", "name": "Amardeep Multispeciality Children Hospital", "beds": null, "source": "OpenStreetMap" }, "geometry": { "type": "Point", "coordinates": [ 72.5642668, 23.0202065 ] } },
{ "type": "Feature", "properties": { "osm_id": "node/6981984553", "layer": "hospital", "role": "health_facility", "name": "HCG Multi Specialty Hospital", "beds": null, "source": "OpenStreetMap" }, "geometry": { "type": "Point", "coordinates": [ 72.5642949, 23.0288615 ] } },
{ "type": "Feature", "properties": { "osm_id": "node/6981984751", "layer": "hospital", "role": "health_facility", "name": "Palak Eye Hospital", "beds": null, "source": "OpenStreetMap" }, "geometry": { "type": "Point", "coordinates": [ 72.6068804, 22.9949308 ] } },
{ "type": "Feature", "properties": { "osm_id": "node/6981988165", "layer": "hospital", "role": "health_facility", "name": "Rukshmani Government Hospital", "beds": null, "source": "OpenStreetMap" }, "geometry": { "type": "Point", "coordinates": [ 72.6197255, 22.9994812 ] } },
{ "type": "Feature", "properties": { "osm_id": "node/6981988318", "layer": "hospital", "role": "health_facility", "name": "Rugved Multispeciality Hospital", "beds": null, "source": "OpenStreetMap" }, "geometry": { "type": "Point", "coordinates": [ 72.6468533, 23.0504316 ] } },
{ "type": "Feature", "properties": { "osm_id": "node/6981998855", "layer": "hospital", "role": "health_facility", "name": "Ashirwad Children and Eye Hospital", "beds": null, "source": "OpenStreetMap" }, "geometry": { "type": "Point", "coordinates": [ 72.6079211, 22.9978986 ] } },
{ "type": "Feature", "properties": { "osm_id": "node/6982001505", "layer": "hospital", "role": "health_facility", "name": "Ayushman Medical Hospital and Dignosis Center", "beds": null, "source": "OpenStreetMap" }, "geometry": { "type": "Point", "coordinates": [ 72.6391487, 23.0237122 ] } },
{ "type": "Feature", "properties": { "osm_id": "node/6982001606", "layer": "hospital", "role": "health_facility", "name": "Ravi Surgical Hospital, Ahmedabad", "beds": null, "source": "OpenStreetMap" }, "geometry": { "type": "Point", "coordinates": [ 72.6098563, 22.9980843 ] } },
{ "type": "Feature", "properties": { "osm_id": "node/6982007106", "layer": "hospital", "role": "health_facility", "name": "Shrreeji Surgical Hospital", "beds": null, "source": "OpenStreetMap" }, "geometry": { "type": "Point", "coordinates": [ 72.625165, 22.9981609 ] } },
{ "type": "Feature", "properties": { "osm_id": "node/6982014039", "layer": "hospital", "role": "health_facility", "name": "Shreyas Speciality Hospital", "beds": null, "source": "OpenStreetMap" }, "geometry": { "type": "Point", "coordinates": [ 72.5175279, 23.002323 ] } },
{ "type": "Feature", "properties": { "osm_id": "node/6982024115", "layer": "hospital", "role": "health_facility", "name": "Rugveda Practur and Orthopaedic Hospital, Ahmedabad", "beds": null, "source": "OpenStreetMap" }, "geometry": { "type": "Point", "coordinates": [ 72.5467211, 23.0021551 ] } },
{ "type": "Feature", "properties": { "osm_id": "node/6982028883", "layer": "hospital", "role": "health_facility", "name": "Kalptaru Hospital", "beds": null, "source": "OpenStreetMap" }, "geometry": { "type": "Point", "coordinates": [ 72.594506, 23.049363 ] } },
{ "type": "Feature", "properties": { "osm_id": "node/6982031216", "layer": "hospital", "role": "health_facility", "name": "Sukhmani Hospital / Saviour Annexe Hospital", "beds": null, "source": "OpenStreetMap" }, "geometry": { "type": "Point", "coordinates": [ 72.5696392, 23.0364864 ] } },
{ "type": "Feature", "properties": { "osm_id": "node/6982046922", "layer": "hospital", "role": "health_facility", "name": "Setu Surgical Hospital, Ahmedabad", "beds": null, "source": "OpenStreetMap" }, "geometry": { "type": "Point", "coordinates": [ 72.6429145, 23.0540923 ] } },
{ "type": "Feature", "properties": { "osm_id": "node/6982051126", "layer": "hospital", "role": "health_facility", "name": "Auro Ent Hospital", "beds": null, "source": "OpenStreetMap" }, "geometry": { "type": "Point", "coordinates": [ 72.5701462, 23.0578122 ] } },
{ "type": "Feature", "properties": { "osm_id": "node/6982060211", "layer": "hospital", "role": "health_facility", "name": "Swastik Surgical Hospital And Dental Clinic, Ahmedabad", "beds": null, "source": "OpenStreetMap" }, "geometry": { "type": "Point", "coordinates": [ 72.5189053, 23.0034741 ] } },
{ "type": "Feature", "properties": { "osm_id": "node/6982070577", "layer": "hospital", "role": "health_facility", "name": "Sanjivani Eye Hospital and Phaco Centre, Ahmedabad", "beds": null, "source": "OpenStreetMap" }, "geometry": { "type": "Point", "coordinates": [ 72.5615689, 23.0459888 ] } },
{ "type": "Feature", "properties": { "osm_id": "node/6982092102", "layer": "hospital", "role": "health_facility", "name": "Sanjeevani Hospital, Ahmedabad", "beds": null, "source": "OpenStreetMap" }, "geometry": { "type": "Point", "coordinates": [ 72.5356453, 23.0595717 ] } },
{ "type": "Feature", "properties": { "osm_id": "node/6982092139", "layer": "hospital", "role": "health_facility", "name": "Hcg Medi-Surge Hospitals Private Limited", "beds": null, "source": "OpenStreetMap" }, "geometry": { "type": "Point", "coordinates": [ 72.5643083, 23.0288813 ] } },
{ "type": "Feature", "properties": { "osm_id": "node/6982092151", "layer": "hospital", "role": "health_facility", "name": "The Vitreoretina Clinic and Eye Hospital", "beds": null, "source": "OpenStreetMap" }, "geometry": { "type": "Point", "coordinates": [ 72.5161432, 23.0389016 ] } },
{ "type": "Feature", "properties": { "osm_id": "node/6982092157", "layer": "hospital", "role": "health_facility", "name": "Mahin Lifecare Services Pvt.Ltd", "beds": null, "source": "OpenStreetMap" }, "geometry": { "type": "Point", "coordinates": [ 72.5256523, 22.9931604 ] } },
{ "type": "Feature", "properties": { "osm_id": "node/6982092173", "layer": "hospital", "role": "health_facility", "name": "Jay Umiya Hospital", "beds": null, "source": "OpenStreetMap" }, "geometry": { "type": "Point", "coordinates": [ 72.5590798, 23.0728893 ] } },
{ "type": "Feature", "properties": { "osm_id": "node/6982092220", "layer": "hospital", "role": "health_facility", "name": "Aarna Medical Hospital", "beds": null, "source": "OpenStreetMap" }, "geometry": { "type": "Point", "coordinates": [ 72.6388644, 23.0395124 ] } },
{ "type": "Feature", "properties": { "osm_id": "node/6982092221", "layer": "hospital", "role": "health_facility", "name": "Akshar Krupa Hospital", "beds": null, "source": "OpenStreetMap" }, "geometry": { "type": "Point", "coordinates": [ 72.5958726, 23.0544298 ] } },
{ "type": "Feature", "properties": { "osm_id": "node/6982092222", "layer": "hospital", "role": "health_facility", "name": "Siddhi Heart and Medical Hospital", "beds": null, "source": "OpenStreetMap" }, "geometry": { "type": "Point", "coordinates": [ 72.5591692, 23.0729002 ] } },
{ "type": "Feature", "properties": { "osm_id": "node/6982092223", "layer": "hospital", "role": "health_facility", "name": "Ashish Orthopaedic Hospital, Ahmedabad", "beds": null, "source": "OpenStreetMap" }, "geometry": { "type": "Point", "coordinates": [ 72.5273097, 23.0369328 ] } },
{ "type": "Feature", "properties": { "osm_id": "node/6982092239", "layer": "hospital", "role": "health_facility", "name": "Sanjivani Heart and Medical Hospital (Ahmedabad)", "beds": null, "source": "OpenStreetMap" }, "geometry": { "type": "Point", "coordinates": [ 72.5701541, 23.0578196 ] } },
{ "type": "Feature", "properties": { "osm_id": "node/6982197103", "layer": "hospital", "role": "health_facility", "name": "Raksha Hospital Pvt Ltd", "beds": null, "source": "OpenStreetMap" }, "geometry": { "type": "Point", "coordinates": [ 72.5174716, 23.036039 ] } },
{ "type": "Feature", "properties": { "osm_id": "node/6982197104", "layer": "hospital", "role": "health_facility", "name": "B.J. Medical College Hospital", "beds": null, "source": "OpenStreetMap" }, "geometry": { "type": "Point", "coordinates": [ 72.6028262, 23.0526578 ] } },
{ "type": "Feature", "properties": { "osm_id": "node/6982197122", "layer": "hospital", "role": "health_facility", "name": "Government Spine Institute Hospital", "beds": null, "source": "OpenStreetMap" }, "geometry": { "type": "Point", "coordinates": [ 72.6080297, 23.0500108 ] } },
{ "type": "Feature", "properties": { "osm_id": "node/6982197139", "layer": "hospital", "role": "health_facility", "name": "Parth Eye Hospital, Isanpur", "beds": null, "source": "OpenStreetMap" }, "geometry": { "type": "Point", "coordinates": [ 72.5997604, 22.9798932 ] } },
{ "type": "Feature", "properties": { "osm_id": "node/6982197140", "layer": "hospital", "role": "health_facility", "name": "Austmangal Surgical Hospital", "beds": null, "source": "OpenStreetMap" }, "geometry": { "type": "Point", "coordinates": [ 72.595823, 23.0545187 ] } },
{ "type": "Feature", "properties": { "osm_id": "node/6982197141", "layer": "hospital", "role": "health_facility", "name": "Rudraksh Hospital", "beds": null, "source": "OpenStreetMap" }, "geometry": { "type": "Point", "coordinates": [ 72.643695, 23.0626344 ] } },
{ "type": "Feature", "properties": { "osm_id": "node/6982527814", "layer": "hospital", "role": "health_facility", "name": "Babul E.N.T. Hospital", "beds": null, "source": "OpenStreetMap" }, "geometry": { "type": "Point", "coordinates": [ 72.5449569, 23.0246015 ] } },
{ "type": "Feature", "properties": { "osm_id": "node/6982581431", "layer": "hospital", "role": "health_facility", "name": "Dr Dipak C Shah E N T Hospital", "beds": null, "source": "OpenStreetMap" }, "geometry": { "type": "Point", "coordinates": [ 72.6121093, 22.9956523 ] } },
{ "type": "Feature", "properties": { "osm_id": "node/6982581436", "layer": "hospital", "role": "health_facility", "name": "Adarsh Hospital, Ahmedabad", "beds": null, "source": "OpenStreetMap" }, "geometry": { "type": "Point", "coordinates": [ 72.5663294, 23.0476847 ] } },
{ "type": "Feature", "properties": { "osm_id": "node/6982731905", "layer": "hospital", "role": "health_facility", "name": "Swapn Healthcare Hospital Pvt. Ltd", "beds": null, "source": "OpenStreetMap" }, "geometry": { "type": "Point", "coordinates": [ 72.5971761, 22.9834237 ] } },
{ "type": "Feature", "properties": { "osm_id": "node/6983272102", "layer": "hospital", "role": "health_facility", "name": "Navjivan Maternity and Orthopaedic Hospital, Ahmedabad", "beds": null, "source": "OpenStreetMap" }, "geometry": { "type": "Point", "coordinates": [ 72.6428729, 23.0543583 ] } },
{ "type": "Feature", "properties": { "osm_id": "node/6983317583", "layer": "hospital", "role": "health_facility", "name": "Nadkarni's 21St Century Hospitals Pvt Ltd", "beds": null, "source": "OpenStreetMap" }, "geometry": { "type": "Point", "coordinates": [ 72.6355197, 22.9979961 ] } },
{ "type": "Feature", "properties": { "osm_id": "node/6983409961", "layer": "hospital", "role": "health_facility", "name": "J.Chirag Surgical Hospital", "beds": null, "source": "OpenStreetMap" }, "geometry": { "type": "Point", "coordinates": [ 72.5624067, 23.0463124 ] } },
{ "type": "Feature", "properties": { "osm_id": "node/6983440879", "layer": "hospital", "role": "health_facility", "name": "Shri Yogeshwar General Hospital", "beds": null, "source": "OpenStreetMap" }, "geometry": { "type": "Point", "coordinates": [ 72.5380576, 23.0812863 ] } },
{ "type": "Feature", "properties": { "osm_id": "node/6983477457", "layer": "hospital", "role": "health_facility", "name": "Navkalp Children Hospital", "beds": null, "source": "OpenStreetMap" }, "geometry": { "type": "Point", "coordinates": [ 72.5599363, 23.0059807 ] } },
{ "type": "Feature", "properties": { "osm_id": "node/6983477494", "layer": "hospital", "role": "health_facility", "name": "Memon Ent Hospital", "beds": null, "source": "OpenStreetMap" }, "geometry": { "type": "Point", "coordinates": [ 72.5861375, 23.0272274 ] } },
{ "type": "Feature", "properties": { "osm_id": "node/6983511178", "layer": "hospital", "role": "health_facility", "name": "Shaishav Children Hospital, Ahmedabad", "beds": null, "source": "OpenStreetMap" }, "geometry": { "type": "Point", "coordinates": [ 72.5372905, 23.0592497 ] } },
{ "type": "Feature", "properties": { "osm_id": "node/6983623764", "layer": "hospital", "role": "health_facility", "name": "Shiv Jyoti Eye Hospital", "beds": null, "source": "OpenStreetMap" }, "geometry": { "type": "Point", "coordinates": [ 72.6331285, 23.0388164 ] } },
{ "type": "Feature", "properties": { "osm_id": "node/6983623776", "layer": "hospital", "role": "health_facility", "name": "Dr. Atul H Kansara `S (E.N.T) Hospital", "beds": null, "source": "OpenStreetMap" }, "geometry": { "type": "Point", "coordinates": [ 72.5621974, 23.010174 ] } },
{ "type": "Feature", "properties": { "osm_id": "node/6983629350", "layer": "hospital", "role": "health_facility", "name": "Aneri Surgical and Neuro Surgical Hospital", "beds": null, "source": "OpenStreetMap" }, "geometry": { "type": "Point", "coordinates": [ 72.5481668, 23.0016415 ] } },
{ "type": "Feature", "properties": { "osm_id": "node/6983631097", "layer": "hospital", "role": "health_facility", "name": "Bopal Eye Care Centre", "beds": null, "source": "OpenStreetMap" }, "geometry": { "type": "Point", "coordinates": [ 72.4779037, 23.0288344 ] } },
{ "type": "Feature", "properties": { "osm_id": "node/6983633938", "layer": "hospital", "role": "health_facility", "name": "Devam Orthopaedic Hospital", "beds": null, "source": "OpenStreetMap" }, "geometry": { "type": "Point", "coordinates": [ 72.5378671, 23.0590239 ] } },
{ "type": "Feature", "properties": { "osm_id": "node/6983634254", "layer": "hospital", "role": "health_facility", "name": "Reshambhai Fertility Hospital", "beds": null, "source": "OpenStreetMap" }, "geometry": { "type": "Point", "coordinates": [ 72.5964371, 23.0539073 ] } },
{ "type": "Feature", "properties": { "osm_id": "node/6983651326", "layer": "hospital", "role": "health_facility", "name": "Dr, Nayan V Shah Surgical Hospital", "beds": null, "source": "OpenStreetMap" }, "geometry": { "type": "Point", "coordinates": [ 72.5987479, 22.9809304 ] } },
{ "type": "Feature", "properties": { "osm_id": "node/6983683410", "layer": "hospital", "role": "health_facility", "name": "Samved Orthopaedic Hospital, Ahmedabad", "beds": null, "source": "OpenStreetMap" }, "geometry": { "type": "Point", "coordinates": [ 72.5581983, 23.0405319 ] } },
{ "type": "Feature", "properties": { "osm_id": "node/6983684511", "layer": "hospital", "role": "health_facility", "name": "Shlok Medical and Heart Hospital", "beds": null, "source": "OpenStreetMap" }, "geometry": { "type": "Point", "coordinates": [ 72.603419, 22.9872011 ] } },
{ "type": "Feature", "properties": { "osm_id": "node/6983723687", "layer": "hospital", "role": "health_facility", "name": "Cheers Interventional Pain Management Hospital", "beds": null, "source": "OpenStreetMap" }, "geometry": { "type": "Point", "coordinates": [ 72.5543117, 23.0403048 ] } },
{ "type": "Feature", "properties": { "osm_id": "node/6983724286", "layer": "hospital", "role": "health_facility", "name": "Narang Eye Hospital, Munohwa By Pass Chowk", "beds": null, "source": "OpenStreetMap" }, "geometry": { "type": "Point", "coordinates": [ 72.6016447, 23.0482079 ] } },
{ "type": "Feature", "properties": { "osm_id": "node/6983778648", "layer": "hospital", "role": "health_facility", "name": "Vishwa Medical And Heart Hospital", "beds": null, "source": "OpenStreetMap" }, "geometry": { "type": "Point", "coordinates": [ 72.595717, 23.0029007 ] } },
{ "type": "Feature", "properties": { "osm_id": "node/6986103047", "layer": "hospital", "role": "health_facility", "name": "Vivek Children Hospital, Khokhara", "beds": null, "source": "OpenStreetMap" }, "geometry": { "type": "Point", "coordinates": [ 72.6183012, 23.0017465 ] } },
{ "type": "Feature", "properties": { "osm_id": "node/6986103052", "layer": "hospital", "role": "health_facility", "name": "Prabhujyot Inst. Of G.I. Endoscopy and Laproscop", "beds": null, "source": "OpenStreetMap" }, "geometry": { "type": "Point", "coordinates": [ 72.5465441, 23.0100246 ] } },
{ "type": "Feature", "properties": { "osm_id": "node/6986256250", "layer": "hospital", "role": "health_facility", "name": "Vatsalya Gynec Hospital", "beds": null, "source": "OpenStreetMap" }, "geometry": { "type": "Point", "coordinates": [ 72.5325832, 23.0066954 ] } },
{ "type": "Feature", "properties": { "osm_id": "node/6986256251", "layer": "hospital", "role": "health_facility", "name": "Vikas Medical and Heart Hospital", "beds": null, "source": "OpenStreetMap" }, "geometry": { "type": "Point", "coordinates": [ 72.6527891, 23.0730767 ] } },
{ "type": "Feature", "properties": { "osm_id": "node/6986279383", "layer": "hospital", "role": "health_facility", "name": "Tirtham Surgical and Laparoscopic Centre", "beds": null, "source": "OpenStreetMap" }, "geometry": { "type": "Point", "coordinates": [ 72.5304455, 23.0638572 ] } },
{ "type": "Feature", "properties": { "osm_id": "node/6986285730", "layer": "hospital", "role": "health_facility", "name": "Peshant House Hospital", "beds": null, "source": "OpenStreetMap" }, "geometry": { "type": "Point", "coordinates": [ 72.5670958, 23.0127576 ] } },
{ "type": "Feature", "properties": { "osm_id": "node/6986434686", "layer": "hospital", "role": "health_facility", "name": "Jagdish Orthopadic Hospital", "beds": null, "source": "OpenStreetMap" }, "geometry": { "type": "Point", "coordinates": [ 72.5436446, 23.0209844 ] } },
{ "type": "Feature", "properties": { "osm_id": "node/6986477087", "layer": "hospital", "role": "health_facility", "name": "Vedanta Institute Of Medical Sciences Hospital", "beds": null, "source": "OpenStreetMap" }, "geometry": { "type": "Point", "coordinates": [ 72.5598545, 23.0402147 ] } },
{ "type": "Feature", "properties": { "osm_id": "node/6986591574", "layer": "hospital", "role": "health_facility", "name": "Lions Karnavati Shantaben Vishnubhai Patel Eye Hospital", "beds": null, "source": "OpenStreetMap" }, "geometry": { "type": "Point", "coordinates": [ 72.5045286, 23.1224896 ] } },
{ "type": "Feature", "properties": { "osm_id": "node/6986602457", "layer": "hospital", "role": "health_facility", "name": "Shree Sai Children Hospital", "beds": null, "source": "OpenStreetMap" }, "geometry": { "type": "Point", "coordinates": [ 72.5838912, 23.1146062 ] } },
{ "type": "Feature", "properties": { "osm_id": "node/6986602477", "layer": "hospital", "role": "health_facility", "name": "Devasya Superspeciality Kidney Institute and Research Centre", "beds": null, "source": "OpenStreetMap" }, "geometry": { "type": "Point", "coordinates": [ 72.4773597, 23.0269892 ] } },
{ "type": "Feature", "properties": { "osm_id": "node/6986602483", "layer": "hospital", "role": "health_facility", "name": "Ashirwad Hospital, Ahmedabad", "beds": null, "source": "OpenStreetMap" }, "geometry": { "type": "Point", "coordinates": [ 72.611577, 22.9873418 ] } },
{ "type": "Feature", "properties": { "osm_id": "node/6986605704", "layer": "hospital", "role": "health_facility", "name": "Shivam Medical Hospital, Sardar Nagar", "beds": null, "source": "OpenStreetMap" }, "geometry": { "type": "Point", "coordinates": [ 72.6213037, 23.0809819 ] } },
{ "type": "Feature", "properties": { "osm_id": "node/6986605747", "layer": "hospital", "role": "health_facility", "name": "Yogiji Medical Hospital", "beds": null, "source": "OpenStreetMap" }, "geometry": { "type": "Point", "coordinates": [ 72.6247528, 22.9985353 ] } },
{ "type": "Feature", "properties": { "osm_id": "node/6986605752", "layer": "hospital", "role": "health_facility", "name": "Aagman Maternity and Gynec Hospital", "beds": null, "source": "OpenStreetMap" }, "geometry": { "type": "Point", "coordinates": [ 72.6502608, 23.0436594 ] } },
{ "type": "Feature", "properties": { "osm_id": "node/6986605757", "layer": "hospital", "role": "health_facility", "name": "Netram Care Eye Hospital", "beds": null, "source": "OpenStreetMap" }, "geometry": { "type": "Point", "coordinates": [ 72.5305813, 23.062087 ] } },
{ "type": "Feature", "properties": { "osm_id": "node/6986605760", "layer": "hospital", "role": "health_facility", "name": "Jaliyan Orthopaedic Hospital", "beds": null, "source": "OpenStreetMap" }, "geometry": { "type": "Point", "coordinates": [ 72.5697332, 23.0226864 ] } },
{ "type": "Feature", "properties": { "osm_id": "node/6986619078", "layer": "hospital", "role": "health_facility", "name": "Tejal Eye Hospital", "beds": null, "source": "OpenStreetMap" }, "geometry": { "type": "Point", "coordinates": [ 72.5753262, 23.0790988 ] } },
{ "type": "Feature", "properties": { "osm_id": "node/6986625078", "layer": "hospital", "role": "health_facility", "name": "Ano Care Hospital", "beds": null, "source": "OpenStreetMap" }, "geometry": { "type": "Point", "coordinates": [ 72.6440035, 23.0377884 ] } },
{ "type": "Feature", "properties": { "osm_id": "node/6986625079", "layer": "hospital", "role": "health_facility", "name": "Dr.Saurabh Shah Orthopaedic Hospital", "beds": null, "source": "OpenStreetMap" }, "geometry": { "type": "Point", "coordinates": [ 72.5629216, 23.0663546 ] } },
{ "type": "Feature", "properties": { "osm_id": "node/6986736364", "layer": "hospital", "role": "health_facility", "name": "Adinath Hospital, Ahmedabad", "beds": null, "source": "OpenStreetMap" }, "geometry": { "type": "Point", "coordinates": [ 72.5964358, 23.054805 ] } },
{ "type": "Feature", "properties": { "osm_id": "node/6986966093", "layer": "hospital", "role": "health_facility", "name": "Shreyas Orthopedic Hospital, Vasna", "beds": null, "source": "OpenStreetMap" }, "geometry": { "type": "Point", "coordinates": [ 72.5482339, 23.0022835 ] } },
{ "type": "Feature", "properties": { "osm_id": "node/6987068296", "layer": "hospital", "role": "health_facility", "name": "Chintan Orthopaedic Hospital", "beds": null, "source": "OpenStreetMap" }, "geometry": { "type": "Point", "coordinates": [ 72.5362967, 23.0072423 ] } },
{ "type": "Feature", "properties": { "osm_id": "node/6987246245", "layer": "hospital", "role": "health_facility", "name": "Akshar Eye Hospital", "beds": null, "source": "OpenStreetMap" }, "geometry": { "type": "Point", "coordinates": [ 72.6426671, 23.0650523 ] } },
{ "type": "Feature", "properties": { "osm_id": "node/6987467519", "layer": "hospital", "role": "health_facility", "name": "Dr. Trivedis Arthroscopy Clinic And Hospital", "beds": null, "source": "OpenStreetMap" }, "geometry": { "type": "Point", "coordinates": [ 72.5472508, 23.0249533 ] } },
{ "type": "Feature", "properties": { "osm_id": "node/6987525729", "layer": "hospital", "role": "health_facility", "name": "Spandan Hospital, Ahmedabad", "beds": null, "source": "OpenStreetMap" }, "geometry": { "type": "Point", "coordinates": [ 72.5189187, 23.0034513 ] } },
{ "type": "Feature", "properties": { "osm_id": "node/6987724528", "layer": "hospital", "role": "health_facility", "name": "Kuvar Ba General Hospital", "beds": null, "source": "OpenStreetMap" }, "geometry": { "type": "Point", "coordinates": [ 72.6491044, 23.0114874 ] } },
{ "type": "Feature", "properties": { "osm_id": "node/6987724550", "layer": "hospital", "role": "health_facility", "name": "Vinayak Children Hospital-Ahmedabad", "beds": null, "source": "OpenStreetMap" }, "geometry": { "type": "Point", "coordinates": [ 72.5679736, 23.0804356 ] } },
{ "type": "Feature", "properties": { "osm_id": "node/6987886544", "layer": "hospital", "role": "health_facility", "name": "Rachana Hospital", "beds": null, "source": "OpenStreetMap" }, "geometry": { "type": "Point", "coordinates": [ 72.6016849, 23.0489292 ] } },
{ "type": "Feature", "properties": { "osm_id": "node/6988042721", "layer": "hospital", "role": "health_facility", "name": "Kalrav Maternity Hospital and Sonography Centre", "beds": null, "source": "OpenStreetMap" }, "geometry": { "type": "Point", "coordinates": [ 72.6583895, 23.0405269 ] } },
{ "type": "Feature", "properties": { "osm_id": "node/6988048676", "layer": "hospital", "role": "health_facility", "name": "Aashirwad Surgical Hospital and Nursing Home", "beds": null, "source": "OpenStreetMap" }, "geometry": { "type": "Point", "coordinates": [ 72.5911881, 23.0839074 ] } },
{ "type": "Feature", "properties": { "osm_id": "node/6988066542", "layer": "hospital", "role": "health_facility", "name": "Dr. Sejal Desai Eye Hospital", "beds": null, "source": "OpenStreetMap" }, "geometry": { "type": "Point", "coordinates": [ 72.5479455, 23.0016292 ] } },
{ "type": "Feature", "properties": { "osm_id": "node/6988267618", "layer": "hospital", "role": "health_facility", "name": "Vishwa Ent Hospital", "beds": null, "source": "OpenStreetMap" }, "geometry": { "type": "Point", "coordinates": [ 72.5253251, 23.0220336 ] } },
{ "type": "Feature", "properties": { "osm_id": "node/6988306349", "layer": "hospital", "role": "health_facility", "name": "Navkar Plastic Surgery Hospital", "beds": null, "source": "OpenStreetMap" }, "geometry": { "type": "Point", "coordinates": [ 72.5629203, 23.014419 ] } },
{ "type": "Feature", "properties": { "osm_id": "node/6988322949", "layer": "hospital", "role": "health_facility", "name": "Shukan Maternity Home", "beds": null, "source": "OpenStreetMap" }, "geometry": { "type": "Point", "coordinates": [ 72.6562531, 22.996806 ] } },
{ "type": "Feature", "properties": { "osm_id": "node/6988340023", "layer": "hospital", "role": "health_facility", "name": "Rajni Women's Hospital and Research Centre", "beds": null, "source": "OpenStreetMap" }, "geometry": { "type": "Point", "coordinates": [ 72.6338285, 22.9914333 ] } },
{ "type": "Feature", "properties": { "osm_id": "node/6988349685", "layer": "hospital", "role": "health_facility", "name": "Gujrat Child Care Hospital", "beds": null, "source": "OpenStreetMap" }, "geometry": { "type": "Point", "coordinates": [ 72.5303878, 23.0136587 ] } },
{ "type": "Feature", "properties": { "osm_id": "node/6988439005", "layer": "hospital", "role": "health_facility", "name": "Jain Hospital and Icu, Jivraj Park", "beds": null, "source": "OpenStreetMap" }, "geometry": { "type": "Point", "coordinates": [ 72.5329319, 23.0058276 ] } },
{ "type": "Feature", "properties": { "osm_id": "node/6988490440", "layer": "hospital", "role": "health_facility", "name": "Saraiya Plastic Surgery And Burns Hospital", "beds": null, "source": "OpenStreetMap" }, "geometry": { "type": "Point", "coordinates": [ 72.5638269, 23.0152707 ] } },
{ "type": "Feature", "properties": { "osm_id": "node/6988491227", "layer": "hospital", "role": "health_facility", "name": "Sushrut Hospital, Ahmedabad", "beds": null, "source": "OpenStreetMap" }, "geometry": { "type": "Point", "coordinates": [ 72.5622276, 23.0090414 ] } },
{ "type": "Feature", "properties": { "osm_id": "node/6988494095", "layer": "hospital", "role": "health_facility", "name": "Rushil Cancer And Endocrine Care", "beds": null, "source": "OpenStreetMap" }, "geometry": { "type": "Point", "coordinates": [ 72.5435185, 23.0213053 ] } },
{ "type": "Feature", "properties": { "osm_id": "node/6988534634", "layer": "hospital", "role": "health_facility", "name": "Shyam Urological Hospital", "beds": null, "source": "OpenStreetMap" }, "geometry": { "type": "Point", "coordinates": [ 72.5572944, 23.0193453 ] } },
{ "type": "Feature", "properties": { "osm_id": "node/6988536883", "layer": "hospital", "role": "health_facility", "name": "Smt Shobhadevi Ent Hospital", "beds": null, "source": "OpenStreetMap" }, "geometry": { "type": "Point", "coordinates": [ 72.6426845, 23.064969 ] } },
{ "type": "Feature", "properties": { "osm_id": "node/6988713370", "layer": "hospital", "role": "health_facility", "name": "Gujarat Institute Of Psnchological Sciences Hospit", "beds": null, "source": "OpenStreetMap" }, "geometry": { "type": "Point", "coordinates": [ 72.5362779, 23.0185504 ] } },
{ "type": "Feature", "properties": { "osm_id": "node/6988713380", "layer": "hospital", "role": "health_facility", "name": "Abhisek Maternity and Nursing Home", "beds": null, "source": "OpenStreetMap" }, "geometry": { "type": "Point", "coordinates": [ 72.5243381, 23.0157929 ] } },
{ "type": "Feature", "properties": { "osm_id": "node/6989050324", "layer": "hospital", "role": "health_facility", "name": "Nishant E N T Hospital", "beds": null, "source": "OpenStreetMap" }, "geometry": { "type": "Point", "coordinates": [ 72.5667813, 23.0168791 ] } },
{ "type": "Feature", "properties": { "osm_id": "node/6989112022", "layer": "hospital", "role": "health_facility", "name": "Siddhivinayak Hospital, Ahmedabad", "beds": null, "source": "OpenStreetMap" }, "geometry": { "type": "Point", "coordinates": [ 72.5576954, 23.0175456 ] } },
{ "type": "Feature", "properties": { "osm_id": "node/6989122223", "layer": "hospital", "role": "health_facility", "name": "Sitababa Hospital", "beds": null, "source": "OpenStreetMap" }, "geometry": { "type": "Point", "coordinates": [ 72.5377853, 23.0626813 ] } },
{ "type": "Feature", "properties": { "osm_id": "node/6989132421", "layer": "hospital", "role": "health_facility", "name": "Smruti Hospital", "beds": null, "source": "OpenStreetMap" }, "geometry": { "type": "Point", "coordinates": [ 72.5904116, 23.0054634 ] } },
{ "type": "Feature", "properties": { "osm_id": "node/6989164263", "layer": "hospital", "role": "health_facility", "name": "Raj Maternity Home", "beds": null, "source": "OpenStreetMap" }, "geometry": { "type": "Point", "coordinates": [ 72.6105885, 22.979024 ] } },
{ "type": "Feature", "properties": { "osm_id": "node/6989177887", "layer": "hospital", "role": "health_facility", "name": "The Gujarat Research and Medical Institute ( Rajasthan Hospital)", "beds": null, "source": "OpenStreetMap" }, "geometry": { "type": "Point", "coordinates": [ 72.5969093, 23.0552899 ] } },
{ "type": "Feature", "properties": { "osm_id": "node/6989177897", "layer": "hospital", "role": "health_facility", "name": "Clear Vision Eye Hospital( Unit 1)", "beds": null, "source": "OpenStreetMap" }, "geometry": { "type": "Point", "coordinates": [ 72.5551459, 23.0030081 ] } },
{ "type": "Feature", "properties": { "osm_id": "node/6989202574", "layer": "hospital", "role": "health_facility", "name": "Sannidhya Hospital", "beds": null, "source": "OpenStreetMap" }, "geometry": { "type": "Point", "coordinates": [ 72.469625, 23.0166336 ] } },
{ "type": "Feature", "properties": { "osm_id": "node/6989221492", "layer": "hospital", "role": "health_facility", "name": "Dr J J Vora Memorial General Hospital", "beds": null, "source": "OpenStreetMap" }, "geometry": { "type": "Point", "coordinates": [ 72.5689566, 23.040701 ] } },
{ "type": "Feature", "properties": { "osm_id": "node/6990257834", "layer": "hospital", "role": "health_facility", "name": "Siddhi Vinayak Hospital, Ahmedabad", "beds": null, "source": "OpenStreetMap" }, "geometry": { "type": "Point", "coordinates": [ 72.6064526, 23.0041352 ] } },
{ "type": "Feature", "properties": { "osm_id": "node/6990595051", "layer": "hospital", "role": "health_facility", "name": "Aastha Eye Care Centre", "beds": null, "source": "OpenStreetMap" }, "geometry": { "type": "Point", "coordinates": [ 72.5428694, 23.0696614 ] } },
{ "type": "Feature", "properties": { "osm_id": "node/6990600365", "layer": "hospital", "role": "health_facility", "name": "Raghukul Ortho Hospital", "beds": null, "source": "OpenStreetMap" }, "geometry": { "type": "Point", "coordinates": [ 72.635415, 23.0395927 ] } },
{ "type": "Feature", "properties": { "osm_id": "node/6990678339", "layer": "hospital", "role": "health_facility", "name": "Rajput Eye Hospital", "beds": null, "source": "OpenStreetMap" }, "geometry": { "type": "Point", "coordinates": [ 72.6388724, 23.0129625 ] } },
{ "type": "Feature", "properties": { "osm_id": "node/6990705581", "layer": "hospital", "role": "health_facility", "name": "Het Childcare Hospital", "beds": null, "source": "OpenStreetMap" }, "geometry": { "type": "Point", "coordinates": [ 72.6183441, 23.0028217 ] } },
{ "type": "Feature", "properties": { "osm_id": "node/6990726309", "layer": "hospital", "role": "health_facility", "name": "Madhuram Surgical Hospital", "beds": null, "source": "OpenStreetMap" }, "geometry": { "type": "Point", "coordinates": [ 72.6284051, 23.0328727 ] } },
{ "type": "Feature", "properties": { "osm_id": "node/6990743054", "layer": "hospital", "role": "health_facility", "name": "Dhwani General Hospital Nursing Home and Maternity Home", "beds": null, "source": "OpenStreetMap" }, "geometry": { "type": "Point", "coordinates": [ 72.6449161, 23.0147326 ] } },
{ "type": "Feature", "properties": { "osm_id": "node/6990752682", "layer": "hospital", "role": "health_facility", "name": "Shreyas Orthopedic Hospital, Ahmedabad", "beds": null, "source": "OpenStreetMap" }, "geometry": { "type": "Point", "coordinates": [ 72.5822818, 23.1154284 ] } },
{ "type": "Feature", "properties": { "osm_id": "node/6990776817", "layer": "hospital", "role": "health_facility", "name": "Sanjeevani Fracture andAccident Hospital", "beds": null, "source": "OpenStreetMap" }, "geometry": { "type": "Point", "coordinates": [ 72.6062142, 23.0487456 ] } },
{ "type": "Feature", "properties": { "osm_id": "node/6990786215", "layer": "hospital", "role": "health_facility", "name": "Gujarat Research And Medical Institute Hospital", "beds": null, "source": "OpenStreetMap" }, "geometry": { "type": "Point", "coordinates": [ 72.628334, 23.0869528 ] } },
{ "type": "Feature", "properties": { "osm_id": "node/6990824177", "layer": "hospital", "role": "health_facility", "name": "Chirayu Surgical Hospital", "beds": null, "source": "OpenStreetMap" }, "geometry": { "type": "Point", "coordinates": [ 72.6412113, 23.0633896 ] } },
{ "type": "Feature", "properties": { "osm_id": "node/6990838192", "layer": "hospital", "role": "health_facility", "name": "Netralaya-The Eye Associates", "beds": null, "source": "OpenStreetMap" }, "geometry": { "type": "Point", "coordinates": [ 72.5572461, 23.0193008 ] } },
{ "type": "Feature", "properties": { "osm_id": "node/6990990485", "layer": "hospital", "role": "health_facility", "name": "Gayatri Childrens Hospital", "beds": null, "source": "OpenStreetMap" }, "geometry": { "type": "Point", "coordinates": [ 72.5629981, 23.0671591 ] } },
{ "type": "Feature", "properties": { "osm_id": "node/6991109755", "layer": "hospital", "role": "health_facility", "name": "Neha Children Hospitals and Neonatal Centre", "beds": null, "source": "OpenStreetMap" }, "geometry": { "type": "Point", "coordinates": [ 72.5952208, 23.0031649 ] } },
{ "type": "Feature", "properties": { "osm_id": "node/6991207885", "layer": "hospital", "role": "health_facility", "name": "Kavit Urosurgical Hospital", "beds": null, "source": "OpenStreetMap" }, "geometry": { "type": "Point", "coordinates": [ 72.5659411, 23.0396353 ] } },
{ "type": "Feature", "properties": { "osm_id": "node/6991208200", "layer": "hospital", "role": "health_facility", "name": "Auroma Ent Hospital", "beds": null, "source": "OpenStreetMap" }, "geometry": { "type": "Point", "coordinates": [ 72.5357951, 23.0598028 ] } },
{ "type": "Feature", "properties": { "osm_id": "node/6991241711", "layer": "hospital", "role": "health_facility", "name": "Sahyog General Hospital and Nursing Home", "beds": null, "source": "OpenStreetMap" }, "geometry": { "type": "Point", "coordinates": [ 72.4732058, 22.9870335 ] } },
{ "type": "Feature", "properties": { "osm_id": "node/6991261574", "layer": "hospital", "role": "health_facility", "name": "Jayshri Medical Hospital", "beds": null, "source": "OpenStreetMap" }, "geometry": { "type": "Point", "coordinates": [ 72.6367199, 23.0048808 ] } },
{ "type": "Feature", "properties": { "osm_id": "node/6991317932", "layer": "hospital", "role": "health_facility", "name": "Radha Krishna Hospital", "beds": null, "source": "OpenStreetMap" }, "geometry": { "type": "Point", "coordinates": [ 72.6041847, 23.0489175 ] } },
{ "type": "Feature", "properties": { "osm_id": "node/6993387967", "layer": "hospital", "role": "health_facility", "name": "Bhadra Clinic Hospital", "beds": null, "source": "OpenStreetMap" }, "geometry": { "type": "Point", "coordinates": [ 72.5586636, 23.0473058 ] } },
{ "type": "Feature", "properties": { "osm_id": "node/6993472071", "layer": "hospital", "role": "health_facility", "name": "V and M Orthopaedic Centre", "beds": null, "source": "OpenStreetMap" }, "geometry": { "type": "Point", "coordinates": [ 72.6068388, 22.9970288 ] } },
{ "type": "Feature", "properties": { "osm_id": "node/6993703101", "layer": "hospital", "role": "health_facility", "name": "Anand Eye Hospital,(Dr. Rohit Desai)", "beds": null, "source": "OpenStreetMap" }, "geometry": { "type": "Point", "coordinates": [ 72.560481, 23.0519251 ] } },
{ "type": "Feature", "properties": { "osm_id": "node/6993868923", "layer": "hospital", "role": "health_facility", "name": "Smt.NHL Municipal Medical College Hospital", "beds": null, "source": "OpenStreetMap" }, "geometry": { "type": "Point", "coordinates": [ 72.5714269, 23.0187158 ] } },
{ "type": "Feature", "properties": { "osm_id": "node/6993868949", "layer": "hospital", "role": "health_facility", "name": "Killol Children Hospital", "beds": null, "source": "OpenStreetMap" }, "geometry": { "type": "Point", "coordinates": [ 72.5641722, 23.0520284 ] } },
{ "type": "Feature", "properties": { "osm_id": "node/6993882537", "layer": "hospital", "role": "health_facility", "name": "Gujrat Diagnostic Center and Pathology Laboratory", "beds": null, "source": "OpenStreetMap" }, "geometry": { "type": "Point", "coordinates": [ 72.5665225, 23.016489 ] } },
{ "type": "Feature", "properties": { "osm_id": "node/6993884689", "layer": "hospital", "role": "health_facility", "name": "Giriraj Orthopaedic Hospital", "beds": null, "source": "OpenStreetMap" }, "geometry": { "type": "Point", "coordinates": [ 72.5988793, 23.0094926 ] } },
{ "type": "Feature", "properties": { "osm_id": "node/6993902494", "layer": "hospital", "role": "health_facility", "name": "BSNL Exchange", "beds": null, "source": "OpenStreetMap" }, "geometry": { "type": "Point", "coordinates": [ 72.5468244, 22.9998935 ] } },
{ "type": "Feature", "properties": { "osm_id": "node/6993975134", "layer": "hospital", "role": "health_facility", "name": "Amdawad Eye Laser Hospitals Pvt Ltd", "beds": null, "source": "OpenStreetMap" }, "geometry": { "type": "Point", "coordinates": [ 72.5454128, 23.027216 ] } },
{ "type": "Feature", "properties": { "osm_id": "node/7157714219", "layer": "hospital", "role": "health_facility", "name": "Amena Khatun General Hospital", "beds": null, "source": "OpenStreetMap" }, "geometry": { "type": "Point", "coordinates": [ 72.5191879, 22.9928112 ] } },
{ "type": "Feature", "properties": { "osm_id": "node/7862753690", "layer": "hospital", "role": "health_facility", "name": "Shree Umiya Multi Speciality Hospital", "beds": null, "source": "OpenStreetMap" }, "geometry": { "type": "Point", "coordinates": [ 72.593685, 23.019646 ] } },
{ "type": "Feature", "properties": { "osm_id": "node/7862753691", "layer": "hospital", "role": "health_facility", "name": "Vahedi Hospital", "beds": null, "source": "OpenStreetMap" }, "geometry": { "type": "Point", "coordinates": [ 72.585958, 22.999361 ] } },
{ "type": "Feature", "properties": { "osm_id": "node/7862753693", "layer": "hospital", "role": "health_facility", "name": "Jankalyan Janaseva Hospital", "beds": null, "source": "OpenStreetMap" }, "geometry": { "type": "Point", "coordinates": [ 72.5912646, 22.9634073 ] } },
{ "type": "Feature", "properties": { "osm_id": "node/7862753694", "layer": "hospital", "role": "health_facility", "name": "Shruti ENT Hospital", "beds": null, "source": "OpenStreetMap" }, "geometry": { "type": "Point", "coordinates": [ 72.609198, 22.997277 ] } },
{ "type": "Feature", "properties": { "osm_id": "node/7862753697", "layer": "hospital", "role": "health_facility", "name": "Child Care Surgical Hospital", "beds": null, "source": "OpenStreetMap" }, "geometry": { "type": "Point", "coordinates": [ 72.610435, 22.997459 ] } },
{ "type": "Feature", "properties": { "osm_id": "node/7862753698", "layer": "hospital", "role": "health_facility", "name": "Mamta Maternity Home", "beds": null, "source": "OpenStreetMap" }, "geometry": { "type": "Point", "coordinates": [ 72.5946245, 23.0234972 ] } },
{ "type": "Feature", "properties": { "osm_id": "node/7862753699", "layer": "hospital", "role": "health_facility", "name": "LM Referral Hospital", "beds": null, "source": "OpenStreetMap" }, "geometry": { "type": "Point", "coordinates": [ 72.597401, 23.018949 ] } },
{ "type": "Feature", "properties": { "osm_id": "node/7862753700", "layer": "hospital", "role": "health_facility", "name": "Mysorewala Surgical Hospital", "beds": null, "source": "OpenStreetMap" }, "geometry": { "type": "Point", "coordinates": [ 72.5900772, 23.0210847 ] } },
{ "type": "Feature", "properties": { "osm_id": "node/7862753701", "layer": "hospital", "role": "health_facility", "name": "Avishkar Multi Speciality, ICU and Trauma Centre", "beds": null, "source": "OpenStreetMap" }, "geometry": { "type": "Point", "coordinates": [ 72.611857, 22.988104 ] } },
{ "type": "Feature", "properties": { "osm_id": "node/7862753702", "layer": "hospital", "role": "health_facility", "name": "Shree Jee Eye and Orthopedic Hospital", "beds": null, "source": "OpenStreetMap" }, "geometry": { "type": "Point", "coordinates": [ 72.596633, 23.028639 ] } },
{ "type": "Feature", "properties": { "osm_id": "node/7862753703", "layer": "hospital", "role": "health_facility", "name": "Chanchalba Maternity Hospital", "beds": null, "source": "OpenStreetMap" }, "geometry": { "type": "Point", "coordinates": [ 72.6003159, 22.9995851 ] } },
{ "type": "Feature", "properties": { "osm_id": "node/7862753704", "layer": "hospital", "role": "health_facility", "name": "Dr. Ramanlal Hospital", "beds": null, "source": "OpenStreetMap" }, "geometry": { "type": "Point", "coordinates": [ 72.600585, 22.998028 ] } },
{ "type": "Feature", "properties": { "osm_id": "node/7862753706", "layer": "hospital", "role": "health_facility", "name": "Kilu ENT Hospital", "beds": null, "source": "OpenStreetMap" }, "geometry": { "type": "Point", "coordinates": [ 72.6063718, 22.9970061 ] } },
{ "type": "Feature", "properties": { "osm_id": "node/7862753709", "layer": "hospital", "role": "health_facility", "name": "Bhanu Jit Maternity and Nursing Home", "beds": null, "source": "OpenStreetMap" }, "geometry": { "type": "Point", "coordinates": [ 72.595118, 23.005749 ] } },
{ "type": "Feature", "properties": { "osm_id": "node/7862753714", "layer": "hospital", "role": "health_facility", "name": "Chhapan Hospital", "beds": null, "source": "OpenStreetMap" }, "geometry": { "type": "Point", "coordinates": [ 72.591737, 23.02645 ] } },
{ "type": "Feature", "properties": { "osm_id": "node/7862753715", "layer": "hospital", "role": "health_facility", "name": "Shree Shakti General Hospital", "beds": null, "source": "OpenStreetMap" }, "geometry": { "type": "Point", "coordinates": [ 72.5893488, 22.9666916 ] } },
{ "type": "Feature", "properties": { "osm_id": "node/7862753717", "layer": "hospital", "role": "health_facility", "name": "Artificial Eye Surgery", "beds": null, "source": "OpenStreetMap" }, "geometry": { "type": "Point", "coordinates": [ 72.607654, 23.002052 ] } },
{ "type": "Feature", "properties": { "osm_id": "node/7862753719", "layer": "hospital", "role": "health_facility", "name": "Pinakin Dalal Hospital", "beds": null, "source": "OpenStreetMap" }, "geometry": { "type": "Point", "coordinates": [ 72.5933157, 23.029419 ] } },
{ "type": "Feature", "properties": { "osm_id": "node/7862753720", "layer": "hospital", "role": "health_facility", "name": "Maryam Hospital", "beds": null, "source": "OpenStreetMap" }, "geometry": { "type": "Point", "coordinates": [ 72.588856, 22.981501 ] } },
{ "type": "Feature", "properties": { "osm_id": "node/7862753721", "layer": "hospital", "role": "health_facility", "name": "Gurunanak Hospital", "beds": null, "source": "OpenStreetMap" }, "geometry": { "type": "Point", "coordinates": [ 72.616878, 22.984428 ] } },
{ "type": "Feature", "properties": { "osm_id": "node/7862753722", "layer": "hospital", "role": "health_facility", "name": "Hazrat Amina BIbi Hospital", "beds": null, "source": "OpenStreetMap" }, "geometry": { "type": "Point", "coordinates": [ 72.5884667, 22.9947749 ] } },
{ "type": "Feature", "properties": { "osm_id": "node/7862753724", "layer": "hospital", "role": "health_facility", "name": "Sambhav General Hospital", "beds": null, "source": "OpenStreetMap" }, "geometry": { "type": "Point", "coordinates": [ 72.583296, 23.006527 ] } },
{ "type": "Feature", "properties": { "osm_id": "node/7862753726", "layer": "hospital", "role": "health_facility", "name": "Kushi Women Hospital", "beds": null, "source": "OpenStreetMap" }, "geometry": { "type": "Point", "coordinates": [ 72.608195, 23.000266 ] } },
{ "type": "Feature", "properties": { "osm_id": "node/7862753727", "layer": "hospital", "role": "health_facility", "name": "Mithakhali Stavya Hospital", "beds": null, "source": "OpenStreetMap" }, "geometry": { "type": "Point", "coordinates": [ 72.601663, 22.9969506 ] } },
{ "type": "Feature", "properties": { "osm_id": "node/7862753729", "layer": "hospital", "role": "health_facility", "name": "Narol ICU and Multi Speciality Hospital", "beds": null, "source": "OpenStreetMap" }, "geometry": { "type": "Point", "coordinates": [ 72.5903719, 22.9646691 ] } },
{ "type": "Feature", "properties": { "osm_id": "node/7862753732", "layer": "hospital", "role": "health_facility", "name": "Jatan Children Hospital", "beds": null, "source": "OpenStreetMap" }, "geometry": { "type": "Point", "coordinates": [ 72.593349, 23.019026 ] } },
{ "type": "Feature", "properties": { "osm_id": "node/7862753733", "layer": "hospital", "role": "health_facility", "name": "Little Flower Neonatal and Pediatric Super Speciality Hospital", "beds": null, "source": "OpenStreetMap" }, "geometry": { "type": "Point", "coordinates": [ 72.607322, 22.993645 ] } },
{ "type": "Feature", "properties": { "osm_id": "node/7862753734", "layer": "hospital", "role": "health_facility", "name": "Parikh Orthopedic Hospital", "beds": null, "source": "OpenStreetMap" }, "geometry": { "type": "Point", "coordinates": [ 72.608657, 22.996403 ] } },
{ "type": "Feature", "properties": { "osm_id": "node/7862753735", "layer": "hospital", "role": "health_facility", "name": "Divya Children's Hospital", "beds": null, "source": "OpenStreetMap" }, "geometry": { "type": "Point", "coordinates": [ 72.597732, 23.023421 ] } },
{ "type": "Feature", "properties": { "osm_id": "node/7862753736", "layer": "hospital", "role": "health_facility", "name": "Chinubhai Baronet Hospital", "beds": null, "source": "OpenStreetMap" }, "geometry": { "type": "Point", "coordinates": [ 72.598982, 23.024842 ] } },
{ "type": "Feature", "properties": { "osm_id": "node/7862753737", "layer": "hospital", "role": "health_facility", "name": "Navdeep Hospital", "beds": null, "source": "OpenStreetMap" }, "geometry": { "type": "Point", "coordinates": [ 72.596416, 23.003436 ] } },
{ "type": "Feature", "properties": { "osm_id": "node/7862753738", "layer": "hospital", "role": "health_facility", "name": "Hindu Muslim Ekta Trust Hospital", "beds": null, "source": "OpenStreetMap" }, "geometry": { "type": "Point", "coordinates": [ 72.587951, 23.012988 ] } },
{ "type": "Feature", "properties": { "osm_id": "node/7862753739", "layer": "hospital", "role": "health_facility", "name": "Dr. Tanumati Shah Hospital", "beds": null, "source": "OpenStreetMap" }, "geometry": { "type": "Point", "coordinates": [ 72.592461, 23.029011 ] } },
{ "type": "Feature", "properties": { "osm_id": "node/7862753740", "layer": "hospital", "role": "health_facility", "name": "Munsipal Hospital", "beds": null, "source": "OpenStreetMap" }, "geometry": { "type": "Point", "coordinates": [ 72.585876, 23.009168 ] } },
{ "type": "Feature", "properties": { "osm_id": "node/7862753741", "layer": "hospital", "role": "health_facility", "name": "Mediclaim Hospital", "beds": null, "source": "OpenStreetMap" }, "geometry": { "type": "Point", "coordinates": [ 72.5934357, 22.9646606 ] } },
{ "type": "Feature", "properties": { "osm_id": "node/7862753742", "layer": "hospital", "role": "health_facility", "name": "Maya Maternity Hospital", "beds": null, "source": "OpenStreetMap" }, "geometry": { "type": "Point", "coordinates": [ 72.6075168, 22.9949326 ] } },
{ "type": "Feature", "properties": { "osm_id": "node/7862753743", "layer": "hospital", "role": "health_facility", "name": "Chhipa Welfare Trust Hospital", "beds": null, "source": "OpenStreetMap" }, "geometry": { "type": "Point", "coordinates": [ 72.587351, 23.015985 ] } },
{ "type": "Feature", "properties": { "osm_id": "node/7862753744", "layer": "hospital", "role": "health_facility", "name": "TB Hospital", "beds": null, "source": "OpenStreetMap" }, "geometry": { "type": "Point", "coordinates": [ 72.5908296, 23.0151021 ] } },
{ "type": "Feature", "properties": { "osm_id": "node/7862753745", "layer": "hospital", "role": "health_facility", "name": "Jay Orthopedic Hospital", "beds": null, "source": "OpenStreetMap" }, "geometry": { "type": "Point", "coordinates": [ 72.587214, 23.02691 ] } },
{ "type": "Feature", "properties": { "osm_id": "node/7862753749", "layer": "hospital", "role": "health_facility", "name": "Sharda Surgical Hospital", "beds": null, "source": "OpenStreetMap" }, "geometry": { "type": "Point", "coordinates": [ 72.609335, 22.997027 ] } },
{ "type": "Feature", "properties": { "osm_id": "node/7862753750", "layer": "hospital", "role": "health_facility", "name": "Sheth Jamnabhai Bhagubhai Trust", "beds": null, "source": "OpenStreetMap" }, "geometry": { "type": "Point", "coordinates": [ 72.5919014, 23.0259793 ] } },
{ "type": "Feature", "properties": { "osm_id": "node/7862753751", "layer": "hospital", "role": "health_facility", "name": "Shivam Children Hospital and Pediatric Critical Care Centre", "beds": null, "source": "OpenStreetMap" }, "geometry": { "type": "Point", "coordinates": [ 72.6037424, 23.0003225 ] } },
{ "type": "Feature", "properties": { "osm_id": "node/7862753752", "layer": "hospital", "role": "health_facility", "name": "Parijat Children Hospital", "beds": null, "source": "OpenStreetMap" }, "geometry": { "type": "Point", "coordinates": [ 72.5905625, 23.0293947 ] } },
{ "type": "Feature", "properties": { "osm_id": "node/7862753753", "layer": "hospital", "role": "health_facility", "name": "Aaditya Spine Hospital", "beds": null, "source": "OpenStreetMap" }, "geometry": { "type": "Point", "coordinates": [ 72.5917151, 23.0058864 ] } },
{ "type": "Feature", "properties": { "osm_id": "node/7862753757", "layer": "hospital", "role": "health_facility", "name": "Safal Children Hospital", "beds": null, "source": "OpenStreetMap" }, "geometry": { "type": "Point", "coordinates": [ 72.5877721, 23.0012666 ] } },
{ "type": "Feature", "properties": { "osm_id": "node/7862753758", "layer": "hospital", "role": "health_facility", "name": "Janani Women and Children Hospital", "beds": null, "source": "OpenStreetMap" }, "geometry": { "type": "Point", "coordinates": [ 72.590532, 22.9644685 ] } },
{ "type": "Feature", "properties": { "osm_id": "node/7862753759", "layer": "hospital", "role": "health_facility", "name": "Devam Hospital", "beds": null, "source": "OpenStreetMap" }, "geometry": { "type": "Point", "coordinates": [ 72.608487, 23.000081 ] } },
{ "type": "Feature", "properties": { "osm_id": "node/7863727736", "layer": "hospital", "role": "health_facility", "name": "Matru Chhaya Hospital", "beds": null, "source": "OpenStreetMap" }, "geometry": { "type": "Point", "coordinates": [ 72.612253, 22.954141 ] } },
{ "type": "Feature", "properties": { "osm_id": "node/7863727738", "layer": "hospital", "role": "health_facility", "name": "Remedy Hospital", "beds": null, "source": "OpenStreetMap" }, "geometry": { "type": "Point", "coordinates": [ 72.600519, 22.983088 ] } },
{ "type": "Feature", "properties": { "osm_id": "node/7863727740", "layer": "hospital", "role": "health_facility", "name": "Sparsh Multi Speciality Hospital", "beds": null, "source": "OpenStreetMap" }, "geometry": { "type": "Point", "coordinates": [ 72.624931, 22.966305 ] } },
{ "type": "Feature", "properties": { "osm_id": "node/7863727741", "layer": "hospital", "role": "health_facility", "name": "Dirgayu Orthopedic Hospital", "beds": null, "source": "OpenStreetMap" }, "geometry": { "type": "Point", "coordinates": [ 72.6010063, 22.9768837 ] } },
{ "type": "Feature", "properties": { "osm_id": "node/7863727742", "layer": "hospital", "role": "health_facility", "name": "Suman Hospital", "beds": null, "source": "OpenStreetMap" }, "geometry": { "type": "Point", "coordinates": [ 72.611161, 22.981475 ] } },
{ "type": "Feature", "properties": { "osm_id": "node/7863727743", "layer": "hospital", "role": "health_facility", "name": "Kashiba General Hospital", "beds": null, "source": "OpenStreetMap" }, "geometry": { "type": "Point", "coordinates": [ 72.615888, 22.953285 ] } },
{ "type": "Feature", "properties": { "osm_id": "node/7863727745", "layer": "hospital", "role": "health_facility", "name": "Vimala Hospital", "beds": null, "source": "OpenStreetMap" }, "geometry": { "type": "Point", "coordinates": [ 72.617867, 22.967894 ] } },
{ "type": "Feature", "properties": { "osm_id": "node/7863727746", "layer": "hospital", "role": "health_facility", "name": "Doctor Bhatt's Hospital", "beds": null, "source": "OpenStreetMap" }, "geometry": { "type": "Point", "coordinates": [ 72.604727, 22.971831 ] } },
{ "type": "Feature", "properties": { "osm_id": "node/7863727747", "layer": "hospital", "role": "health_facility", "name": "Medicure Hospital", "beds": null, "source": "OpenStreetMap" }, "geometry": { "type": "Point", "coordinates": [ 72.5931204, 22.9704828 ] } },
{ "type": "Feature", "properties": { "osm_id": "node/7863727748", "layer": "hospital", "role": "health_facility", "name": "Ratan Hospital", "beds": null, "source": "OpenStreetMap" }, "geometry": { "type": "Point", "coordinates": [ 72.592925, 22.977063 ] } },
{ "type": "Feature", "properties": { "osm_id": "node/7863727751", "layer": "hospital", "role": "health_facility", "name": "Smruti Multi Speciality Hospital", "beds": null, "source": "OpenStreetMap" }, "geometry": { "type": "Point", "coordinates": [ 72.611594, 22.974308 ] } },
{ "type": "Feature", "properties": { "osm_id": "node/7863727754", "layer": "hospital", "role": "health_facility", "name": "Harsh Hospital", "beds": null, "source": "OpenStreetMap" }, "geometry": { "type": "Point", "coordinates": [ 72.6244409, 22.9515073 ] } },
{ "type": "Feature", "properties": { "osm_id": "node/7863727755", "layer": "hospital", "role": "health_facility", "name": "Shakur Children Hospital", "beds": null, "source": "OpenStreetMap" }, "geometry": { "type": "Point", "coordinates": [ 72.5983418, 22.979498 ] } },
{ "type": "Feature", "properties": { "osm_id": "node/7863727756", "layer": "hospital", "role": "health_facility", "name": "Abhinav Hospital", "beds": null, "source": "OpenStreetMap" }, "geometry": { "type": "Point", "coordinates": [ 72.6159949, 22.9664477 ] } },
{ "type": "Feature", "properties": { "osm_id": "node/7863727757", "layer": "hospital", "role": "health_facility", "name": "Lambha Skin Hospital", "beds": null, "source": "OpenStreetMap" }, "geometry": { "type": "Point", "coordinates": [ 72.5760578, 22.9339127 ] } },
{ "type": "Feature", "properties": { "osm_id": "node/7863727759", "layer": "hospital", "role": "health_facility", "name": "Chiranjeevi Hospital", "beds": null, "source": "OpenStreetMap" }, "geometry": { "type": "Point", "coordinates": [ 72.601692, 22.975087 ] } },
{ "type": "Feature", "properties": { "osm_id": "node/7863727760", "layer": "hospital", "role": "health_facility", "name": "Ashirvad Hospital", "beds": null, "source": "OpenStreetMap" }, "geometry": { "type": "Point", "coordinates": [ 72.601175, 22.979475 ] } },
{ "type": "Feature", "properties": { "osm_id": "node/7863727761", "layer": "hospital", "role": "health_facility", "name": "Roshan General Hospital", "beds": null, "source": "OpenStreetMap" }, "geometry": { "type": "Point", "coordinates": [ 72.61044, 22.963029 ] } },
{ "type": "Feature", "properties": { "osm_id": "node/7863727762", "layer": "hospital", "role": "health_facility", "name": "Jyoti Eye Care Hospital", "beds": null, "source": "OpenStreetMap" }, "geometry": { "type": "Point", "coordinates": [ 72.6028164, 22.9831626 ] } },
{ "type": "Feature", "properties": { "osm_id": "node/7863727763", "layer": "hospital", "role": "health_facility", "name": "Dr. Pandya's Maternity Nursing Home", "beds": null, "source": "OpenStreetMap" }, "geometry": { "type": "Point", "coordinates": [ 72.6024947, 22.9857798 ] } },
{ "type": "Feature", "properties": { "osm_id": "node/7863727766", "layer": "hospital", "role": "health_facility", "name": "Eye Sight Vision Care Hospital", "beds": null, "source": "OpenStreetMap" }, "geometry": { "type": "Point", "coordinates": [ 72.610165, 22.978896 ] } },
{ "type": "Feature", "properties": { "osm_id": "node/7863727767", "layer": "hospital", "role": "health_facility", "name": "New Shraddha Hospital", "beds": null, "source": "OpenStreetMap" }, "geometry": { "type": "Point", "coordinates": [ 72.5969418, 22.9797902 ] } },
{ "type": "Feature", "properties": { "osm_id": "node/7863727768", "layer": "hospital", "role": "health_facility", "name": "Vedanth Medical Hospital", "beds": null, "source": "OpenStreetMap" }, "geometry": { "type": "Point", "coordinates": [ 72.606863, 22.981784 ] } },
{ "type": "Feature", "properties": { "osm_id": "node/7863727771", "layer": "hospital", "role": "health_facility", "name": "Krishna General Hospital", "beds": null, "source": "OpenStreetMap" }, "geometry": { "type": "Point", "coordinates": [ 72.614834, 22.93826 ] } },
{ "type": "Feature", "properties": { "osm_id": "node/7863727772", "layer": "hospital", "role": "health_facility", "name": "Balaji Speciality Hospital", "beds": null, "source": "OpenStreetMap" }, "geometry": { "type": "Point", "coordinates": [ 72.611169, 22.978245 ] } },
{ "type": "Feature", "properties": { "osm_id": "node/7863727774", "layer": "hospital", "role": "health_facility", "name": "Pramukh Hospital and Research Centre", "beds": null, "source": "OpenStreetMap" }, "geometry": { "type": "Point", "coordinates": [ 72.6149817, 22.9382867 ] } },
{ "type": "Feature", "properties": { "osm_id": "node/7863727775", "layer": "hospital", "role": "health_facility", "name": "Indira Women's Care and Multi Speciality Hospital", "beds": null, "source": "OpenStreetMap" }, "geometry": { "type": "Point", "coordinates": [ 72.598012, 22.948094 ] } },
{ "type": "Feature", "properties": { "osm_id": "node/7863727777", "layer": "hospital", "role": "health_facility", "name": "Dirdhau Hospital", "beds": null, "source": "OpenStreetMap" }, "geometry": { "type": "Point", "coordinates": [ 72.6032425, 22.9820852 ] } },
{ "type": "Feature", "properties": { "osm_id": "node/7863727778", "layer": "hospital", "role": "health_facility", "name": "U.N. Mehta Eye Hospital", "beds": null, "source": "OpenStreetMap" }, "geometry": { "type": "Point", "coordinates": [ 72.618997, 22.958951 ] } },
{ "type": "Feature", "properties": { "osm_id": "node/7863727780", "layer": "hospital", "role": "health_facility", "name": "Dr. K.B. Bhagatariya Hospital", "beds": null, "source": "OpenStreetMap" }, "geometry": { "type": "Point", "coordinates": [ 72.5872561, 22.972368 ] } },
{ "type": "Feature", "properties": { "osm_id": "node/7863727781", "layer": "hospital", "role": "health_facility", "name": "Aman Multi Speciality Hospital", "beds": null, "source": "OpenStreetMap" }, "geometry": { "type": "Point", "coordinates": [ 72.608201, 22.9605 ] } },
{ "type": "Feature", "properties": { "osm_id": "node/7863727782", "layer": "hospital", "role": "health_facility", "name": "Apoorva Women's Hospital", "beds": null, "source": "OpenStreetMap" }, "geometry": { "type": "Point", "coordinates": [ 72.6097705, 22.9787938 ] } },
{ "type": "Feature", "properties": { "osm_id": "node/7863727783", "layer": "hospital", "role": "health_facility", "name": "Shraddha Hospital", "beds": null, "source": "OpenStreetMap" }, "geometry": { "type": "Point", "coordinates": [ 72.595008, 22.98027 ] } },
{ "type": "Feature", "properties": { "osm_id": "node/7863727784", "layer": "hospital", "role": "health_facility", "name": "Clear Vision Eye Hospital", "beds": null, "source": "OpenStreetMap" }, "geometry": { "type": "Point", "coordinates": [ 72.608642, 22.978672 ] } },
{ "type": "Feature", "properties": { "osm_id": "node/7863727785", "layer": "hospital", "role": "health_facility", "name": "Akshar Hospital", "beds": null, "source": "OpenStreetMap" }, "geometry": { "type": "Point", "coordinates": [ 72.610699, 22.98106 ] } },
{ "type": "Feature", "properties": { "osm_id": "node/7863727786", "layer": "hospital", "role": "health_facility", "name": "Shree Nathe Hospital", "beds": null, "source": "OpenStreetMap" }, "geometry": { "type": "Point", "coordinates": [ 72.6023636, 22.9811997 ] } },
{ "type": "Feature", "properties": { "osm_id": "node/7863727787", "layer": "hospital", "role": "health_facility", "name": "Prerana Gynec and Maternity Hospital", "beds": null, "source": "OpenStreetMap" }, "geometry": { "type": "Point", "coordinates": [ 72.602266, 22.974803 ] } },
{ "type": "Feature", "properties": { "osm_id": "node/7863727788", "layer": "hospital", "role": "health_facility", "name": "Dr. Shah's Maternity and Nursing Home", "beds": null, "source": "OpenStreetMap" }, "geometry": { "type": "Point", "coordinates": [ 72.6026036, 22.9840852 ] } },
{ "type": "Feature", "properties": { "osm_id": "node/7863727790", "layer": "hospital", "role": "health_facility", "name": "Shreeji Children's Hospital", "beds": null, "source": "OpenStreetMap" }, "geometry": { "type": "Point", "coordinates": [ 72.6029, 22.981784 ] } },
{ "type": "Feature", "properties": { "osm_id": "node/7863727792", "layer": "hospital", "role": "health_facility", "name": "Shraddha Orthopaedic Hospital", "beds": null, "source": "OpenStreetMap" }, "geometry": { "type": "Point", "coordinates": [ 72.598519, 22.9810392 ] } },
{ "type": "Feature", "properties": { "osm_id": "node/7863727793", "layer": "hospital", "role": "health_facility", "name": "Safal Hospital", "beds": null, "source": "OpenStreetMap" }, "geometry": { "type": "Point", "coordinates": [ 72.611815, 22.957118 ] } },
{ "type": "Feature", "properties": { "osm_id": "node/7863727794", "layer": "hospital", "role": "health_facility", "name": "Shraddha Children Hospital", "beds": null, "source": "OpenStreetMap" }, "geometry": { "type": "Point", "coordinates": [ 72.6022206, 22.9757579 ] } },
{ "type": "Feature", "properties": { "osm_id": "node/7863727795", "layer": "hospital", "role": "health_facility", "name": "Aatman Hospital", "beds": null, "source": "OpenStreetMap" }, "geometry": { "type": "Point", "coordinates": [ 72.6001796, 22.983673 ] } },
{ "type": "Feature", "properties": { "osm_id": "node/7863727796", "layer": "hospital", "role": "health_facility", "name": "Swami Sadanand Hospital", "beds": null, "source": "OpenStreetMap" }, "geometry": { "type": "Point", "coordinates": [ 72.6117361, 22.9598509 ] } },
{ "type": "Feature", "properties": { "osm_id": "node/7863727797", "layer": "hospital", "role": "health_facility", "name": "Chiranjeev Children Hospital", "beds": null, "source": "OpenStreetMap" }, "geometry": { "type": "Point", "coordinates": [ 72.612341, 22.955252 ] } },
{ "type": "Feature", "properties": { "osm_id": "node/7863727799", "layer": "hospital", "role": "health_facility", "name": "Anand Children Hospital", "beds": null, "source": "OpenStreetMap" }, "geometry": { "type": "Point", "coordinates": [ 72.6009535, 22.9769658 ] } },
{ "type": "Feature", "properties": { "osm_id": "node/7863727800", "layer": "hospital", "role": "health_facility", "name": "Shri Ji Kripa Prasuti Griha Hospital", "beds": null, "source": "OpenStreetMap" }, "geometry": { "type": "Point", "coordinates": [ 72.612777, 22.953387 ] } },
{ "type": "Feature", "properties": { "osm_id": "node/7864058597", "layer": "hospital", "role": "health_facility", "name": "Rameshwar Multi Speciality Hospital", "beds": null, "source": "OpenStreetMap" }, "geometry": { "type": "Point", "coordinates": [ 72.6222017, 23.0582776 ] } },
{ "type": "Feature", "properties": { "osm_id": "node/7864058598", "layer": "hospital", "role": "health_facility", "name": "Sevak Maternity & Surgical Hospital", "beds": null, "source": "OpenStreetMap" }, "geometry": { "type": "Point", "coordinates": [ 72.596062, 23.096892 ] } },
{ "type": "Feature", "properties": { "osm_id": "node/7864058601", "layer": "hospital", "role": "health_facility", "name": "Navjivan Hospital", "beds": null, "source": "OpenStreetMap" }, "geometry": { "type": "Point", "coordinates": [ 72.581545, 23.114943 ] } },
{ "type": "Feature", "properties": { "osm_id": "node/7864058603", "layer": "hospital", "role": "health_facility", "name": "Munciapl Prasuti Hospital", "beds": null, "source": "OpenStreetMap" }, "geometry": { "type": "Point", "coordinates": [ 72.5798849, 23.0376047 ] } },
{ "type": "Feature", "properties": { "osm_id": "node/7864058605", "layer": "hospital", "role": "health_facility", "name": "Pushp Hospital and Maternity Home", "beds": null, "source": "OpenStreetMap" }, "geometry": { "type": "Point", "coordinates": [ 72.578769, 23.114332 ] } },
{ "type": "Feature", "properties": { "osm_id": "node/7864058606", "layer": "hospital", "role": "health_facility", "name": "Devarshi Super Speciality Hospital", "beds": null, "source": "OpenStreetMap" }, "geometry": { "type": "Point", "coordinates": [ 72.582052, 23.122105 ] } },
{ "type": "Feature", "properties": { "osm_id": "node/7864058608", "layer": "hospital", "role": "health_facility", "name": "Adhvait Psychiatry Hospital", "beds": null, "source": "OpenStreetMap" }, "geometry": { "type": "Point", "coordinates": [ 72.576487, 23.038118 ] } },
{ "type": "Feature", "properties": { "osm_id": "node/7864058609", "layer": "hospital", "role": "health_facility", "name": "Faiz Hospital", "beds": null, "source": "OpenStreetMap" }, "geometry": { "type": "Point", "coordinates": [ 72.5794455, 22.996289 ] } },
{ "type": "Feature", "properties": { "osm_id": "node/7864058610", "layer": "hospital", "role": "health_facility", "name": "Shahpur Medical Hospital", "beds": null, "source": "OpenStreetMap" }, "geometry": { "type": "Point", "coordinates": [ 72.5781671, 23.0360108 ] } },
{ "type": "Feature", "properties": { "osm_id": "node/7864058612", "layer": "hospital", "role": "health_facility", "name": "Krishna Maternity and Nursing Home", "beds": null, "source": "OpenStreetMap" }, "geometry": { "type": "Point", "coordinates": [ 72.5815979, 23.045083 ] } },
{ "type": "Feature", "properties": { "osm_id": "node/7864058613", "layer": "hospital", "role": "health_facility", "name": "Rajdip Children Hospital", "beds": null, "source": "OpenStreetMap" }, "geometry": { "type": "Point", "coordinates": [ 72.590307, 23.08992 ] } },
{ "type": "Feature", "properties": { "osm_id": "node/7864058615", "layer": "hospital", "role": "health_facility", "name": "Navodaya Hospital for Neonates and Children", "beds": null, "source": "OpenStreetMap" }, "geometry": { "type": "Point", "coordinates": [ 72.5847083, 23.1112092 ] } },
{ "type": "Feature", "properties": { "osm_id": "node/7864058616", "layer": "hospital", "role": "health_facility", "name": "ESIC Hospital", "beds": null, "source": "OpenStreetMap" }, "geometry": { "type": "Point", "coordinates": [ 72.589815, 23.053458 ] } },
{ "type": "Feature", "properties": { "osm_id": "node/7864058617", "layer": "hospital", "role": "health_facility", "name": "Chandkheda Orthopedic & Surgical Hospital", "beds": null, "source": "OpenStreetMap" }, "geometry": { "type": "Point", "coordinates": [ 72.583096, 23.113705 ] } },
{ "type": "Feature", "properties": { "osm_id": "node/7864058619", "layer": "hospital", "role": "health_facility", "name": "Parimal Hospital", "beds": null, "source": "OpenStreetMap" }, "geometry": { "type": "Point", "coordinates": [ 72.5958301, 23.0958571 ] } },
{ "type": "Feature", "properties": { "osm_id": "node/7864058621", "layer": "hospital", "role": "health_facility", "name": "Shivam Surgical and Dental Hospital", "beds": null, "source": "OpenStreetMap" }, "geometry": { "type": "Point", "coordinates": [ 72.582827, 23.114583 ] } },
{ "type": "Feature", "properties": { "osm_id": "node/7864058623", "layer": "hospital", "role": "health_facility", "name": "Maheshwari Children Hospital", "beds": null, "source": "OpenStreetMap" }, "geometry": { "type": "Point", "coordinates": [ 72.5795035, 23.0403546 ] } },
{ "type": "Feature", "properties": { "osm_id": "node/7864058625", "layer": "hospital", "role": "health_facility", "name": "Sagar Multi Speciality Hospital", "beds": null, "source": "OpenStreetMap" }, "geometry": { "type": "Point", "coordinates": [ 72.581574, 23.048956 ] } },
{ "type": "Feature", "properties": { "osm_id": "node/7864058626", "layer": "hospital", "role": "health_facility", "name": "Kamal Hospital", "beds": null, "source": "OpenStreetMap" }, "geometry": { "type": "Point", "coordinates": [ 72.61811, 23.059688 ] } },
{ "type": "Feature", "properties": { "osm_id": "node/7864058627", "layer": "hospital", "role": "health_facility", "name": "Mumtaz Hospital", "beds": null, "source": "OpenStreetMap" }, "geometry": { "type": "Point", "coordinates": [ 72.5785891, 22.9966232 ] } },
{ "type": "Feature", "properties": { "osm_id": "node/7864058628", "layer": "hospital", "role": "health_facility", "name": "Gcs Hospital", "beds": null, "source": "OpenStreetMap" }, "geometry": { "type": "Point", "coordinates": [ 72.6082995, 23.0465734 ] } },
{ "type": "Feature", "properties": { "osm_id": "node/7864058629", "layer": "hospital", "role": "health_facility", "name": "Shreeja Krupa Children Hospital", "beds": null, "source": "OpenStreetMap" }, "geometry": { "type": "Point", "coordinates": [ 72.5774069, 23.032378 ] } },
{ "type": "Feature", "properties": { "osm_id": "node/7864058632", "layer": "hospital", "role": "health_facility", "name": "Shraddha Multi Speciality Hospital", "beds": null, "source": "OpenStreetMap" }, "geometry": { "type": "Point", "coordinates": [ 72.577351, 23.032023 ] } },
{ "type": "Feature", "properties": { "osm_id": "node/7864058634", "layer": "hospital", "role": "health_facility", "name": "Neuron Neuro Surgical Hospital", "beds": null, "source": "OpenStreetMap" }, "geometry": { "type": "Point", "coordinates": [ 72.576397, 23.037853 ] } },
{ "type": "Feature", "properties": { "osm_id": "node/7864058635", "layer": "hospital", "role": "health_facility", "name": "Military Hospital", "beds": null, "source": "OpenStreetMap" }, "geometry": { "type": "Point", "coordinates": [ 72.601892, 23.058909 ] } },
{ "type": "Feature", "properties": { "osm_id": "node/7864058636", "layer": "hospital", "role": "health_facility", "name": "Krishna Hospital", "beds": null, "source": "OpenStreetMap" }, "geometry": { "type": "Point", "coordinates": [ 72.5777147, 23.0402323 ] } },
{ "type": "Feature", "properties": { "osm_id": "node/7864058637", "layer": "hospital", "role": "health_facility", "name": "Ansh Multispeciality Hospital", "beds": null, "source": "OpenStreetMap" }, "geometry": { "type": "Point", "coordinates": [ 72.580661, 23.114667 ] } },
{ "type": "Feature", "properties": { "osm_id": "node/7864058638", "layer": "hospital", "role": "health_facility", "name": "Sonal Maternity Hospital", "beds": null, "source": "OpenStreetMap" }, "geometry": { "type": "Point", "coordinates": [ 72.6208766, 23.0547951 ] } },
{ "type": "Feature", "properties": { "osm_id": "node/7864058639", "layer": "hospital", "role": "health_facility", "name": "Sentara Multispeciality Hospital", "beds": null, "source": "OpenStreetMap" }, "geometry": { "type": "Point", "coordinates": [ 72.5834513, 23.1125242 ] } },
{ "type": "Feature", "properties": { "osm_id": "node/7864058641", "layer": "hospital", "role": "health_facility", "name": "Lokhandwala General Hospital", "beds": null, "source": "OpenStreetMap" }, "geometry": { "type": "Point", "coordinates": [ 72.5951832, 23.0347002 ] } },
{ "type": "Feature", "properties": { "osm_id": "node/7864058642", "layer": "hospital", "role": "health_facility", "name": "Bachardas Lashkari Hospital", "beds": null, "source": "OpenStreetMap" }, "geometry": { "type": "Point", "coordinates": [ 72.588423, 23.035637 ] } },
{ "type": "Feature", "properties": { "osm_id": "node/7864058644", "layer": "hospital", "role": "health_facility", "name": "Rhythm Heart and Medical Hospital", "beds": null, "source": "OpenStreetMap" }, "geometry": { "type": "Point", "coordinates": [ 72.583182, 23.113388 ] } },
{ "type": "Feature", "properties": { "osm_id": "node/7864058646", "layer": "hospital", "role": "health_facility", "name": "Lotus Multispeciality Hospital", "beds": null, "source": "OpenStreetMap" }, "geometry": { "type": "Point", "coordinates": [ 72.6025578, 23.1044464 ] } },
{ "type": "Feature", "properties": { "osm_id": "node/7864058651", "layer": "hospital", "role": "health_facility", "name": "Gujarat State Police Welfare Hospital", "beds": null, "source": "OpenStreetMap" }, "geometry": { "type": "Point", "coordinates": [ 72.590092, 23.055335 ] } },
{ "type": "Feature", "properties": { "osm_id": "node/7864058652", "layer": "hospital", "role": "health_facility", "name": "Ashirwad Maternity and Nursing Home", "beds": null, "source": "OpenStreetMap" }, "geometry": { "type": "Point", "coordinates": [ 72.620709, 23.056258 ] } },
{ "type": "Feature", "properties": { "osm_id": "node/7864058653", "layer": "hospital", "role": "health_facility", "name": "New Life Hospital", "beds": null, "source": "OpenStreetMap" }, "geometry": { "type": "Point", "coordinates": [ 72.579059, 22.995486 ] } },
{ "type": "Feature", "properties": { "osm_id": "node/7864058655", "layer": "hospital", "role": "health_facility", "name": "Puneet Maternity Nursing Home", "beds": null, "source": "OpenStreetMap" }, "geometry": { "type": "Point", "coordinates": [ 72.596142, 23.051416 ] } },
{ "type": "Feature", "properties": { "osm_id": "node/7864058656", "layer": "hospital", "role": "health_facility", "name": "Indus Hospital", "beds": null, "source": "OpenStreetMap" }, "geometry": { "type": "Point", "coordinates": [ 72.591111, 23.092043 ] } },
{ "type": "Feature", "properties": { "osm_id": "node/7864058657", "layer": "hospital", "role": "health_facility", "name": "Chepirog Hospital", "beds": null, "source": "OpenStreetMap" }, "geometry": { "type": "Point", "coordinates": [ 72.576899, 23.001026 ] } },
{ "type": "Feature", "properties": { "osm_id": "node/7864058658", "layer": "hospital", "role": "health_facility", "name": "Jain Hospital", "beds": null, "source": "OpenStreetMap" }, "geometry": { "type": "Point", "coordinates": [ 72.5953342, 23.0521027 ] } },
{ "type": "Feature", "properties": { "osm_id": "node/7864058660", "layer": "hospital", "role": "health_facility", "name": "Clear Vision Eye Hospital", "beds": null, "source": "OpenStreetMap" }, "geometry": { "type": "Point", "coordinates": [ 72.589386, 23.045993 ] } },
{ "type": "Feature", "properties": { "osm_id": "node/7864058661", "layer": "hospital", "role": "health_facility", "name": "Param Multispeciality Hospital", "beds": null, "source": "OpenStreetMap" }, "geometry": { "type": "Point", "coordinates": [ 72.5976157, 23.1047391 ] } },
{ "type": "Feature", "properties": { "osm_id": "node/7864058664", "layer": "hospital", "role": "health_facility", "name": "Shivam Hospital", "beds": null, "source": "OpenStreetMap" }, "geometry": { "type": "Point", "coordinates": [ 72.5778602, 23.0399922 ] } },
{ "type": "Feature", "properties": { "osm_id": "node/7864133778", "layer": "hospital", "role": "health_facility", "name": "Hridaan Hospital & Pharmacy", "beds": null, "source": "OpenStreetMap" }, "geometry": { "type": "Point", "coordinates": [ 72.5469031, 23.0943467 ] } },
{ "type": "Feature", "properties": { "osm_id": "node/7864133781", "layer": "hospital", "role": "health_facility", "name": "Sai Krupa Hospital", "beds": null, "source": "OpenStreetMap" }, "geometry": { "type": "Point", "coordinates": [ 72.5134997, 23.0188276 ] } },
{ "type": "Feature", "properties": { "osm_id": "node/7864133783", "layer": "hospital", "role": "health_facility", "name": "Shreeji ENT and Orthopaedic Hospital", "beds": null, "source": "OpenStreetMap" }, "geometry": { "type": "Point", "coordinates": [ 72.5343808, 23.0464267 ] } },
{ "type": "Feature", "properties": { "osm_id": "node/7864133797", "layer": "hospital", "role": "health_facility", "name": "Life Care Hospital", "beds": null, "source": "OpenStreetMap" }, "geometry": { "type": "Point", "coordinates": [ 72.459589, 23.032409 ] } },
{ "type": "Feature", "properties": { "osm_id": "node/7864133804", "layer": "hospital", "role": "health_facility", "name": "Tender Touch Children's Hospital", "beds": null, "source": "OpenStreetMap" }, "geometry": { "type": "Point", "coordinates": [ 72.5247419, 23.0323612 ] } },
{ "type": "Feature", "properties": { "osm_id": "node/7864133810", "layer": "hospital", "role": "health_facility", "name": "Shivam Hospital", "beds": null, "source": "OpenStreetMap" }, "geometry": { "type": "Point", "coordinates": [ 72.4658969, 23.0333202 ] } },
{ "type": "Feature", "properties": { "osm_id": "node/7864133820", "layer": "hospital", "role": "health_facility", "name": "Devi Hospital", "beds": null, "source": "OpenStreetMap" }, "geometry": { "type": "Point", "coordinates": [ 72.5257914, 23.0310152 ] } },
{ "type": "Feature", "properties": { "osm_id": "node/7864133830", "layer": "hospital", "role": "health_facility", "name": "Vismay Child Care Hospital", "beds": null, "source": "OpenStreetMap" }, "geometry": { "type": "Point", "coordinates": [ 72.512076, 23.019857 ] } },
{ "type": "Feature", "properties": { "osm_id": "node/7864133831", "layer": "hospital", "role": "health_facility", "name": "Adarsh Hospital", "beds": null, "source": "OpenStreetMap" }, "geometry": { "type": "Point", "coordinates": [ 72.4653431, 23.0341111 ] } },
{ "type": "Feature", "properties": { "osm_id": "node/7864133836", "layer": "hospital", "role": "health_facility", "name": "Satyam Hospital", "beds": null, "source": "OpenStreetMap" }, "geometry": { "type": "Point", "coordinates": [ 72.546777, 23.0940118 ] } },
{ "type": "Feature", "properties": { "osm_id": "node/7864133843", "layer": "hospital", "role": "health_facility", "name": "Brinda Women's Hospital", "beds": null, "source": "OpenStreetMap" }, "geometry": { "type": "Point", "coordinates": [ 72.5264512, 23.0405865 ] } },
{ "type": "Feature", "properties": { "osm_id": "node/7864133850", "layer": "hospital", "role": "health_facility", "name": "Shri Gordhandas Charitable Hospital", "beds": null, "source": "OpenStreetMap" }, "geometry": { "type": "Point", "coordinates": [ 72.526418, 23.040905 ] } },
{ "type": "Feature", "properties": { "osm_id": "node/7935280835", "layer": "hospital", "role": "health_facility", "name": "Sahyog Hospital", "beds": null, "source": "OpenStreetMap" }, "geometry": { "type": "Point", "coordinates": [ 72.4788535, 22.9874749 ] } },
{ "type": "Feature", "properties": { "osm_id": "node/7935280841", "layer": "hospital", "role": "health_facility", "name": "Navjivan hospital", "beds": null, "source": "OpenStreetMap" }, "geometry": { "type": "Point", "coordinates": [ 72.5008661, 22.9859705 ] } },
{ "type": "Feature", "properties": { "osm_id": "node/7935280842", "layer": "hospital", "role": "health_facility", "name": "Hope Hospital", "beds": null, "source": "OpenStreetMap" }, "geometry": { "type": "Point", "coordinates": [ 72.493561, 22.985509 ] } },
{ "type": "Feature", "properties": { "osm_id": "node/7935280844", "layer": "hospital", "role": "health_facility", "name": "Mamata Hospital", "beds": null, "source": "OpenStreetMap" }, "geometry": { "type": "Point", "coordinates": [ 72.4989295, 22.9845108 ] } },
{ "type": "Feature", "properties": { "osm_id": "node/7935280849", "layer": "hospital", "role": "health_facility", "name": "SHREY HOSPITAL", "beds": null, "source": "OpenStreetMap" }, "geometry": { "type": "Point", "coordinates": [ 72.4984705, 22.9835997 ] } },
{ "type": "Feature", "properties": { "osm_id": "node/7935280859", "layer": "hospital", "role": "health_facility", "name": "Mamta Hospital", "beds": null, "source": "OpenStreetMap" }, "geometry": { "type": "Point", "coordinates": [ 72.501192, 22.9809825 ] } },
{ "type": "Feature", "properties": { "osm_id": "node/9653242417", "layer": "hospital", "role": "health_facility", "name": "Vimla Hospital", "beds": null, "source": "OpenStreetMap" }, "geometry": { "type": "Point", "coordinates": [ 72.6231298, 22.9767385 ] } },
{ "type": "Feature", "properties": { "osm_id": "node/10038497023", "layer": "hospital", "role": "health_facility", "name": "INDU MEDICARE", "beds": null, "source": "OpenStreetMap" }, "geometry": { "type": "Point", "coordinates": [ 72.4675268, 23.0451918 ] } },
{ "type": "Feature", "properties": { "osm_id": "node/10172958936", "layer": "hospital", "role": "health_facility", "name": "Parijat Children Hospital", "beds": null, "source": "OpenStreetMap" }, "geometry": { "type": "Point", "coordinates": [ 72.5905818, 23.0294026 ] } },
{ "type": "Feature", "properties": { "osm_id": "node/10172958937", "layer": "hospital", "role": "health_facility", "name": "Pinakin Dala Hospital", "beds": null, "source": "OpenStreetMap" }, "geometry": { "type": "Point", "coordinates": [ 72.5933151, 23.0294443 ] } },
{ "type": "Feature", "properties": { "osm_id": "node/10172958938", "layer": "hospital", "role": "health_facility", "name": "muncipal parsuti Hospital", "beds": null, "source": "OpenStreetMap" }, "geometry": { "type": "Point", "coordinates": [ 72.5798827, 23.0376253 ] } },
{ "type": "Feature", "properties": { "osm_id": "node/10172958939", "layer": "hospital", "role": "health_facility", "name": "Shahur Medical Hospital", "beds": null, "source": "OpenStreetMap" }, "geometry": { "type": "Point", "coordinates": [ 72.5781781, 23.0360259 ] } },
{ "type": "Feature", "properties": { "osm_id": "node/10172958940", "layer": "hospital", "role": "health_facility", "name": "Paras Hospital", "beds": null, "source": "OpenStreetMap" }, "geometry": { "type": "Point", "coordinates": [ 72.5804374, 23.0342097 ] } },
{ "type": "Feature", "properties": { "osm_id": "node/10172958941", "layer": "hospital", "role": "health_facility", "name": "Shraddha Multispecialist Hospital", "beds": null, "source": "OpenStreetMap" }, "geometry": { "type": "Point", "coordinates": [ 72.577354, 23.0320391 ] } },
{ "type": "Feature", "properties": { "osm_id": "node/10172958942", "layer": "hospital", "role": "health_facility", "name": "Sukhmani hospital", "beds": null, "source": "OpenStreetMap" }, "geometry": { "type": "Point", "coordinates": [ 72.5696194, 23.036498 ] } },
{ "type": "Feature", "properties": { "osm_id": "node/10172958943", "layer": "hospital", "role": "health_facility", "name": "Sanjivani Eye Hospital", "beds": null, "source": "OpenStreetMap" }, "geometry": { "type": "Point", "coordinates": [ 72.5615306, 23.046029 ] } },
{ "type": "Feature", "properties": { "osm_id": "node/10172958944", "layer": "hospital", "role": "health_facility", "name": "Shreyas Dental Hospital", "beds": null, "source": "OpenStreetMap" }, "geometry": { "type": "Point", "coordinates": [ 72.5617682, 23.0482467 ] } },
{ "type": "Feature", "properties": { "osm_id": "node/10172958945", "layer": "hospital", "role": "health_facility", "name": null, "beds": null, "source": "OpenStreetMap" }, "geometry": { "type": "Point", "coordinates": [ 72.5610257, 23.0673766 ] } },
{ "type": "Feature", "properties": { "osm_id": "node/10172958946", "layer": "hospital", "role": "health_facility", "name": "GuruKrupa Hospital", "beds": null, "source": "OpenStreetMap" }, "geometry": { "type": "Point", "coordinates": [ 72.5352149, 23.0604678 ] } },
{ "type": "Feature", "properties": { "osm_id": "node/10172958947", "layer": "hospital", "role": "health_facility", "name": "Aneri CHildren Hospital", "beds": null, "source": "OpenStreetMap" }, "geometry": { "type": "Point", "coordinates": [ 72.5431127, 23.0694667 ] } },
{ "type": "Feature", "properties": { "osm_id": "node/10172958948", "layer": "hospital", "role": "health_facility", "name": "Rosemary Womens Hospital", "beds": null, "source": "OpenStreetMap" }, "geometry": { "type": "Point", "coordinates": [ 72.5259992, 23.0318655 ] } },
{ "type": "Feature", "properties": { "osm_id": "node/10172958949", "layer": "hospital", "role": "health_facility", "name": "Akshay Heart and Medical Hospital", "beds": null, "source": "OpenStreetMap" }, "geometry": { "type": "Point", "coordinates": [ 72.5271428, 23.0311855 ] } },
{ "type": "Feature", "properties": { "osm_id": "node/10172958950", "layer": "hospital", "role": "health_facility", "name": "Sangini Hospital", "beds": null, "source": "OpenStreetMap" }, "geometry": { "type": "Point", "coordinates": [ 72.5233013, 23.0251067 ] } },
{ "type": "Feature", "properties": { "osm_id": "node/10172958951", "layer": "hospital", "role": "health_facility", "name": "Rathi Hospital", "beds": null, "source": "OpenStreetMap" }, "geometry": { "type": "Point", "coordinates": [ 72.5261005, 23.0228555 ] } },
{ "type": "Feature", "properties": { "osm_id": "node/10172958952", "layer": "hospital", "role": "health_facility", "name": "Jyoti Maternity Hospital", "beds": null, "source": "OpenStreetMap" }, "geometry": { "type": "Point", "coordinates": [ 72.538511, 23.02222 ] } },
{ "type": "Feature", "properties": { "osm_id": "node/10172958953", "layer": "hospital", "role": "health_facility", "name": "Vatsalya Gynec Hospital", "beds": null, "source": "OpenStreetMap" }, "geometry": { "type": "Point", "coordinates": [ 72.5325801, 23.0067417 ] } },
{ "type": "Feature", "properties": { "osm_id": "node/10172958954", "layer": "hospital", "role": "health_facility", "name": "Jivraj Mehta Hospital", "beds": null, "source": "OpenStreetMap" }, "geometry": { "type": "Point", "coordinates": [ 72.5432561, 23.0086307 ] } },
{ "type": "Feature", "properties": { "osm_id": "node/10172958955", "layer": "hospital", "role": "health_facility", "name": "Shree Harikrupa Hospital", "beds": null, "source": "OpenStreetMap" }, "geometry": { "type": "Point", "coordinates": [ 72.5615615, 23.0201123 ] } },
{ "type": "Feature", "properties": { "osm_id": "node/10172958956", "layer": "hospital", "role": "health_facility", "name": "Kalptaru Hospital", "beds": null, "source": "OpenStreetMap" }, "geometry": { "type": "Point", "coordinates": [ 72.5944694, 23.0493049 ] } },
{ "type": "Feature", "properties": { "osm_id": "node/10172958957", "layer": "hospital", "role": "health_facility", "name": "Kidney Hospital", "beds": null, "source": "OpenStreetMap" }, "geometry": { "type": "Point", "coordinates": [ 72.6074913, 23.04949 ] } },
{ "type": "Feature", "properties": { "osm_id": "node/10172958958", "layer": "hospital", "role": "health_facility", "name": "Civil Hospital", "beds": null, "source": "OpenStreetMap" }, "geometry": { "type": "Point", "coordinates": [ 72.6043839, 23.0522972 ] } },
{ "type": "Feature", "properties": { "osm_id": "node/10172958959", "layer": "hospital", "role": "health_facility", "name": "Military Hospital", "beds": null, "source": "OpenStreetMap" }, "geometry": { "type": "Point", "coordinates": [ 72.601975, 23.0590415 ] } },
{ "type": "Feature", "properties": { "osm_id": "node/10172958960", "layer": "hospital", "role": "health_facility", "name": "GCS Hospital", "beds": null, "source": "OpenStreetMap" }, "geometry": { "type": "Point", "coordinates": [ 72.6082954, 23.0465729 ] } },
{ "type": "Feature", "properties": { "osm_id": "node/10172958961", "layer": "hospital", "role": "health_facility", "name": "Ayushman Medical Hospital", "beds": null, "source": "OpenStreetMap" }, "geometry": { "type": "Point", "coordinates": [ 72.6391848, 23.0237298 ] } },
{ "type": "Feature", "properties": { "osm_id": "node/10172958963", "layer": "hospital", "role": "health_facility", "name": "Shivam Surgical Hospital", "beds": null, "source": "OpenStreetMap" }, "geometry": { "type": "Point", "coordinates": [ 72.6528746, 23.0729799 ] } },
{ "type": "Feature", "properties": { "osm_id": "node/10172958964", "layer": "hospital", "role": "health_facility", "name": "Aneri CHildren Hospital", "beds": null, "source": "OpenStreetMap" }, "geometry": { "type": "Point", "coordinates": [ 72.5431262, 23.0694304 ] } },
{ "type": "Feature", "properties": { "osm_id": "node/10172958965", "layer": "hospital", "role": "health_facility", "name": "Cornea Foundation Hospital", "beds": null, "source": "OpenStreetMap" }, "geometry": { "type": "Point", "coordinates": [ 72.536403, 23.0461549 ] } },
{ "type": "Feature", "properties": { "osm_id": "node/10839117487", "layer": "hospital", "role": "health_facility", "name": "KD Blossom", "beds": null, "source": "OpenStreetMap" }, "geometry": { "type": "Point", "coordinates": [ 72.5415625, 23.1354749 ] } },
{ "type": "Feature", "properties": { "osm_id": "node/10882768855", "layer": "hospital", "role": "health_facility", "name": "Diva Women's Hospital", "beds": null, "source": "OpenStreetMap" }, "geometry": { "type": "Point", "coordinates": [ 72.5219853, 23.0492471 ] } },
{ "type": "Feature", "properties": { "osm_id": "node/11900351768", "layer": "hospital", "role": "health_facility", "name": "ADORN Cosmetic Clinic", "beds": null, "source": "OpenStreetMap" }, "geometry": { "type": "Point", "coordinates": [ 72.527325, 23.0255598 ] } },
{ "type": "Feature", "properties": { "osm_id": "node/11900380051", "layer": "hospital", "role": "health_facility", "name": "ADORN AESTHETIC CLINIC", "beds": null, "source": "OpenStreetMap" }, "geometry": { "type": "Point", "coordinates": [ 72.5509537, 23.0226039 ] } },
{ "type": "Feature", "properties": { "osm_id": "node/12016441172", "layer": "hospital", "role": "health_facility", "name": "TEJASYA ORTHOPAEDIC HOSPITAL - DR RAVI PATEL orthopaedic surgeon", "beds": null, "source": "OpenStreetMap" }, "geometry": { "type": "Point", "coordinates": [ 72.6701157, 23.0497137 ] } },
{ "type": "Feature", "properties": { "osm_id": "node/12709355109", "layer": "hospital", "role": "health_facility", "name": "Kanan Hospital", "beds": null, "source": "OpenStreetMap" }, "geometry": { "type": "Point", "coordinates": [ 72.5692736, 23.0467499 ] } },
{ "type": "Feature", "properties": { "osm_id": "node/12871031670", "layer": "hospital", "role": "health_facility", "name": "charvi Hospital", "beds": null, "source": "OpenStreetMap" }, "geometry": { "type": "Point", "coordinates": [ 72.6715286, 22.9941963 ] } },
{ "type": "Feature", "properties": { "osm_id": "node/14006884835", "layer": "hospital", "role": "health_facility", "name": "Sheath hospital", "beds": null, "source": "OpenStreetMap" }, "geometry": { "type": "Point", "coordinates": [ 72.55442, 23.00188 ] } },
{ "type": "Feature", "properties": { "osm_id": "node/14162802592", "layer": "hospital", "role": "health_facility", "name": "Face Multispeciality Dental & Cosmetology Hospital Ahmedabad", "beds": null, "source": "OpenStreetMap" }, "geometry": { "type": "Point", "coordinates": [ 72.5434148, 23.0196344 ] } },
{ "type": "Feature", "properties": { "osm_id": "node/14174879125", "layer": "hospital", "role": "health_facility", "name": "Dr. Maulik Patwa", "beds": null, "source": "OpenStreetMap" }, "geometry": { "type": "Point", "coordinates": [ 72.517488, 23.0587807 ] } },
{ "type": "Feature", "properties": { "osm_id": "way/150633578", "layer": "hospital", "role": "health_facility", "name": "Shalby Hospital", "beds": null, "source": "OpenStreetMap" }, "geometry": { "type": "Point", "coordinates": [ 72.5066273, 23.0190188 ] } },
{ "type": "Feature", "properties": { "osm_id": "way/257623327", "layer": "hospital", "role": "health_facility", "name": "Sanjivani Super Speciality Hospital", "beds": null, "source": "OpenStreetMap" }, "geometry": { "type": "Point", "coordinates": [ 72.5282011, 23.0402192 ] } },
{ "type": "Feature", "properties": { "osm_id": "way/316004546", "layer": "hospital", "role": "health_facility", "name": "Columbia Asia Hospital", "beds": null, "source": "OpenStreetMap" }, "geometry": { "type": "Point", "coordinates": [ 72.5124183, 23.058054 ] } },
{ "type": "Feature", "properties": { "osm_id": "way/317356791", "layer": "hospital", "role": "health_facility", "name": "Vadilal Sarabhai Hospital", "beds": null, "source": "OpenStreetMap" }, "geometry": { "type": "Point", "coordinates": [ 72.5714197, 23.0188305 ] } },
{ "type": "Feature", "properties": { "osm_id": "way/317784181", "layer": "hospital", "role": "health_facility", "name": "Jivraj Mehta Hospital", "beds": null, "source": "OpenStreetMap" }, "geometry": { "type": "Point", "coordinates": [ 72.5434118, 23.0082838 ] } },
{ "type": "Feature", "properties": { "osm_id": "way/318490585", "layer": "hospital", "role": "health_facility", "name": "Narayana Hrudayalaya Hospital", "beds": null, "source": "OpenStreetMap" }, "geometry": { "type": "Point", "coordinates": [ 72.6235578, 23.0226405 ] } },
{ "type": "Feature", "properties": { "osm_id": "way/326731569", "layer": "hospital", "role": "health_facility", "name": "Lallubhai Gordhanbhai Municipal General Hospital", "beds": null, "source": "OpenStreetMap" }, "geometry": { "type": "Point", "coordinates": [ 72.6046599, 22.999395 ] } },
{ "type": "Feature", "properties": { "osm_id": "way/327204068", "layer": "hospital", "role": "health_facility", "name": "Civil Hospital", "beds": null, "source": "OpenStreetMap" }, "geometry": { "type": "Point", "coordinates": [ 72.6052325, 23.0515487 ] } },
{ "type": "Feature", "properties": { "osm_id": "way/332262395", "layer": "hospital", "role": "health_facility", "name": "Victoria Jubilee Hospital", "beds": null, "source": "OpenStreetMap" }, "geometry": { "type": "Point", "coordinates": [ 72.5993168, 23.0251531 ] } },
{ "type": "Feature", "properties": { "osm_id": "way/342464429", "layer": "hospital", "role": "health_facility", "name": null, "beds": null, "source": "OpenStreetMap" }, "geometry": { "type": "Point", "coordinates": [ 72.5708082, 23.0199361 ] } },
{ "type": "Feature", "properties": { "osm_id": "way/366805677", "layer": "hospital", "role": "health_facility", "name": null, "beds": null, "source": "OpenStreetMap" }, "geometry": { "type": "Point", "coordinates": [ 72.5278004, 23.0363363 ] } },
{ "type": "Feature", "properties": { "osm_id": "way/367203318", "layer": "hospital", "role": "health_facility", "name": "Sal Hospital and Medical Institute", "beds": null, "source": "OpenStreetMap" }, "geometry": { "type": "Point", "coordinates": [ 72.5243964, 23.0494559 ] } },
{ "type": "Feature", "properties": { "osm_id": "way/367432722", "layer": "hospital", "role": "health_facility", "name": "Zydus Hospitals", "beds": null, "source": "OpenStreetMap" }, "geometry": { "type": "Point", "coordinates": [ 72.5174392, 23.0584983 ] } },
{ "type": "Feature", "properties": { "osm_id": "way/368781664", "layer": "hospital", "role": "health_facility", "name": null, "beds": null, "source": "OpenStreetMap" }, "geometry": { "type": "Point", "coordinates": [ 72.5820082, 23.1220767 ] } },
{ "type": "Feature", "properties": { "osm_id": "way/487512848", "layer": "hospital", "role": "health_facility", "name": "Infocus Diagnostics", "beds": null, "source": "OpenStreetMap" }, "geometry": { "type": "Point", "coordinates": [ 72.5626804, 23.0393964 ] } },
{ "type": "Feature", "properties": { "osm_id": "way/487512858", "layer": "hospital", "role": "health_facility", "name": "Deep Urosurgical Hospital", "beds": null, "source": "OpenStreetMap" }, "geometry": { "type": "Point", "coordinates": [ 72.5626464, 23.0400468 ] } },
{ "type": "Feature", "properties": { "osm_id": "way/487512941", "layer": "hospital", "role": "health_facility", "name": "Nidhi Hospital, Ahmedabad", "beds": null, "source": "OpenStreetMap" }, "geometry": { "type": "Point", "coordinates": [ 72.5613966, 23.0400912 ] } },
{ "type": "Feature", "properties": { "osm_id": "way/487512942", "layer": "hospital", "role": "health_facility", "name": null, "beds": null, "source": "OpenStreetMap" }, "geometry": { "type": "Point", "coordinates": [ 72.5613824, 23.0402573 ] } },
{ "type": "Feature", "properties": { "osm_id": "way/551631340", "layer": "hospital", "role": "health_facility", "name": "SMS Multi-Speciality Hospital", "beds": null, "source": "OpenStreetMap" }, "geometry": { "type": "Point", "coordinates": [ 72.6078239, 23.1170397 ] } },
{ "type": "Feature", "properties": { "osm_id": "way/551913407", "layer": "hospital", "role": "health_facility", "name": "Apollo Hospitals International Limited", "beds": null, "source": "OpenStreetMap" }, "geometry": { "type": "Point", "coordinates": [ 72.6261456, 23.1099846 ] } },
{ "type": "Feature", "properties": { "osm_id": "way/584631612", "layer": "hospital", "role": "health_facility", "name": "Government Hospital Ghodasar", "beds": null, "source": "OpenStreetMap" }, "geometry": { "type": "Point", "coordinates": [ 72.6164016, 22.9913194 ] } },
{ "type": "Feature", "properties": { "osm_id": "way/733071768", "layer": "hospital", "role": "health_facility", "name": "Danilimda A.M.C Hospital", "beds": null, "source": "OpenStreetMap" }, "geometry": { "type": "Point", "coordinates": [ 72.5839732, 22.9923729 ] } },
{ "type": "Feature", "properties": { "osm_id": "way/744794009", "layer": "hospital", "role": "health_facility", "name": "Utkarsh hospital", "beds": null, "source": "OpenStreetMap" }, "geometry": { "type": "Point", "coordinates": [ 72.5783784, 23.1079273 ] } },
{ "type": "Feature", "properties": { "osm_id": "way/745190017", "layer": "hospital", "role": "health_facility", "name": null, "beds": null, "source": "OpenStreetMap" }, "geometry": { "type": "Point", "coordinates": [ 72.5559555, 23.0061861 ] } },
{ "type": "Feature", "properties": { "osm_id": "way/745686111", "layer": "hospital", "role": "health_facility", "name": "Vision Care Eye Hospital, Ahmedabad", "beds": null, "source": "OpenStreetMap" }, "geometry": { "type": "Point", "coordinates": [ 72.5462128, 23.0220709 ] } },
{ "type": "Feature", "properties": { "osm_id": "way/746254979", "layer": "hospital", "role": "health_facility", "name": "Shaishav Children Hospital", "beds": null, "source": "OpenStreetMap" }, "geometry": { "type": "Point", "coordinates": [ 72.5372689, 23.0592417 ] } },
{ "type": "Feature", "properties": { "osm_id": "way/843003308", "layer": "hospital", "role": "health_facility", "name": "Janam Hospital", "beds": null, "source": "OpenStreetMap" }, "geometry": { "type": "Point", "coordinates": [ 72.5304484, 23.0129957 ] } },
{ "type": "Feature", "properties": { "osm_id": "way/1153422123", "layer": "hospital", "role": "health_facility", "name": "Dr.Maulik Patwa", "beds": null, "source": "OpenStreetMap" }, "geometry": { "type": "Point", "coordinates": [ 72.5557105, 23.0173128 ] } },
{ "type": "Feature", "properties": { "osm_id": "way/1153423235", "layer": "hospital", "role": "health_facility", "name": null, "beds": null, "source": "OpenStreetMap" }, "geometry": { "type": "Point", "coordinates": [ 72.5650047, 23.0121501 ] } },
{ "type": "Feature", "properties": { "osm_id": "way/1153423556", "layer": "hospital", "role": "health_facility", "name": "Sahyog Hospital", "beds": null, "source": "OpenStreetMap" }, "geometry": { "type": "Point", "coordinates": [ 72.4733028, 22.9868994 ] } },
{ "type": "Feature", "properties": { "osm_id": "way/1153424460", "layer": "hospital", "role": "health_facility", "name": "Lions Karnavati Shantaben Vishnubhai Patel Eye Hospital", "beds": null, "source": "OpenStreetMap" }, "geometry": { "type": "Point", "coordinates": [ 72.504565, 23.122576 ] } },
{ "type": "Feature", "properties": { "osm_id": "way/1153426707", "layer": "hospital", "role": "health_facility", "name": "Navkar Plastic Surgery Hospital", "beds": null, "source": "OpenStreetMap" }, "geometry": { "type": "Point", "coordinates": [ 72.5629285, 23.0144267 ] } },
{ "type": "Feature", "properties": { "osm_id": "way/1153427198", "layer": "hospital", "role": "health_facility", "name": null, "beds": null, "source": "OpenStreetMap" }, "geometry": { "type": "Point", "coordinates": [ 72.5237425, 23.0541051 ] } },
{ "type": "Feature", "properties": { "osm_id": "way/1153427200", "layer": "hospital", "role": "health_facility", "name": null, "beds": null, "source": "OpenStreetMap" }, "geometry": { "type": "Point", "coordinates": [ 72.6231213, 23.0290185 ] } },
{ "type": "Feature", "properties": { "osm_id": "way/1153427246", "layer": "hospital", "role": "health_facility", "name": null, "beds": null, "source": "OpenStreetMap" }, "geometry": { "type": "Point", "coordinates": [ 72.6000568, 23.0321406 ] } },
{ "type": "Feature", "properties": { "osm_id": "way/1153427742", "layer": "hospital", "role": "health_facility", "name": null, "beds": null, "source": "OpenStreetMap" }, "geometry": { "type": "Point", "coordinates": [ 72.6478683, 23.0867182 ] } },
{ "type": "Feature", "properties": { "osm_id": "way/1153427861", "layer": "hospital", "role": "health_facility", "name": null, "beds": null, "source": "OpenStreetMap" }, "geometry": { "type": "Point", "coordinates": [ 72.5926106, 23.0413257 ] } },
{ "type": "Feature", "properties": { "osm_id": "way/1153428084", "layer": "hospital", "role": "health_facility", "name": "Community Health Centre, Chandkheda", "beds": null, "source": "OpenStreetMap" }, "geometry": { "type": "Point", "coordinates": [ 72.575807, 23.1133122 ] } },
{ "type": "Feature", "properties": { "osm_id": "way/1153428116", "layer": "hospital", "role": "health_facility", "name": null, "beds": null, "source": "OpenStreetMap" }, "geometry": { "type": "Point", "coordinates": [ 72.6307536, 23.0370812 ] } },
{ "type": "Feature", "properties": { "osm_id": "way/1153428117", "layer": "hospital", "role": "health_facility", "name": null, "beds": null, "source": "OpenStreetMap" }, "geometry": { "type": "Point", "coordinates": [ 72.6302639, 23.0391433 ] } },
{ "type": "Feature", "properties": { "osm_id": "way/1153428139", "layer": "hospital", "role": "health_facility", "name": null, "beds": null, "source": "OpenStreetMap" }, "geometry": { "type": "Point", "coordinates": [ 72.6627764, 23.0662453 ] } },
{ "type": "Feature", "properties": { "osm_id": "way/1153428141", "layer": "hospital", "role": "health_facility", "name": null, "beds": null, "source": "OpenStreetMap" }, "geometry": { "type": "Point", "coordinates": [ 72.6124554, 22.9722812 ] } },
{ "type": "Feature", "properties": { "osm_id": "way/1153428150", "layer": "hospital", "role": "health_facility", "name": null, "beds": null, "source": "OpenStreetMap" }, "geometry": { "type": "Point", "coordinates": [ 72.6597821, 23.0904123 ] } },
{ "type": "Feature", "properties": { "osm_id": "way/1153428276", "layer": "hospital", "role": "health_facility", "name": null, "beds": null, "source": "OpenStreetMap" }, "geometry": { "type": "Point", "coordinates": [ 72.5647223, 23.0064181 ] } },
{ "type": "Feature", "properties": { "osm_id": "way/1153428508", "layer": "hospital", "role": "health_facility", "name": null, "beds": null, "source": "OpenStreetMap" }, "geometry": { "type": "Point", "coordinates": [ 72.53791, 23.0045129 ] } },
{ "type": "Feature", "properties": { "osm_id": "way/1324432333", "layer": "hospital", "role": "health_facility", "name": "Dr. Parth Amin (ENT Surgeon) Shaleen Hospital", "beds": null, "source": "OpenStreetMap" }, "geometry": { "type": "Point", "coordinates": [ 72.5176381, 23.0755396 ] } },
{ "type": "Feature", "properties": { "osm_id": "way/1536778482", "layer": "hospital", "role": "health_facility", "name": null, "beds": null, "source": "OpenStreetMap" }, "geometry": { "type": "Point", "coordinates": [ 72.5839122, 23.0043284 ] } },
{ "type": "Feature", "properties": { "osm_id": "node/4451773894", "layer": "clinic", "role": "health_facility", "name": "sunflower infertility clinic", "beds": null, "source": "OpenStreetMap" }, "geometry": { "type": "Point", "coordinates": [ 72.541361, 23.0455615 ] } },
{ "type": "Feature", "properties": { "osm_id": "node/6968390522", "layer": "clinic", "role": "health_facility", "name": "Ortho Kids Clinic", "beds": null, "source": "OpenStreetMap" }, "geometry": { "type": "Point", "coordinates": [ 72.5297897, 23.018609 ] } },
{ "type": "Feature", "properties": { "osm_id": "node/6968424999", "layer": "clinic", "role": "health_facility", "name": "CHC, Sarkhej", "beds": null, "source": "OpenStreetMap" }, "geometry": { "type": "Point", "coordinates": [ 72.5000051, 22.9785129 ] } },
{ "type": "Feature", "properties": { "osm_id": "node/6969874820", "layer": "clinic", "role": "health_facility", "name": "Raj Nursing Home, Ahmedabad", "beds": null, "source": "OpenStreetMap" }, "geometry": { "type": "Point", "coordinates": [ 72.6002191, 23.0524295 ] } },
{ "type": "Feature", "properties": { "osm_id": "node/6969947773", "layer": "clinic", "role": "health_facility", "name": "Talsania Clinic", "beds": null, "source": "OpenStreetMap" }, "geometry": { "type": "Point", "coordinates": [ 72.5582948, 23.0178468 ] } },
{ "type": "Feature", "properties": { "osm_id": "node/6969989859", "layer": "clinic", "role": "health_facility", "name": "Community Health Centre, Singarva", "beds": null, "source": "OpenStreetMap" }, "geometry": { "type": "Point", "coordinates": [ 72.6897398, 23.0252575 ] } },
{ "type": "Feature", "properties": { "osm_id": "node/6970081773", "layer": "clinic", "role": "health_facility", "name": "Kadam Maternity Home and Sonography Clinic", "beds": null, "source": "OpenStreetMap" }, "geometry": { "type": "Point", "coordinates": [ 72.5959302, 23.0061658 ] } },
{ "type": "Feature", "properties": { "osm_id": "node/6970445298", "layer": "clinic", "role": "health_facility", "name": "Kalyani Nursing Home and Sonography Clinic", "beds": null, "source": "OpenStreetMap" }, "geometry": { "type": "Point", "coordinates": [ 72.571388, 23.1022078 ] } },
{ "type": "Feature", "properties": { "osm_id": "node/6970546266", "layer": "clinic", "role": "health_facility", "name": "Hemato-Oncology Clinic", "beds": null, "source": "OpenStreetMap" }, "geometry": { "type": "Point", "coordinates": [ 72.5598451, 23.0402628 ] } },
{ "type": "Feature", "properties": { "osm_id": "node/6970563969", "layer": "clinic", "role": "health_facility", "name": "Savalia Hospital, (Dr. Anjana J Savalia)", "beds": null, "source": "OpenStreetMap" }, "geometry": { "type": "Point", "coordinates": [ 72.6377883, 23.0333438 ] } },
{ "type": "Feature", "properties": { "osm_id": "node/6970568349", "layer": "clinic", "role": "health_facility", "name": "Hina Maternity Nursing Home", "beds": null, "source": "OpenStreetMap" }, "geometry": { "type": "Point", "coordinates": [ 72.5450407, 23.056809 ] } },
{ "type": "Feature", "properties": { "osm_id": "node/6970575492", "layer": "clinic", "role": "health_facility", "name": "Smruti Eye Hospital", "beds": null, "source": "OpenStreetMap" }, "geometry": { "type": "Point", "coordinates": [ 72.6302717, 23.0395468 ] } },
{ "type": "Feature", "properties": { "osm_id": "node/6970589180", "layer": "clinic", "role": "health_facility", "name": "Shivam Eye Hospital", "beds": null, "source": "OpenStreetMap" }, "geometry": { "type": "Point", "coordinates": [ 72.6359743, 22.9994009 ] } },
{ "type": "Feature", "properties": { "osm_id": "node/6970647045", "layer": "clinic", "role": "health_facility", "name": "Chhaya Maternity Nursing Home", "beds": null, "source": "OpenStreetMap" }, "geometry": { "type": "Point", "coordinates": [ 72.599806, 22.9798599 ] } },
{ "type": "Feature", "properties": { "osm_id": "node/6970657405", "layer": "clinic", "role": "health_facility", "name": "Mangeet Medical Nursing Home and Heart Care", "beds": null, "source": "OpenStreetMap" }, "geometry": { "type": "Point", "coordinates": [ 72.5542206, 23.0187491 ] } },
{ "type": "Feature", "properties": { "osm_id": "node/6970714505", "layer": "clinic", "role": "health_facility", "name": "Dr. Kaushik Vaidhya Medical Nursing Home", "beds": null, "source": "OpenStreetMap" }, "geometry": { "type": "Point", "coordinates": [ 72.5449233, 23.0567189 ] } },
{ "type": "Feature", "properties": { "osm_id": "node/6970724582", "layer": "clinic", "role": "health_facility", "name": "Royal Maternity and Nursing Home", "beds": null, "source": "OpenStreetMap" }, "geometry": { "type": "Point", "coordinates": [ 72.4726787, 23.0306956 ] } },
{ "type": "Feature", "properties": { "osm_id": "node/6971034538", "layer": "clinic", "role": "health_facility", "name": "Dhruv Health Care", "beds": null, "source": "OpenStreetMap" }, "geometry": { "type": "Point", "coordinates": [ 72.6318021, 22.9925296 ] } },
{ "type": "Feature", "properties": { "osm_id": "node/6971932492", "layer": "clinic", "role": "health_facility", "name": "Matulya ENT Clinic", "beds": null, "source": "OpenStreetMap" }, "geometry": { "type": "Point", "coordinates": [ 72.5298192, 23.0200451 ] } },
{ "type": "Feature", "properties": { "osm_id": "node/6971932546", "layer": "clinic", "role": "health_facility", "name": "Shashvat Child Care", "beds": null, "source": "OpenStreetMap" }, "geometry": { "type": "Point", "coordinates": [ 72.6174791, 22.9910938 ] } },
{ "type": "Feature", "properties": { "osm_id": "node/6971932553", "layer": "clinic", "role": "health_facility", "name": "Riddhi Medical Nursing Home", "beds": null, "source": "OpenStreetMap" }, "geometry": { "type": "Point", "coordinates": [ 72.6037985, 22.993832 ] } },
{ "type": "Feature", "properties": { "osm_id": "node/6972590215", "layer": "clinic", "role": "health_facility", "name": "Modi Eye Care", "beds": null, "source": "OpenStreetMap" }, "geometry": { "type": "Point", "coordinates": [ 72.5497999, 23.0578438 ] } },
{ "type": "Feature", "properties": { "osm_id": "node/6972590252", "layer": "clinic", "role": "health_facility", "name": "Shruti Maternity and Surgical Nursing Home", "beds": null, "source": "OpenStreetMap" }, "geometry": { "type": "Point", "coordinates": [ 72.5448717, 23.0566239 ] } },
{ "type": "Feature", "properties": { "osm_id": "node/6972590274", "layer": "clinic", "role": "health_facility", "name": "Raghudeep Eye Clinic", "beds": null, "source": "OpenStreetMap" }, "geometry": { "type": "Point", "coordinates": [ 72.5276975, 23.0469763 ] } },
{ "type": "Feature", "properties": { "osm_id": "node/6973933639", "layer": "clinic", "role": "health_facility", "name": "Samdev Urology and Surgery Clinic", "beds": null, "source": "OpenStreetMap" }, "geometry": { "type": "Point", "coordinates": [ 72.5583807, 23.0402999 ] } },
{ "type": "Feature", "properties": { "osm_id": "node/6973933640", "layer": "clinic", "role": "health_facility", "name": "Nova Pulse Ivf Clinic Ahmedabad Pvt.Ltd.", "beds": null, "source": "OpenStreetMap" }, "geometry": { "type": "Point", "coordinates": [ 72.5585751, 23.0385165 ] } },
{ "type": "Feature", "properties": { "osm_id": "node/6973949897", "layer": "clinic", "role": "health_facility", "name": "Pruthvi Medical Nursing Home and Heart Centre", "beds": null, "source": "OpenStreetMap" }, "geometry": { "type": "Point", "coordinates": [ 72.5626641, 23.0477513 ] } },
{ "type": "Feature", "properties": { "osm_id": "node/6974249735", "layer": "clinic", "role": "health_facility", "name": "Kirenben Maternity And Nursing Home", "beds": null, "source": "OpenStreetMap" }, "geometry": { "type": "Point", "coordinates": [ 72.5117853, 23.02251 ] } },
{ "type": "Feature", "properties": { "osm_id": "node/6974284441", "layer": "clinic", "role": "health_facility", "name": "Parth Maternity and Medical Nursing Home", "beds": null, "source": "OpenStreetMap" }, "geometry": { "type": "Point", "coordinates": [ 72.6429051, 23.0542201 ] } },
{ "type": "Feature", "properties": { "osm_id": "node/6974438114", "layer": "clinic", "role": "health_facility", "name": "Kalpana Maternity and Nursing Home, Ahmedabad", "beds": null, "source": "OpenStreetMap" }, "geometry": { "type": "Point", "coordinates": [ 72.5310852, 23.0636536 ] } },
{ "type": "Feature", "properties": { "osm_id": "node/6974893894", "layer": "clinic", "role": "health_facility", "name": "Vatsalya Maternity Nursing Home", "beds": null, "source": "OpenStreetMap" }, "geometry": { "type": "Point", "coordinates": [ 72.5212294, 23.0344821 ] } },
{ "type": "Feature", "properties": { "osm_id": "node/6975605658", "layer": "clinic", "role": "health_facility", "name": "Dr Praful Munishi's Nursing Home", "beds": null, "source": "OpenStreetMap" }, "geometry": { "type": "Point", "coordinates": [ 72.5653967, 23.0197773 ] } },
{ "type": "Feature", "properties": { "osm_id": "node/6975617784", "layer": "clinic", "role": "health_facility", "name": "Sparsh Orthopedic Oncology Clinic", "beds": null, "source": "OpenStreetMap" }, "geometry": { "type": "Point", "coordinates": [ 72.5699329, 23.0231938 ] } },
{ "type": "Feature", "properties": { "osm_id": "node/6975626580", "layer": "clinic", "role": "health_facility", "name": "Ratan Deep Surgical And Endoscopy Clinic", "beds": null, "source": "OpenStreetMap" }, "geometry": { "type": "Point", "coordinates": [ 72.6082449, 22.9990078 ] } },
{ "type": "Feature", "properties": { "osm_id": "node/6975868180", "layer": "clinic", "role": "health_facility", "name": "Geeta Nursing Home, Ahmedabad", "beds": null, "source": "OpenStreetMap" }, "geometry": { "type": "Point", "coordinates": [ 72.5971751, 23.0026356 ] } },
{ "type": "Feature", "properties": { "osm_id": "node/6975904288", "layer": "clinic", "role": "health_facility", "name": "Dr.Santosh C.Raibagkar", "beds": null, "source": "OpenStreetMap" }, "geometry": { "type": "Point", "coordinates": [ 72.5604567, 23.0199612 ] } },
{ "type": "Feature", "properties": { "osm_id": "node/6976078072", "layer": "clinic", "role": "health_facility", "name": "Stavan Eye Clinic", "beds": null, "source": "OpenStreetMap" }, "geometry": { "type": "Point", "coordinates": [ 72.5645041, 23.011259 ] } },
{ "type": "Feature", "properties": { "osm_id": "node/6976079944", "layer": "clinic", "role": "health_facility", "name": "Poojan Maternity and Infertility Clinic", "beds": null, "source": "OpenStreetMap" }, "geometry": { "type": "Point", "coordinates": [ 72.6528548, 23.0730915 ] } },
{ "type": "Feature", "properties": { "osm_id": "node/6976102828", "layer": "clinic", "role": "health_facility", "name": "Uma Maternity and Nursing Home", "beds": null, "source": "OpenStreetMap" }, "geometry": { "type": "Point", "coordinates": [ 72.6627067, 23.0662385 ] } },
{ "type": "Feature", "properties": { "osm_id": "node/6976102874", "layer": "clinic", "role": "health_facility", "name": "Dr. Umesh D. Buch", "beds": null, "source": "OpenStreetMap" }, "geometry": { "type": "Point", "coordinates": [ 72.5479241, 23.0016724 ] } },
{ "type": "Feature", "properties": { "osm_id": "node/6976489896", "layer": "clinic", "role": "health_facility", "name": "Pankit Nursing Home", "beds": null, "source": "OpenStreetMap" }, "geometry": { "type": "Point", "coordinates": [ 72.5661081, 23.0397778 ] } },
{ "type": "Feature", "properties": { "osm_id": "node/6976524012", "layer": "clinic", "role": "health_facility", "name": "Dr. Rajendra C. Patel Orthopaedic Nursing Home", "beds": null, "source": "OpenStreetMap" }, "geometry": { "type": "Point", "coordinates": [ 72.5653041, 23.0315465 ] } },
{ "type": "Feature", "properties": { "osm_id": "node/6976868688", "layer": "clinic", "role": "health_facility", "name": "Sarjan Maternity and Nursing Home", "beds": null, "source": "OpenStreetMap" }, "geometry": { "type": "Point", "coordinates": [ 72.5483291, 23.0023131 ] } },
{ "type": "Feature", "properties": { "osm_id": "node/6977953364", "layer": "clinic", "role": "health_facility", "name": "Prabhu Nursing Home, Ahmedabad", "beds": null, "source": "OpenStreetMap" }, "geometry": { "type": "Point", "coordinates": [ 72.6357423, 22.9993553 ] } },
{ "type": "Feature", "properties": { "osm_id": "node/6977976017", "layer": "clinic", "role": "health_facility", "name": "Om Surgical Nursing Home", "beds": null, "source": "OpenStreetMap" }, "geometry": { "type": "Point", "coordinates": [ 72.5582573, 23.0179184 ] } },
{ "type": "Feature", "properties": { "osm_id": "node/6978420762", "layer": "clinic", "role": "health_facility", "name": "Jay Prasuti Gruh and Nursing Home", "beds": null, "source": "OpenStreetMap" }, "geometry": { "type": "Point", "coordinates": [ 72.4778487, 23.0282894 ] } },
{ "type": "Feature", "properties": { "osm_id": "node/6978612436", "layer": "clinic", "role": "health_facility", "name": "Dr.Haroonbhai Jusabbhai Memon", "beds": null, "source": "OpenStreetMap" }, "geometry": { "type": "Point", "coordinates": [ 72.5860812, 23.0273162 ] } },
{ "type": "Feature", "properties": { "osm_id": "node/6979391757", "layer": "clinic", "role": "health_facility", "name": "Bhakti Maternity and Sonography Clinic", "beds": null, "source": "OpenStreetMap" }, "geometry": { "type": "Point", "coordinates": [ 72.6355927, 23.0014002 ] } },
{ "type": "Feature", "properties": { "osm_id": "node/6980928760", "layer": "clinic", "role": "health_facility", "name": "Kanan Maternity and Nursing Home", "beds": null, "source": "OpenStreetMap" }, "geometry": { "type": "Point", "coordinates": [ 72.6091146, 22.9977455 ] } },
{ "type": "Feature", "properties": { "osm_id": "node/6981479135", "layer": "clinic", "role": "health_facility", "name": "Shiv Sharddha Nursing Home and Super Speciality Clinics", "beds": null, "source": "OpenStreetMap" }, "geometry": { "type": "Point", "coordinates": [ 72.5971869, 23.0545162 ] } },
{ "type": "Feature", "properties": { "osm_id": "node/6981571792", "layer": "clinic", "role": "health_facility", "name": "Banker`S Retina Clinic and Laser Centre", "beds": null, "source": "OpenStreetMap" }, "geometry": { "type": "Point", "coordinates": [ 72.5542541, 23.0416302 ] } },
{ "type": "Feature", "properties": { "osm_id": "node/6981681464", "layer": "clinic", "role": "health_facility", "name": "CGHS Dispensary No.3", "beds": null, "source": "OpenStreetMap" }, "geometry": { "type": "Point", "coordinates": [ 72.5694904, 23.0355015 ] } },
{ "type": "Feature", "properties": { "osm_id": "node/6981740142", "layer": "clinic", "role": "health_facility", "name": "Sanidhaya Maternity and Nursing Home", "beds": null, "source": "OpenStreetMap" }, "geometry": { "type": "Point", "coordinates": [ 72.5301518, 23.0143203 ] } },
{ "type": "Feature", "properties": { "osm_id": "node/6981887874", "layer": "clinic", "role": "health_facility", "name": "Ami Eye Clinic", "beds": null, "source": "OpenStreetMap" }, "geometry": { "type": "Point", "coordinates": [ 72.5809816, 23.0633976 ] } },
{ "type": "Feature", "properties": { "osm_id": "node/6981939862", "layer": "clinic", "role": "health_facility", "name": "Sehat Hospital Clinic", "beds": null, "source": "OpenStreetMap" }, "geometry": { "type": "Point", "coordinates": [ 72.5258213, 22.9932036 ] } },
{ "type": "Feature", "properties": { "osm_id": "node/6982001510", "layer": "clinic", "role": "health_facility", "name": "R. Tolat Eye Clinic", "beds": null, "source": "OpenStreetMap" }, "geometry": { "type": "Point", "coordinates": [ 72.560387, 23.0137364 ] } },
{ "type": "Feature", "properties": { "osm_id": "node/6982009469", "layer": "clinic", "role": "health_facility", "name": "Aalap Clinic and Surgical Nursing Home", "beds": null, "source": "OpenStreetMap" }, "geometry": { "type": "Point", "coordinates": [ 72.5710642, 23.045074 ] } },
{ "type": "Feature", "properties": { "osm_id": "node/6982092152", "layer": "clinic", "role": "health_facility", "name": "Soni Nursing Home", "beds": null, "source": "OpenStreetMap" }, "geometry": { "type": "Point", "coordinates": [ 72.6604924, 23.0726584 ] } },
{ "type": "Feature", "properties": { "osm_id": "node/6982092229", "layer": "clinic", "role": "health_facility", "name": "Ashray Clinic", "beds": null, "source": "OpenStreetMap" }, "geometry": { "type": "Point", "coordinates": [ 72.5573789, 23.0072793 ] } },
{ "type": "Feature", "properties": { "osm_id": "node/6983294306", "layer": "clinic", "role": "health_facility", "name": "Dr. Suresh K. Bhanshali", "beds": null, "source": "OpenStreetMap" }, "geometry": { "type": "Point", "coordinates": [ 72.5652552, 23.0376687 ] } },
{ "type": "Feature", "properties": { "osm_id": "node/6983365657", "layer": "clinic", "role": "health_facility", "name": "Cardio Vascular Clinic - Ahmedabad", "beds": null, "source": "OpenStreetMap" }, "geometry": { "type": "Point", "coordinates": [ 72.5216398, 23.0128822 ] } },
{ "type": "Feature", "properties": { "osm_id": "node/6983432193", "layer": "clinic", "role": "health_facility", "name": "Urvashi Nursing Home", "beds": null, "source": "OpenStreetMap" }, "geometry": { "type": "Point", "coordinates": [ 72.5802205, 23.0342994 ] } },
{ "type": "Feature", "properties": { "osm_id": "node/6983511155", "layer": "clinic", "role": "health_facility", "name": "Mahalaxmi Maternity Nursing Home and Sonography Center", "beds": null, "source": "OpenStreetMap" }, "geometry": { "type": "Point", "coordinates": [ 72.5355068, 23.0804227 ] } },
{ "type": "Feature", "properties": { "osm_id": "node/6983616777", "layer": "clinic", "role": "health_facility", "name": "Singarva CHC", "beds": null, "source": "OpenStreetMap" }, "geometry": { "type": "Point", "coordinates": [ 72.6901509, 23.0248811 ] } },
{ "type": "Feature", "properties": { "osm_id": "node/6983617695", "layer": "clinic", "role": "health_facility", "name": "Shreeji Clinic and Nursing Home", "beds": null, "source": "OpenStreetMap" }, "geometry": { "type": "Point", "coordinates": [ 72.5911599, 23.0835144 ] } },
{ "type": "Feature", "properties": { "osm_id": "node/6983633644", "layer": "clinic", "role": "health_facility", "name": "Shree Hari Clinic", "beds": null, "source": "OpenStreetMap" }, "geometry": { "type": "Point", "coordinates": [ 72.5136414, 23.0159755 ] } },
{ "type": "Feature", "properties": { "osm_id": "node/6983693366", "layer": "clinic", "role": "health_facility", "name": "Dr. Devendra Patel Nursing Home", "beds": null, "source": "OpenStreetMap" }, "geometry": { "type": "Point", "coordinates": [ 72.5625488, 23.0377477 ] } },
{ "type": "Feature", "properties": { "osm_id": "node/6983803124", "layer": "clinic", "role": "health_facility", "name": "Cure Sight Laser Centre", "beds": null, "source": "OpenStreetMap" }, "geometry": { "type": "Point", "coordinates": [ 72.557914, 23.0201772 ] } },
{ "type": "Feature", "properties": { "osm_id": "node/6986103057", "layer": "clinic", "role": "health_facility", "name": "Dr Yashvant Chhatbar", "beds": null, "source": "OpenStreetMap" }, "geometry": { "type": "Point", "coordinates": [ 72.571964, 23.1111304 ] } },
{ "type": "Feature", "properties": { "osm_id": "node/6986279311", "layer": "clinic", "role": "health_facility", "name": "Dr. Suresh Balani", "beds": null, "source": "OpenStreetMap" }, "geometry": { "type": "Point", "coordinates": [ 72.6425953, 23.0652293 ] } },
{ "type": "Feature", "properties": { "osm_id": "node/6986504028", "layer": "clinic", "role": "health_facility", "name": "Harshil Medical Nursing Home, Isanpur", "beds": null, "source": "OpenStreetMap" }, "geometry": { "type": "Point", "coordinates": [ 72.5988619, 22.9813563 ] } },
{ "type": "Feature", "properties": { "osm_id": "node/6986551300", "layer": "clinic", "role": "health_facility", "name": "CGHS Dispensary No.2", "beds": null, "source": "OpenStreetMap" }, "geometry": { "type": "Point", "coordinates": [ 72.5906262, 22.9998947 ] } },
{ "type": "Feature", "properties": { "osm_id": "node/6986605689", "layer": "clinic", "role": "health_facility", "name": "Dr Pratap Desai Eye Clinic", "beds": null, "source": "OpenStreetMap" }, "geometry": { "type": "Point", "coordinates": [ 72.5617717, 23.045286 ] } },
{ "type": "Feature", "properties": { "osm_id": "node/6986605758", "layer": "clinic", "role": "health_facility", "name": "Mahadev Eye Care", "beds": null, "source": "OpenStreetMap" }, "geometry": { "type": "Point", "coordinates": [ 72.6426128, 23.065196 ] } },
{ "type": "Feature", "properties": { "osm_id": "node/6986629663", "layer": "clinic", "role": "health_facility", "name": "Ashadeep Polyclinic and Nursing Home", "beds": null, "source": "OpenStreetMap" }, "geometry": { "type": "Point", "coordinates": [ 72.6619636, 22.9291372 ] } },
{ "type": "Feature", "properties": { "osm_id": "node/6986945344", "layer": "clinic", "role": "health_facility", "name": "Geeta Maternity and Polyclinic Nursing Home", "beds": null, "source": "OpenStreetMap" }, "geometry": { "type": "Point", "coordinates": [ 72.5982222, 22.9817137 ] } },
{ "type": "Feature", "properties": { "osm_id": "node/6987434973", "layer": "clinic", "role": "health_facility", "name": "Jigisha Nursing Home", "beds": null, "source": "OpenStreetMap" }, "geometry": { "type": "Point", "coordinates": [ 72.5669832, 23.0657698 ] } },
{ "type": "Feature", "properties": { "osm_id": "node/6987753001", "layer": "clinic", "role": "health_facility", "name": "Shree Maternity and Nursing Home, Ahmedabad", "beds": null, "source": "OpenStreetMap" }, "geometry": { "type": "Point", "coordinates": [ 72.5298487, 23.0163409 ] } },
{ "type": "Feature", "properties": { "osm_id": "node/6988060743", "layer": "clinic", "role": "health_facility", "name": "Dr. Ashish B. Dave", "beds": null, "source": "OpenStreetMap" }, "geometry": { "type": "Point", "coordinates": [ 72.6092997, 22.9973331 ] } },
{ "type": "Feature", "properties": { "osm_id": "node/6988331761", "layer": "clinic", "role": "health_facility", "name": "Community Health Centre, Chandkheda", "beds": null, "source": "OpenStreetMap" }, "geometry": { "type": "Point", "coordinates": [ 72.5758271, 23.1133414 ] } },
{ "type": "Feature", "properties": { "osm_id": "node/6988407390", "layer": "clinic", "role": "health_facility", "name": "Krishna Maternity Nursing Home", "beds": null, "source": "OpenStreetMap" }, "geometry": { "type": "Point", "coordinates": [ 72.4780579, 23.0286529 ] } },
{ "type": "Feature", "properties": { "osm_id": "node/6988501343", "layer": "clinic", "role": "health_facility", "name": "Netr-The Eye Care Clinic, Ahmedabad", "beds": null, "source": "OpenStreetMap" }, "geometry": { "type": "Point", "coordinates": [ 72.5263859, 23.0280247 ] } },
{ "type": "Feature", "properties": { "osm_id": "node/6989177912", "layer": "clinic", "role": "health_facility", "name": "Rangshree Clinic", "beds": null, "source": "OpenStreetMap" }, "geometry": { "type": "Point", "coordinates": [ 72.5579488, 23.0429384 ] } },
{ "type": "Feature", "properties": { "osm_id": "node/6989177917", "layer": "clinic", "role": "health_facility", "name": "Shreeji Maternity and Surgical Nursing Home", "beds": null, "source": "OpenStreetMap" }, "geometry": { "type": "Point", "coordinates": [ 72.5186283, 23.0132205 ] } },
{ "type": "Feature", "properties": { "osm_id": "node/6989202575", "layer": "clinic", "role": "health_facility", "name": "Navkaar Hospital", "beds": null, "source": "OpenStreetMap" }, "geometry": { "type": "Point", "coordinates": [ 72.4695579, 23.0166114 ] } },
{ "type": "Feature", "properties": { "osm_id": "node/6991032343", "layer": "clinic", "role": "health_facility", "name": "Chokshi Maternity Nursing Home and Sonography Clinic", "beds": null, "source": "OpenStreetMap" }, "geometry": { "type": "Point", "coordinates": [ 72.5442159, 23.067744 ] } },
{ "type": "Feature", "properties": { "osm_id": "node/6993552527", "layer": "clinic", "role": "health_facility", "name": "Family Care Nursing Home", "beds": null, "source": "OpenStreetMap" }, "geometry": { "type": "Point", "coordinates": [ 72.601811, 22.9834589 ] } },
{ "type": "Feature", "properties": { "osm_id": "node/6993572196", "layer": "clinic", "role": "health_facility", "name": "Mahavir Clinic & Nursing Home", "beds": null, "source": "OpenStreetMap" }, "geometry": { "type": "Point", "coordinates": [ 72.5696943, 23.1059184 ] } },
{ "type": "Feature", "properties": { "osm_id": "node/7165606622", "layer": "clinic", "role": "health_facility", "name": "Aslali PHC", "beds": null, "source": "OpenStreetMap" }, "geometry": { "type": "Point", "coordinates": [ 72.5936251, 22.9148067 ] } },
{ "type": "Feature", "properties": { "osm_id": "node/7165606779", "layer": "clinic", "role": "health_facility", "name": "RHTC Rancharda", "beds": null, "source": "OpenStreetMap" }, "geometry": { "type": "Point", "coordinates": [ 72.4404161, 23.07068 ] } },
{ "type": "Feature", "properties": { "osm_id": "node/7165606792", "layer": "clinic", "role": "health_facility", "name": "Sughad PHC", "beds": null, "source": "OpenStreetMap" }, "geometry": { "type": "Point", "coordinates": [ 72.6240571, 23.1240001 ] } },
{ "type": "Feature", "properties": { "osm_id": "node/7862753692", "layer": "clinic", "role": "health_facility", "name": "Herbal Unani Clinic", "beds": null, "source": "OpenStreetMap" }, "geometry": { "type": "Point", "coordinates": [ 72.582281, 23.014903 ] } },
{ "type": "Feature", "properties": { "osm_id": "node/7862753695", "layer": "clinic", "role": "health_facility", "name": "ESI Dispensary", "beds": null, "source": "OpenStreetMap" }, "geometry": { "type": "Point", "coordinates": [ 72.595558, 23.004074 ] } },
{ "type": "Feature", "properties": { "osm_id": "node/7862753696", "layer": "clinic", "role": "health_facility", "name": "Apollo Clinic", "beds": null, "source": "OpenStreetMap" }, "geometry": { "type": "Point", "coordinates": [ 72.608319, 22.999263 ] } },
{ "type": "Feature", "properties": { "osm_id": "node/7862753705", "layer": "clinic", "role": "health_facility", "name": "Dr. Mubassir Saiyad", "beds": null, "source": "OpenStreetMap" }, "geometry": { "type": "Point", "coordinates": [ 72.589145, 23.001855 ] } },
{ "type": "Feature", "properties": { "osm_id": "node/7862753710", "layer": "clinic", "role": "health_facility", "name": "Atharva Ayurveda Clinic and Panchakarma Centre", "beds": null, "source": "OpenStreetMap" }, "geometry": { "type": "Point", "coordinates": [ 72.604633, 22.997505 ] } },
{ "type": "Feature", "properties": { "osm_id": "node/7862753712", "layer": "clinic", "role": "health_facility", "name": "Madhavbaug Clinic", "beds": null, "source": "OpenStreetMap" }, "geometry": { "type": "Point", "coordinates": [ 72.603228, 23.000113 ] } },
{ "type": "Feature", "properties": { "osm_id": "node/7862753716", "layer": "clinic", "role": "health_facility", "name": "Sneh Clinic", "beds": null, "source": "OpenStreetMap" }, "geometry": { "type": "Point", "coordinates": [ 72.608215, 22.998786 ] } },
{ "type": "Feature", "properties": { "osm_id": "node/7862753718", "layer": "clinic", "role": "health_facility", "name": "Rupam Women's Clinic", "beds": null, "source": "OpenStreetMap" }, "geometry": { "type": "Point", "coordinates": [ 72.5943965, 22.9982724 ] } },
{ "type": "Feature", "properties": { "osm_id": "node/7862753723", "layer": "clinic", "role": "health_facility", "name": "Dr. Nimesh Trivedi", "beds": null, "source": "OpenStreetMap" }, "geometry": { "type": "Point", "coordinates": [ 72.5893216, 23.0202363 ] } },
{ "type": "Feature", "properties": { "osm_id": "node/7862753725", "layer": "clinic", "role": "health_facility", "name": "Niruj Rheumotogy Clinic", "beds": null, "source": "OpenStreetMap" }, "geometry": { "type": "Point", "coordinates": [ 72.6021433, 22.9981001 ] } },
{ "type": "Feature", "properties": { "osm_id": "node/7862753730", "layer": "clinic", "role": "health_facility", "name": "Dr. Kirit C. Shah", "beds": null, "source": "OpenStreetMap" }, "geometry": { "type": "Point", "coordinates": [ 72.604134, 23.000123 ] } },
{ "type": "Feature", "properties": { "osm_id": "node/7862753731", "layer": "clinic", "role": "health_facility", "name": "Dr. Dave Eye Care", "beds": null, "source": "OpenStreetMap" }, "geometry": { "type": "Point", "coordinates": [ 72.607469, 22.999176 ] } },
{ "type": "Feature", "properties": { "osm_id": "node/7862753746", "layer": "clinic", "role": "health_facility", "name": "Lavanya Clinic", "beds": null, "source": "OpenStreetMap" }, "geometry": { "type": "Point", "coordinates": [ 72.6031299, 22.9928912 ] } },
{ "type": "Feature", "properties": { "osm_id": "node/7862753747", "layer": "clinic", "role": "health_facility", "name": "Diya Clinic", "beds": null, "source": "OpenStreetMap" }, "geometry": { "type": "Point", "coordinates": [ 72.589033, 22.96343 ] } },
{ "type": "Feature", "properties": { "osm_id": "node/7862753748", "layer": "clinic", "role": "health_facility", "name": "Gandhi Charitable Homeopathy Clinic", "beds": null, "source": "OpenStreetMap" }, "geometry": { "type": "Point", "coordinates": [ 72.6098995, 22.9964298 ] } },
{ "type": "Feature", "properties": { "osm_id": "node/7862753754", "layer": "clinic", "role": "health_facility", "name": "Dr. Nilofar Shaikh", "beds": null, "source": "OpenStreetMap" }, "geometry": { "type": "Point", "coordinates": [ 72.5946976, 23.0290414 ] } },
{ "type": "Feature", "properties": { "osm_id": "node/7862753755", "layer": "clinic", "role": "health_facility", "name": "Dr. Tapan A Shah", "beds": null, "source": "OpenStreetMap" }, "geometry": { "type": "Point", "coordinates": [ 72.6043884, 23.000179 ] } },
{ "type": "Feature", "properties": { "osm_id": "node/7862753756", "layer": "clinic", "role": "health_facility", "name": "Unique Speciality Clinic", "beds": null, "source": "OpenStreetMap" }, "geometry": { "type": "Point", "coordinates": [ 72.5859446, 22.9821082 ] } },
{ "type": "Feature", "properties": { "osm_id": "node/7863727737", "layer": "clinic", "role": "health_facility", "name": "Maya Dispensary", "beds": null, "source": "OpenStreetMap" }, "geometry": { "type": "Point", "coordinates": [ 72.62885, 22.9501516 ] } },
{ "type": "Feature", "properties": { "osm_id": "node/7863727739", "layer": "clinic", "role": "health_facility", "name": "Urban Health Centre", "beds": null, "source": "OpenStreetMap" }, "geometry": { "type": "Point", "coordinates": [ 72.602448, 22.980519 ] } },
{ "type": "Feature", "properties": { "osm_id": "node/7863727744", "layer": "clinic", "role": "health_facility", "name": "Dr. Bakulesh Madhu", "beds": null, "source": "OpenStreetMap" }, "geometry": { "type": "Point", "coordinates": [ 72.598839, 22.981225 ] } },
{ "type": "Feature", "properties": { "osm_id": "node/7863727749", "layer": "clinic", "role": "health_facility", "name": "Dhanwantari Clinic", "beds": null, "source": "OpenStreetMap" }, "geometry": { "type": "Point", "coordinates": [ 72.5969718, 22.9490816 ] } },
{ "type": "Feature", "properties": { "osm_id": "node/7863727750", "layer": "clinic", "role": "health_facility", "name": "Urban Health Centre", "beds": null, "source": "OpenStreetMap" }, "geometry": { "type": "Point", "coordinates": [ 72.614167, 22.963873 ] } },
{ "type": "Feature", "properties": { "osm_id": "node/7863727752", "layer": "clinic", "role": "health_facility", "name": "Dr. Jayshree Vadher", "beds": null, "source": "OpenStreetMap" }, "geometry": { "type": "Point", "coordinates": [ 72.5993672, 22.9780991 ] } },
{ "type": "Feature", "properties": { "osm_id": "node/7863727753", "layer": "clinic", "role": "health_facility", "name": "Abhinav Clinic", "beds": null, "source": "OpenStreetMap" }, "geometry": { "type": "Point", "coordinates": [ 72.6212151, 22.9457646 ] } },
{ "type": "Feature", "properties": { "osm_id": "node/7863727758", "layer": "clinic", "role": "health_facility", "name": "Dr. Dharmendra Thakkar", "beds": null, "source": "OpenStreetMap" }, "geometry": { "type": "Point", "coordinates": [ 72.615095, 22.9531942 ] } },
{ "type": "Feature", "properties": { "osm_id": "node/7863727764", "layer": "clinic", "role": "health_facility", "name": "Shyam Clinic", "beds": null, "source": "OpenStreetMap" }, "geometry": { "type": "Point", "coordinates": [ 72.6221998, 22.9504545 ] } },
{ "type": "Feature", "properties": { "osm_id": "node/7863727765", "layer": "clinic", "role": "health_facility", "name": "Life Care Clinic", "beds": null, "source": "OpenStreetMap" }, "geometry": { "type": "Point", "coordinates": [ 72.6238761, 22.9493294 ] } },
{ "type": "Feature", "properties": { "osm_id": "node/7863727769", "layer": "clinic", "role": "health_facility", "name": "Dr. Binitha Desai", "beds": null, "source": "OpenStreetMap" }, "geometry": { "type": "Point", "coordinates": [ 72.595312, 22.977918 ] } },
{ "type": "Feature", "properties": { "osm_id": "node/7863727770", "layer": "clinic", "role": "health_facility", "name": "Shree Gurukrupa Clinic", "beds": null, "source": "OpenStreetMap" }, "geometry": { "type": "Point", "coordinates": [ 72.616696, 22.952831 ] } },
{ "type": "Feature", "properties": { "osm_id": "node/7863727773", "layer": "clinic", "role": "health_facility", "name": "Noble Clinic", "beds": null, "source": "OpenStreetMap" }, "geometry": { "type": "Point", "coordinates": [ 72.600505, 22.977722 ] } },
{ "type": "Feature", "properties": { "osm_id": "node/7863727776", "layer": "clinic", "role": "health_facility", "name": "Seva Clinic", "beds": null, "source": "OpenStreetMap" }, "geometry": { "type": "Point", "coordinates": [ 72.6092014, 22.9629705 ] } },
{ "type": "Feature", "properties": { "osm_id": "node/7863727789", "layer": "clinic", "role": "health_facility", "name": "Chirag Clinic", "beds": null, "source": "OpenStreetMap" }, "geometry": { "type": "Point", "coordinates": [ 72.603897, 22.954932 ] } },
{ "type": "Feature", "properties": { "osm_id": "node/7863727791", "layer": "clinic", "role": "health_facility", "name": "Khana Clinic", "beds": null, "source": "OpenStreetMap" }, "geometry": { "type": "Point", "coordinates": [ 72.6023803, 22.9525929 ] } },
{ "type": "Feature", "properties": { "osm_id": "node/7863727798", "layer": "clinic", "role": "health_facility", "name": "Epic Clinic", "beds": null, "source": "OpenStreetMap" }, "geometry": { "type": "Point", "coordinates": [ 72.610208, 22.963486 ] } },
{ "type": "Feature", "properties": { "osm_id": "node/7864058602", "layer": "clinic", "role": "health_facility", "name": "Gayatri X Ray Clinic and Health Care", "beds": null, "source": "OpenStreetMap" }, "geometry": { "type": "Point", "coordinates": [ 72.62133, 23.059159 ] } },
{ "type": "Feature", "properties": { "osm_id": "node/7864058611", "layer": "clinic", "role": "health_facility", "name": "Dr. Yasin", "beds": null, "source": "OpenStreetMap" }, "geometry": { "type": "Point", "coordinates": [ 72.5810933, 23.0360714 ] } },
{ "type": "Feature", "properties": { "osm_id": "node/7864058614", "layer": "clinic", "role": "health_facility", "name": "Dr. Atul Vaidhya", "beds": null, "source": "OpenStreetMap" }, "geometry": { "type": "Point", "coordinates": [ 72.601561, 23.048502 ] } },
{ "type": "Feature", "properties": { "osm_id": "node/7864058622", "layer": "clinic", "role": "health_facility", "name": "Urban Health Centre", "beds": null, "source": "OpenStreetMap" }, "geometry": { "type": "Point", "coordinates": [ 72.5920473, 23.0353987 ] } },
{ "type": "Feature", "properties": { "osm_id": "node/7864058624", "layer": "clinic", "role": "health_facility", "name": "Life Care Clinic", "beds": null, "source": "OpenStreetMap" }, "geometry": { "type": "Point", "coordinates": [ 72.5673496, 22.9877498 ] } },
{ "type": "Feature", "properties": { "osm_id": "node/7864058630", "layer": "clinic", "role": "health_facility", "name": "Urban Health Centre", "beds": null, "source": "OpenStreetMap" }, "geometry": { "type": "Point", "coordinates": [ 72.579803, 23.043503 ] } },
{ "type": "Feature", "properties": { "osm_id": "node/7864058647", "layer": "clinic", "role": "health_facility", "name": "Namrata Heart and Medical Clinic", "beds": null, "source": "OpenStreetMap" }, "geometry": { "type": "Point", "coordinates": [ 72.601662, 23.048981 ] } },
{ "type": "Feature", "properties": { "osm_id": "node/7864133779", "layer": "clinic", "role": "health_facility", "name": "Community Health Centre", "beds": null, "source": "OpenStreetMap" }, "geometry": { "type": "Point", "coordinates": [ 72.449528, 23.030118 ] } },
{ "type": "Feature", "properties": { "osm_id": "node/7864133785", "layer": "clinic", "role": "health_facility", "name": "Dr. Shailesh Jain", "beds": null, "source": "OpenStreetMap" }, "geometry": { "type": "Point", "coordinates": [ 72.527118, 23.031238 ] } },
{ "type": "Feature", "properties": { "osm_id": "node/7864133824", "layer": "clinic", "role": "health_facility", "name": "Dr. Manish Goyal", "beds": null, "source": "OpenStreetMap" }, "geometry": { "type": "Point", "coordinates": [ 72.527537, 23.04711 ] } },
{ "type": "Feature", "properties": { "osm_id": "node/7866803597", "layer": "clinic", "role": "health_facility", "name": "Arvind Clinic", "beds": null, "source": "OpenStreetMap" }, "geometry": { "type": "Point", "coordinates": [ 72.44412, 23.137604 ] } },
{ "type": "Feature", "properties": { "osm_id": "node/8002781435", "layer": "clinic", "role": "health_facility", "name": "SubCentre, Odhav", "beds": null, "source": "OpenStreetMap" }, "geometry": { "type": "Point", "coordinates": [ 72.6688642, 23.0244645 ] } },
{ "type": "Feature", "properties": { "osm_id": "node/8005339867", "layer": "clinic", "role": "health_facility", "name": "SubCentre,Vanch", "beds": null, "source": "OpenStreetMap" }, "geometry": { "type": "Point", "coordinates": [ 72.6899135, 22.9438822 ] } },
{ "type": "Feature", "properties": { "osm_id": "node/8006027483", "layer": "clinic", "role": "health_facility", "name": "SubCentre, Gamdi", "beds": null, "source": "OpenStreetMap" }, "geometry": { "type": "Point", "coordinates": [ 72.6372785, 22.906922 ] } },
{ "type": "Feature", "properties": { "osm_id": "node/8006334428", "layer": "clinic", "role": "health_facility", "name": "SubCentre, Paldi Kankaj", "beds": null, "source": "OpenStreetMap" }, "geometry": { "type": "Point", "coordinates": [ 72.5213863, 22.90208 ] } },
{ "type": "Feature", "properties": { "osm_id": "node/8008249648", "layer": "clinic", "role": "health_facility", "name": "SubCentre, Gatrad", "beds": null, "source": "OpenStreetMap" }, "geometry": { "type": "Point", "coordinates": [ 72.7053047, 22.9789376 ] } },
{ "type": "Feature", "properties": { "osm_id": "node/8008281077", "layer": "clinic", "role": "health_facility", "name": "SubCentre,Visalpur", "beds": null, "source": "OpenStreetMap" }, "geometry": { "type": "Point", "coordinates": [ 72.4869293, 22.9109566 ] } },
{ "type": "Feature", "properties": { "osm_id": "node/8009123792", "layer": "clinic", "role": "health_facility", "name": "SubCentre, Bopal", "beds": null, "source": "OpenStreetMap" }, "geometry": { "type": "Point", "coordinates": [ 72.4585462, 23.0373071 ] } },
{ "type": "Feature", "properties": { "osm_id": "node/8009249633", "layer": "clinic", "role": "health_facility", "name": "SubCentre, Devdi", "beds": null, "source": "OpenStreetMap" }, "geometry": { "type": "Point", "coordinates": [ 72.6493672, 22.9060567 ] } },
{ "type": "Feature", "properties": { "osm_id": "node/8009381613", "layer": "clinic", "role": "health_facility", "name": "SubCentre, Kathwada", "beds": null, "source": "OpenStreetMap" }, "geometry": { "type": "Point", "coordinates": [ 72.7075973, 23.0568145 ] } },
{ "type": "Feature", "properties": { "osm_id": "node/8009622907", "layer": "clinic", "role": "health_facility", "name": "SubCentre, Khodiyar", "beds": null, "source": "OpenStreetMap" }, "geometry": { "type": "Point", "coordinates": [ 72.5412266, 23.1497493 ] } },
{ "type": "Feature", "properties": { "osm_id": "node/8035961738", "layer": "clinic", "role": "health_facility", "name": "SubCentre, Zundal", "beds": null, "source": "OpenStreetMap" }, "geometry": { "type": "Point", "coordinates": [ 72.583297, 23.1347772 ] } },
{ "type": "Feature", "properties": { "osm_id": "node/8038689767", "layer": "clinic", "role": "health_facility", "name": "SubCentre, Limbadiya", "beds": null, "source": "OpenStreetMap" }, "geometry": { "type": "Point", "coordinates": [ 72.6853357, 23.1247393 ] } },
{ "type": "Feature", "properties": { "osm_id": "node/8038724400", "layer": "clinic", "role": "health_facility", "name": "SubCentre, Valad", "beds": null, "source": "OpenStreetMap" }, "geometry": { "type": "Point", "coordinates": [ 72.6852726, 23.1471351 ] } },
{ "type": "Feature", "properties": { "osm_id": "node/8039334524", "layer": "clinic", "role": "health_facility", "name": "SubCentre, Santej", "beds": null, "source": "OpenStreetMap" }, "geometry": { "type": "Point", "coordinates": [ 72.4759517, 23.1060238 ] } },
{ "type": "Feature", "properties": { "osm_id": "node/8039441476", "layer": "clinic", "role": "health_facility", "name": "SubCentre, Dantali", "beds": null, "source": "OpenStreetMap" }, "geometry": { "type": "Point", "coordinates": [ 72.4952508, 23.1463347 ] } },
{ "type": "Feature", "properties": { "osm_id": "node/9844197559", "layer": "clinic", "role": "health_facility", "name": "Dr. Maulik Patwa", "beds": null, "source": "OpenStreetMap" }, "geometry": { "type": "Point", "coordinates": [ 72.55578, 23.0172912 ] } },
{ "type": "Feature", "properties": { "osm_id": "node/11083136960", "layer": "clinic", "role": "health_facility", "name": "Skinfluent Clinic", "beds": null, "source": "OpenStreetMap" }, "geometry": { "type": "Point", "coordinates": [ 72.5921024, 23.0522056 ] } },
{ "type": "Feature", "properties": { "osm_id": "node/11119044788", "layer": "clinic", "role": "health_facility", "name": "Dr Alka Makwana - Arista Skin, Hair and Laser Clinic", "beds": null, "source": "OpenStreetMap" }, "geometry": { "type": "Point", "coordinates": [ 72.5459217, 23.092598 ] } },
{ "type": "Feature", "properties": { "osm_id": "node/11290225014", "layer": "clinic", "role": "health_facility", "name": "Dr. Arora's Orthodontic & Dental Clinic", "beds": null, "source": "OpenStreetMap" }, "geometry": { "type": "Point", "coordinates": [ 72.5952869, 23.1089092 ] } },
{ "type": "Feature", "properties": { "osm_id": "node/12055091288", "layer": "clinic", "role": "health_facility", "name": "Trisha Hospital", "beds": null, "source": "OpenStreetMap" }, "geometry": { "type": "Point", "coordinates": [ 72.5594745, 23.0731673 ] } },
{ "type": "Feature", "properties": { "osm_id": "node/14124142852", "layer": "clinic", "role": "health_facility", "name": "Arthritis and Rheumatology clinic", "beds": null, "source": "OpenStreetMap" }, "geometry": { "type": "Point", "coordinates": [ 72.5136501, 23.0739832 ] } },
{ "type": "Feature", "properties": { "osm_id": "way/356715675", "layer": "clinic", "role": "health_facility", "name": "Dispensary", "beds": null, "source": "OpenStreetMap" }, "geometry": { "type": "Point", "coordinates": [ 72.502031, 23.0295041 ] } },
{ "type": "Feature", "properties": { "osm_id": "way/744871959", "layer": "clinic", "role": "health_facility", "name": "Khandwala Orthopeadic Hospital and Skin Clinic", "beds": null, "source": "OpenStreetMap" }, "geometry": { "type": "Point", "coordinates": [ 72.5456793, 23.0221878 ] } },
{ "type": "Feature", "properties": { "osm_id": "way/862904154", "layer": "clinic", "role": "health_facility", "name": "SubCentre,Khoraj", "beds": null, "source": "OpenStreetMap" }, "geometry": { "type": "Point", "coordinates": [ 72.5577708, 23.1484896 ] } },
{ "type": "Feature", "properties": { "osm_id": "node/2531100667", "layer": "drinking_water", "role": "cooling_point", "name": null, "beds": null, "source": "OpenStreetMap" }, "geometry": { "type": "Point", "coordinates": [ 72.612715, 23.1246666 ] } },
{ "type": "Feature", "properties": { "osm_id": "node/2531100773", "layer": "drinking_water", "role": "cooling_point", "name": null, "beds": null, "source": "OpenStreetMap" }, "geometry": { "type": "Point", "coordinates": [ 72.6131131, 23.1265065 ] } },
{ "type": "Feature", "properties": { "osm_id": "node/2531100902", "layer": "drinking_water", "role": "cooling_point", "name": null, "beds": null, "source": "OpenStreetMap" }, "geometry": { "type": "Point", "coordinates": [ 72.6141411, 23.1265389 ] } },
{ "type": "Feature", "properties": { "osm_id": "node/2531101032", "layer": "drinking_water", "role": "cooling_point", "name": null, "beds": null, "source": "OpenStreetMap" }, "geometry": { "type": "Point", "coordinates": [ 72.6130627, 23.1233101 ] } },
{ "type": "Feature", "properties": { "osm_id": "node/2531101150", "layer": "drinking_water", "role": "cooling_point", "name": null, "beds": null, "source": "OpenStreetMap" }, "geometry": { "type": "Point", "coordinates": [ 72.6135147, 23.1247876 ] } },
{ "type": "Feature", "properties": { "osm_id": "node/14050781461", "layer": "drinking_water", "role": "cooling_point", "name": null, "beds": null, "source": "OpenStreetMap" }, "geometry": { "type": "Point", "coordinates": [ 72.5981165, 23.0987503 ] } },
{ "type": "Feature", "properties": { "osm_id": "node/14067711781", "layer": "drinking_water", "role": "cooling_point", "name": null, "beds": null, "source": "OpenStreetMap" }, "geometry": { "type": "Point", "coordinates": [ 72.5870241, 23.0235265 ] } },
{ "type": "Feature", "properties": { "osm_id": "node/2599150148", "layer": "park", "role": "cooling_point", "name": "Uttamnagar Garden (Public Park)", "beds": null, "source": "OpenStreetMap" }, "geometry": { "type": "Point", "coordinates": [ 72.606752, 22.9921976 ] } },
{ "type": "Feature", "properties": { "osm_id": "node/3808256133", "layer": "park", "role": "cooling_point", "name": "manegbaug", "beds": null, "source": "OpenStreetMap" }, "geometry": { "type": "Point", "coordinates": [ 72.550513, 23.0114634 ] } },
{ "type": "Feature", "properties": { "osm_id": "node/4486254293", "layer": "park", "role": "cooling_point", "name": "Samarpan Paltry Plots", "beds": null, "source": "OpenStreetMap" }, "geometry": { "type": "Point", "coordinates": [ 72.5138775, 23.0279896 ] } },
{ "type": "Feature", "properties": { "osm_id": "node/4488099093", "layer": "park", "role": "cooling_point", "name": "Picnic Party Plot", "beds": null, "source": "OpenStreetMap" }, "geometry": { "type": "Point", "coordinates": [ 72.6489696, 23.0855359 ] } },
{ "type": "Feature", "properties": { "osm_id": "node/4636987361", "layer": "park", "role": "cooling_point", "name": null, "beds": null, "source": "OpenStreetMap" }, "geometry": { "type": "Point", "coordinates": [ 72.6280301, 22.9831433 ] } },
{ "type": "Feature", "properties": { "osm_id": "node/5119000602", "layer": "park", "role": "cooling_point", "name": "EVENT GROUND", "beds": null, "source": "OpenStreetMap" }, "geometry": { "type": "Point", "coordinates": [ 72.5733412, 23.0160978 ] } },
{ "type": "Feature", "properties": { "osm_id": "node/7088275199", "layer": "park", "role": "cooling_point", "name": "Akha Bhagat Chowk", "beds": null, "source": "OpenStreetMap" }, "geometry": { "type": "Point", "coordinates": [ 72.5937037, 23.0224593 ] } },
{ "type": "Feature", "properties": { "osm_id": "node/7132838716", "layer": "park", "role": "cooling_point", "name": "Hansol Garden", "beds": null, "source": "OpenStreetMap" }, "geometry": { "type": "Point", "coordinates": [ 72.622746, 23.083742 ] } },
{ "type": "Feature", "properties": { "osm_id": "node/7132880190", "layer": "park", "role": "cooling_point", "name": "Riverfront Children's Park", "beds": null, "source": "OpenStreetMap" }, "geometry": { "type": "Point", "coordinates": [ 72.5960835, 23.0652856 ] } },
{ "type": "Feature", "properties": { "osm_id": "node/7311053166", "layer": "park", "role": "cooling_point", "name": "karanj bhag", "beds": null, "source": "OpenStreetMap" }, "geometry": { "type": "Point", "coordinates": [ 72.5822747, 23.0242357 ] } },
{ "type": "Feature", "properties": { "osm_id": "node/9709187217", "layer": "park", "role": "cooling_point", "name": "One Tree Hill Garden", "beds": null, "source": "OpenStreetMap" }, "geometry": { "type": "Point", "coordinates": [ 72.598021, 23.0048635 ] } },
{ "type": "Feature", "properties": { "osm_id": "node/10310283832", "layer": "park", "role": "cooling_point", "name": "Suresh Rathod House", "beds": null, "source": "OpenStreetMap" }, "geometry": { "type": "Point", "coordinates": [ 72.6123046, 22.9818173 ] } },
{ "type": "Feature", "properties": { "osm_id": "node/10750415884", "layer": "park", "role": "cooling_point", "name": "park", "beds": null, "source": "OpenStreetMap" }, "geometry": { "type": "Point", "coordinates": [ 72.528048, 23.040704 ] } },
{ "type": "Feature", "properties": { "osm_id": "node/10959588191", "layer": "park", "role": "cooling_point", "name": "Devi Public park", "beds": null, "source": "OpenStreetMap" }, "geometry": { "type": "Point", "coordinates": [ 72.5846963, 23.1082123 ] } },
{ "type": "Feature", "properties": { "osm_id": "node/11631472492", "layer": "park", "role": "cooling_point", "name": "kalrav villa", "beds": null, "source": "OpenStreetMap" }, "geometry": { "type": "Point", "coordinates": [ 72.4449298, 23.0837381 ] } },
{ "type": "Feature", "properties": { "osm_id": "node/12072205472", "layer": "park", "role": "cooling_point", "name": "Olivewoods Club House", "beds": null, "source": "OpenStreetMap" }, "geometry": { "type": "Point", "coordinates": [ 72.4461408, 23.0609759 ] } },
{ "type": "Feature", "properties": { "osm_id": "node/12165401782", "layer": "park", "role": "cooling_point", "name": "Iskcon Garden", "beds": null, "source": "OpenStreetMap" }, "geometry": { "type": "Point", "coordinates": [ 72.5062996, 23.0287739 ] } },
{ "type": "Feature", "properties": { "osm_id": "node/12253947237", "layer": "park", "role": "cooling_point", "name": "Dr. Parth Amin (ENT Specialist) Mediheal Hospital", "beds": null, "source": "OpenStreetMap" }, "geometry": { "type": "Point", "coordinates": [ 72.5017605, 23.0797582 ] } },
{ "type": "Feature", "properties": { "osm_id": "way/49406376", "layer": "park", "role": "cooling_point", "name": null, "beds": null, "source": "OpenStreetMap" }, "geometry": { "type": "Point", "coordinates": [ 72.570126, 23.0105567 ] } },
{ "type": "Feature", "properties": { "osm_id": "way/49406389", "layer": "park", "role": "cooling_point", "name": null, "beds": null, "source": "OpenStreetMap" }, "geometry": { "type": "Point", "coordinates": [ 72.570065, 23.0111469 ] } },
{ "type": "Feature", "properties": { "osm_id": "way/172152761", "layer": "park", "role": "cooling_point", "name": "Bhakt Kavi Narsinh Mehta Sarovar", "beds": null, "source": "OpenStreetMap" }, "geometry": { "type": "Point", "coordinates": [ 72.5289046, 23.0385017 ] } },
{ "type": "Feature", "properties": { "osm_id": "way/172153337", "layer": "park", "role": "cooling_point", "name": "Law Garden", "beds": null, "source": "OpenStreetMap" }, "geometry": { "type": "Point", "coordinates": [ 72.560956, 23.0264488 ] } },
{ "type": "Feature", "properties": { "osm_id": "way/172153457", "layer": "park", "role": "cooling_point", "name": "Lion Sharad Mehta Garden", "beds": null, "source": "OpenStreetMap" }, "geometry": { "type": "Point", "coordinates": [ 72.5473439, 23.0449782 ] } },
{ "type": "Feature", "properties": { "osm_id": "way/172640658", "layer": "park", "role": "cooling_point", "name": "Naginawadi", "beds": null, "source": "OpenStreetMap" }, "geometry": { "type": "Point", "coordinates": [ 72.6012282, 23.0053137 ] } },
{ "type": "Feature", "properties": { "osm_id": "way/219744447", "layer": "park", "role": "cooling_point", "name": "AUDA Garden", "beds": null, "source": "OpenStreetMap" }, "geometry": { "type": "Point", "coordinates": [ 72.526213, 23.0644175 ] } },
{ "type": "Feature", "properties": { "osm_id": "way/229021483", "layer": "park", "role": "cooling_point", "name": "Bagban Party Plot", "beds": null, "source": "OpenStreetMap" }, "geometry": { "type": "Point", "coordinates": [ 72.4987713, 23.050961 ] } },
{ "type": "Feature", "properties": { "osm_id": "way/229082078", "layer": "park", "role": "cooling_point", "name": "Morarji Desai Park", "beds": null, "source": "OpenStreetMap" }, "geometry": { "type": "Point", "coordinates": [ 72.5825542, 23.0614876 ] } },
{ "type": "Feature", "properties": { "osm_id": "way/294809276", "layer": "park", "role": "cooling_point", "name": null, "beds": null, "source": "OpenStreetMap" }, "geometry": { "type": "Point", "coordinates": [ 72.5589778, 23.0796002 ] } },
{ "type": "Feature", "properties": { "osm_id": "way/312551684", "layer": "park", "role": "cooling_point", "name": "Parimal Garden", "beds": null, "source": "OpenStreetMap" }, "geometry": { "type": "Point", "coordinates": [ 72.5561304, 23.020428 ] } },
{ "type": "Feature", "properties": { "osm_id": "way/314446428", "layer": "park", "role": "cooling_point", "name": "Lokmanya Tilak Garden (Victoria Garden)", "beds": null, "source": "OpenStreetMap" }, "geometry": { "type": "Point", "coordinates": [ 72.579064, 23.021148 ] } },
{ "type": "Feature", "properties": { "osm_id": "way/317359485", "layer": "park", "role": "cooling_point", "name": "Bhikhbhai Garden", "beds": null, "source": "OpenStreetMap" }, "geometry": { "type": "Point", "coordinates": [ 72.5730631, 23.0241749 ] } },
{ "type": "Feature", "properties": { "osm_id": "way/317476729", "layer": "park", "role": "cooling_point", "name": "Rasala Nature Park", "beds": null, "source": "OpenStreetMap" }, "geometry": { "type": "Point", "coordinates": [ 72.559329, 23.0224067 ] } },
{ "type": "Feature", "properties": { "osm_id": "way/317787177", "layer": "park", "role": "cooling_point", "name": "Bansidhar Garden", "beds": null, "source": "OpenStreetMap" }, "geometry": { "type": "Point", "coordinates": [ 72.554556, 23.0002104 ] } },
{ "type": "Feature", "properties": { "osm_id": "way/318506393", "layer": "park", "role": "cooling_point", "name": "Khokhra Municipal Garden", "beds": null, "source": "OpenStreetMap" }, "geometry": { "type": "Point", "coordinates": [ 72.6197501, 23.0006886 ] } },
{ "type": "Feature", "properties": { "osm_id": "way/322227184", "layer": "park", "role": "cooling_point", "name": null, "beds": null, "source": "OpenStreetMap" }, "geometry": { "type": "Point", "coordinates": [ 72.5983183, 23.0544313 ] } },
{ "type": "Feature", "properties": { "osm_id": "way/322229352", "layer": "park", "role": "cooling_point", "name": "Hajipura Garden", "beds": null, "source": "OpenStreetMap" }, "geometry": { "type": "Point", "coordinates": [ 72.5904943, 23.0425236 ] } },
{ "type": "Feature", "properties": { "osm_id": "way/323421777", "layer": "park", "role": "cooling_point", "name": "Paldi Municipal Garden", "beds": null, "source": "OpenStreetMap" }, "geometry": { "type": "Point", "coordinates": [ 72.5640763, 23.012505 ] } },
{ "type": "Feature", "properties": { "osm_id": "way/323895528", "layer": "park", "role": "cooling_point", "name": "Ahmed Sah Mosque", "beds": null, "source": "OpenStreetMap" }, "geometry": { "type": "Point", "coordinates": [ 72.5792666, 23.0226897 ] } },
{ "type": "Feature", "properties": { "osm_id": "way/326490209", "layer": "park", "role": "cooling_point", "name": "Bhogilal Mistry (Lotikaka) Park", "beds": null, "source": "OpenStreetMap" }, "geometry": { "type": "Point", "coordinates": [ 72.5796796, 23.0426458 ] } },
{ "type": "Feature", "properties": { "osm_id": "way/326736137", "layer": "park", "role": "cooling_point", "name": "Uttamnagar Garden", "beds": null, "source": "OpenStreetMap" }, "geometry": { "type": "Point", "coordinates": [ 72.606759, 22.992145 ] } },
{ "type": "Feature", "properties": { "osm_id": "way/326849509", "layer": "park", "role": "cooling_point", "name": "Childrens Traffic Park", "beds": null, "source": "OpenStreetMap" }, "geometry": { "type": "Point", "coordinates": [ 72.5791502, 23.0264516 ] } },
{ "type": "Feature", "properties": { "osm_id": "way/330926672", "layer": "park", "role": "cooling_point", "name": "Sukhipura Park", "beds": null, "source": "OpenStreetMap" }, "geometry": { "type": "Point", "coordinates": [ 72.5515981, 23.0125313 ] } },
{ "type": "Feature", "properties": { "osm_id": "way/333819585", "layer": "park", "role": "cooling_point", "name": null, "beds": null, "source": "OpenStreetMap" }, "geometry": { "type": "Point", "coordinates": [ 72.5775501, 23.0273344 ] } },
{ "type": "Feature", "properties": { "osm_id": "way/334470472", "layer": "park", "role": "cooling_point", "name": null, "beds": null, "source": "OpenStreetMap" }, "geometry": { "type": "Point", "coordinates": [ 72.5371205, 23.047147 ] } },
{ "type": "Feature", "properties": { "osm_id": "way/334470475", "layer": "park", "role": "cooling_point", "name": null, "beds": null, "source": "OpenStreetMap" }, "geometry": { "type": "Point", "coordinates": [ 72.528857, 23.0485783 ] } },
{ "type": "Feature", "properties": { "osm_id": "way/334995867", "layer": "park", "role": "cooling_point", "name": "Sukan Udyan", "beds": null, "source": "OpenStreetMap" }, "geometry": { "type": "Point", "coordinates": [ 72.5408041, 23.0193101 ] } },
{ "type": "Feature", "properties": { "osm_id": "way/335743759", "layer": "park", "role": "cooling_point", "name": "Trikonya Garden", "beds": null, "source": "OpenStreetMap" }, "geometry": { "type": "Point", "coordinates": [ 72.5495025, 23.0253924 ] } },
{ "type": "Feature", "properties": { "osm_id": "way/343143992", "layer": "park", "role": "cooling_point", "name": null, "beds": null, "source": "OpenStreetMap" }, "geometry": { "type": "Point", "coordinates": [ 72.5921114, 23.0790516 ] } },
{ "type": "Feature", "properties": { "osm_id": "way/345877405", "layer": "park", "role": "cooling_point", "name": "Parth Public Park", "beds": null, "source": "OpenStreetMap" }, "geometry": { "type": "Point", "coordinates": [ 72.5232868, 23.0140245 ] } },
{ "type": "Feature", "properties": { "osm_id": "way/356210143", "layer": "park", "role": "cooling_point", "name": "VikramNagar Park", "beds": null, "source": "OpenStreetMap" }, "geometry": { "type": "Point", "coordinates": [ 72.5006976, 23.0294714 ] } },
{ "type": "Feature", "properties": { "osm_id": "way/356712985", "layer": "park", "role": "cooling_point", "name": "VikramNagar Park", "beds": null, "source": "OpenStreetMap" }, "geometry": { "type": "Point", "coordinates": [ 72.5030527, 23.0283967 ] } },
{ "type": "Feature", "properties": { "osm_id": "way/356715462", "layer": "park", "role": "cooling_point", "name": "VikramNagar Park", "beds": null, "source": "OpenStreetMap" }, "geometry": { "type": "Point", "coordinates": [ 72.5030395, 23.0301277 ] } },
{ "type": "Feature", "properties": { "osm_id": "way/356715616", "layer": "park", "role": "cooling_point", "name": "VikramNagar Nursery", "beds": null, "source": "OpenStreetMap" }, "geometry": { "type": "Point", "coordinates": [ 72.501632, 23.0305444 ] } },
{ "type": "Feature", "properties": { "osm_id": "way/362762675", "layer": "park", "role": "cooling_point", "name": null, "beds": null, "source": "OpenStreetMap" }, "geometry": { "type": "Point", "coordinates": [ 72.5607141, 23.0344842 ] } },
{ "type": "Feature", "properties": { "osm_id": "way/364851722", "layer": "park", "role": "cooling_point", "name": null, "beds": null, "source": "OpenStreetMap" }, "geometry": { "type": "Point", "coordinates": [ 72.4687758, 23.0245313 ] } },
{ "type": "Feature", "properties": { "osm_id": "way/364851723", "layer": "park", "role": "cooling_point", "name": null, "beds": null, "source": "OpenStreetMap" }, "geometry": { "type": "Point", "coordinates": [ 72.4682502, 23.025598 ] } },
{ "type": "Feature", "properties": { "osm_id": "way/364876981", "layer": "park", "role": "cooling_point", "name": null, "beds": null, "source": "OpenStreetMap" }, "geometry": { "type": "Point", "coordinates": [ 72.4666699, 23.0249757 ] } },
{ "type": "Feature", "properties": { "osm_id": "way/364876997", "layer": "park", "role": "cooling_point", "name": null, "beds": null, "source": "OpenStreetMap" }, "geometry": { "type": "Point", "coordinates": [ 72.4689921, 23.0253119 ] } },
{ "type": "Feature", "properties": { "osm_id": "way/364876999", "layer": "park", "role": "cooling_point", "name": null, "beds": null, "source": "OpenStreetMap" }, "geometry": { "type": "Point", "coordinates": [ 72.46852, 23.0261025 ] } },
{ "type": "Feature", "properties": { "osm_id": "way/364893628", "layer": "park", "role": "cooling_point", "name": null, "beds": null, "source": "OpenStreetMap" }, "geometry": { "type": "Point", "coordinates": [ 72.4698653, 23.0251928 ] } },
{ "type": "Feature", "properties": { "osm_id": "way/364902934", "layer": "park", "role": "cooling_point", "name": null, "beds": null, "source": "OpenStreetMap" }, "geometry": { "type": "Point", "coordinates": [ 72.4681585, 23.0265893 ] } },
{ "type": "Feature", "properties": { "osm_id": "way/364915420", "layer": "park", "role": "cooling_point", "name": null, "beds": null, "source": "OpenStreetMap" }, "geometry": { "type": "Point", "coordinates": [ 72.465606, 23.0262802 ] } },
{ "type": "Feature", "properties": { "osm_id": "way/364915505", "layer": "park", "role": "cooling_point", "name": null, "beds": null, "source": "OpenStreetMap" }, "geometry": { "type": "Point", "coordinates": [ 72.4655542, 23.0275594 ] } },
{ "type": "Feature", "properties": { "osm_id": "way/364915552", "layer": "park", "role": "cooling_point", "name": null, "beds": null, "source": "OpenStreetMap" }, "geometry": { "type": "Point", "coordinates": [ 72.4677909, 23.0264008 ] } },
{ "type": "Feature", "properties": { "osm_id": "way/365045070", "layer": "park", "role": "cooling_point", "name": null, "beds": null, "source": "OpenStreetMap" }, "geometry": { "type": "Point", "coordinates": [ 72.4694706, 23.0207416 ] } },
{ "type": "Feature", "properties": { "osm_id": "way/365045072", "layer": "park", "role": "cooling_point", "name": null, "beds": null, "source": "OpenStreetMap" }, "geometry": { "type": "Point", "coordinates": [ 72.4697207, 23.0174011 ] } },
{ "type": "Feature", "properties": { "osm_id": "way/365045128", "layer": "park", "role": "cooling_point", "name": null, "beds": null, "source": "OpenStreetMap" }, "geometry": { "type": "Point", "coordinates": [ 72.4696569, 23.0194994 ] } },
{ "type": "Feature", "properties": { "osm_id": "way/365045141", "layer": "park", "role": "cooling_point", "name": null, "beds": null, "source": "OpenStreetMap" }, "geometry": { "type": "Point", "coordinates": [ 72.4640704, 23.0261164 ] } },
{ "type": "Feature", "properties": { "osm_id": "way/365045156", "layer": "park", "role": "cooling_point", "name": null, "beds": null, "source": "OpenStreetMap" }, "geometry": { "type": "Point", "coordinates": [ 72.4653345, 23.0234067 ] } },
{ "type": "Feature", "properties": { "osm_id": "way/365045205", "layer": "park", "role": "cooling_point", "name": null, "beds": null, "source": "OpenStreetMap" }, "geometry": { "type": "Point", "coordinates": [ 72.4702846, 23.0157443 ] } },
{ "type": "Feature", "properties": { "osm_id": "way/365065661", "layer": "park", "role": "cooling_point", "name": null, "beds": null, "source": "OpenStreetMap" }, "geometry": { "type": "Point", "coordinates": [ 72.4750799, 23.0150482 ] } },
{ "type": "Feature", "properties": { "osm_id": "way/365067964", "layer": "park", "role": "cooling_point", "name": null, "beds": null, "source": "OpenStreetMap" }, "geometry": { "type": "Point", "coordinates": [ 72.4651133, 23.0286428 ] } },
{ "type": "Feature", "properties": { "osm_id": "way/365091504", "layer": "park", "role": "cooling_point", "name": null, "beds": null, "source": "OpenStreetMap" }, "geometry": { "type": "Point", "coordinates": [ 72.4536011, 23.0254719 ] } },
{ "type": "Feature", "properties": { "osm_id": "way/365091580", "layer": "park", "role": "cooling_point", "name": null, "beds": null, "source": "OpenStreetMap" }, "geometry": { "type": "Point", "coordinates": [ 72.4730292, 23.0219778 ] } },
{ "type": "Feature", "properties": { "osm_id": "way/365091615", "layer": "park", "role": "cooling_point", "name": null, "beds": null, "source": "OpenStreetMap" }, "geometry": { "type": "Point", "coordinates": [ 72.461712, 23.0221473 ] } },
{ "type": "Feature", "properties": { "osm_id": "way/365091704", "layer": "park", "role": "cooling_point", "name": null, "beds": null, "source": "OpenStreetMap" }, "geometry": { "type": "Point", "coordinates": [ 72.4628429, 23.0312469 ] } },
{ "type": "Feature", "properties": { "osm_id": "way/365457768", "layer": "park", "role": "cooling_point", "name": null, "beds": null, "source": "OpenStreetMap" }, "geometry": { "type": "Point", "coordinates": [ 72.4627873, 23.0344768 ] } },
{ "type": "Feature", "properties": { "osm_id": "way/365464959", "layer": "park", "role": "cooling_point", "name": null, "beds": null, "source": "OpenStreetMap" }, "geometry": { "type": "Point", "coordinates": [ 72.4579828, 23.0282654 ] } },
{ "type": "Feature", "properties": { "osm_id": "way/365522477", "layer": "park", "role": "cooling_point", "name": null, "beds": null, "source": "OpenStreetMap" }, "geometry": { "type": "Point", "coordinates": [ 72.4553242, 23.0056831 ] } },
{ "type": "Feature", "properties": { "osm_id": "way/365522586", "layer": "park", "role": "cooling_point", "name": null, "beds": null, "source": "OpenStreetMap" }, "geometry": { "type": "Point", "coordinates": [ 72.4586599, 23.0063388 ] } },
{ "type": "Feature", "properties": { "osm_id": "way/365522701", "layer": "park", "role": "cooling_point", "name": null, "beds": null, "source": "OpenStreetMap" }, "geometry": { "type": "Point", "coordinates": [ 72.4563416, 23.0043485 ] } },
{ "type": "Feature", "properties": { "osm_id": "way/365522724", "layer": "park", "role": "cooling_point", "name": null, "beds": null, "source": "OpenStreetMap" }, "geometry": { "type": "Point", "coordinates": [ 72.4491288, 23.0079005 ] } },
{ "type": "Feature", "properties": { "osm_id": "way/365522779", "layer": "park", "role": "cooling_point", "name": null, "beds": null, "source": "OpenStreetMap" }, "geometry": { "type": "Point", "coordinates": [ 72.450144, 23.00689 ] } },
{ "type": "Feature", "properties": { "osm_id": "way/365522783", "layer": "park", "role": "cooling_point", "name": null, "beds": null, "source": "OpenStreetMap" }, "geometry": { "type": "Point", "coordinates": [ 72.4497066, 23.0084801 ] } },
{ "type": "Feature", "properties": { "osm_id": "way/365654797", "layer": "park", "role": "cooling_point", "name": null, "beds": null, "source": "OpenStreetMap" }, "geometry": { "type": "Point", "coordinates": [ 72.4592492, 23.0289982 ] } },
{ "type": "Feature", "properties": { "osm_id": "way/365654869", "layer": "park", "role": "cooling_point", "name": null, "beds": null, "source": "OpenStreetMap" }, "geometry": { "type": "Point", "coordinates": [ 72.4639037, 23.0434114 ] } },
{ "type": "Feature", "properties": { "osm_id": "way/365668161", "layer": "park", "role": "cooling_point", "name": null, "beds": null, "source": "OpenStreetMap" }, "geometry": { "type": "Point", "coordinates": [ 72.471937, 23.0250791 ] } },
{ "type": "Feature", "properties": { "osm_id": "way/366287871", "layer": "park", "role": "cooling_point", "name": "Sindhu Bhavan Park", "beds": null, "source": "OpenStreetMap" }, "geometry": { "type": "Point", "coordinates": [ 72.5016929, 23.0415686 ] } },
{ "type": "Feature", "properties": { "osm_id": "way/366293021", "layer": "park", "role": "cooling_point", "name": null, "beds": null, "source": "OpenStreetMap" }, "geometry": { "type": "Point", "coordinates": [ 72.5132403, 23.0295715 ] } },
{ "type": "Feature", "properties": { "osm_id": "way/366303534", "layer": "park", "role": "cooling_point", "name": "Ashvini Public Park", "beds": null, "source": "OpenStreetMap" }, "geometry": { "type": "Point", "coordinates": [ 72.5199167, 23.0397411 ] } },
{ "type": "Feature", "properties": { "osm_id": "way/366303536", "layer": "park", "role": "cooling_point", "name": "Rohini Public Park", "beds": null, "source": "OpenStreetMap" }, "geometry": { "type": "Point", "coordinates": [ 72.5204761, 23.0390263 ] } },
{ "type": "Feature", "properties": { "osm_id": "way/366439753", "layer": "park", "role": "cooling_point", "name": "Chitra Public Park", "beds": null, "source": "OpenStreetMap" }, "geometry": { "type": "Point", "coordinates": [ 72.5218027, 23.0349585 ] } },
{ "type": "Feature", "properties": { "osm_id": "way/366466098", "layer": "park", "role": "cooling_point", "name": null, "beds": null, "source": "OpenStreetMap" }, "geometry": { "type": "Point", "coordinates": [ 72.5246937, 23.0370942 ] } },
{ "type": "Feature", "properties": { "osm_id": "way/366615033", "layer": "park", "role": "cooling_point", "name": null, "beds": null, "source": "OpenStreetMap" }, "geometry": { "type": "Point", "coordinates": [ 72.515688, 23.033622 ] } },
{ "type": "Feature", "properties": { "osm_id": "way/366615087", "layer": "park", "role": "cooling_point", "name": "Sandipani Park", "beds": null, "source": "OpenStreetMap" }, "geometry": { "type": "Point", "coordinates": [ 72.5169617, 23.0336586 ] } },
{ "type": "Feature", "properties": { "osm_id": "way/366769533", "layer": "park", "role": "cooling_point", "name": null, "beds": null, "source": "OpenStreetMap" }, "geometry": { "type": "Point", "coordinates": [ 72.53088, 23.0280973 ] } },
{ "type": "Feature", "properties": { "osm_id": "way/366811075", "layer": "park", "role": "cooling_point", "name": null, "beds": null, "source": "OpenStreetMap" }, "geometry": { "type": "Point", "coordinates": [ 72.5279814, 23.0352096 ] } },
{ "type": "Feature", "properties": { "osm_id": "way/366811127", "layer": "park", "role": "cooling_point", "name": null, "beds": null, "source": "OpenStreetMap" }, "geometry": { "type": "Point", "coordinates": [ 72.5296626, 23.0343451 ] } },
{ "type": "Feature", "properties": { "osm_id": "way/366818501", "layer": "park", "role": "cooling_point", "name": null, "beds": null, "source": "OpenStreetMap" }, "geometry": { "type": "Point", "coordinates": [ 72.4840954, 23.0582685 ] } },
{ "type": "Feature", "properties": { "osm_id": "way/367198369", "layer": "park", "role": "cooling_point", "name": null, "beds": null, "source": "OpenStreetMap" }, "geometry": { "type": "Point", "coordinates": [ 72.5324871, 23.0445845 ] } },
{ "type": "Feature", "properties": { "osm_id": "way/367198484", "layer": "park", "role": "cooling_point", "name": null, "beds": null, "source": "OpenStreetMap" }, "geometry": { "type": "Point", "coordinates": [ 72.5250976, 23.045186 ] } },
{ "type": "Feature", "properties": { "osm_id": "way/367426637", "layer": "park", "role": "cooling_point", "name": null, "beds": null, "source": "OpenStreetMap" }, "geometry": { "type": "Point", "coordinates": [ 72.5209117, 23.0155373 ] } },
{ "type": "Feature", "properties": { "osm_id": "way/367427547", "layer": "park", "role": "cooling_point", "name": null, "beds": null, "source": "OpenStreetMap" }, "geometry": { "type": "Point", "coordinates": [ 72.5457228, 23.0034067 ] } },
{ "type": "Feature", "properties": { "osm_id": "way/367551884", "layer": "park", "role": "cooling_point", "name": null, "beds": null, "source": "OpenStreetMap" }, "geometry": { "type": "Point", "coordinates": [ 72.5120369, 23.0567872 ] } },
{ "type": "Feature", "properties": { "osm_id": "way/367552932", "layer": "park", "role": "cooling_point", "name": null, "beds": null, "source": "OpenStreetMap" }, "geometry": { "type": "Point", "coordinates": [ 72.5035477, 23.0219398 ] } },
{ "type": "Feature", "properties": { "osm_id": "way/367553061", "layer": "park", "role": "cooling_point", "name": null, "beds": null, "source": "OpenStreetMap" }, "geometry": { "type": "Point", "coordinates": [ 72.5156644, 23.0233261 ] } },
{ "type": "Feature", "properties": { "osm_id": "way/367585823", "layer": "park", "role": "cooling_point", "name": null, "beds": null, "source": "OpenStreetMap" }, "geometry": { "type": "Point", "coordinates": [ 72.51626, 23.0156895 ] } },
{ "type": "Feature", "properties": { "osm_id": "way/367585840", "layer": "park", "role": "cooling_point", "name": null, "beds": null, "source": "OpenStreetMap" }, "geometry": { "type": "Point", "coordinates": [ 72.5124301, 23.0132596 ] } },
{ "type": "Feature", "properties": { "osm_id": "way/367591782", "layer": "park", "role": "cooling_point", "name": null, "beds": null, "source": "OpenStreetMap" }, "geometry": { "type": "Point", "coordinates": [ 72.5156935, 23.0183571 ] } },
{ "type": "Feature", "properties": { "osm_id": "way/367591892", "layer": "park", "role": "cooling_point", "name": null, "beds": null, "source": "OpenStreetMap" }, "geometry": { "type": "Point", "coordinates": [ 72.515587, 23.0177624 ] } },
{ "type": "Feature", "properties": { "osm_id": "way/367756277", "layer": "park", "role": "cooling_point", "name": "JBR Residency Garden", "beds": null, "source": "OpenStreetMap" }, "geometry": { "type": "Point", "coordinates": [ 72.5112201, 23.0738524 ] } },
{ "type": "Feature", "properties": { "osm_id": "way/367807245", "layer": "park", "role": "cooling_point", "name": null, "beds": null, "source": "OpenStreetMap" }, "geometry": { "type": "Point", "coordinates": [ 72.5236727, 23.0189315 ] } },
{ "type": "Feature", "properties": { "osm_id": "way/367807257", "layer": "park", "role": "cooling_point", "name": "Marichi Public Park", "beds": null, "source": "OpenStreetMap" }, "geometry": { "type": "Point", "coordinates": [ 72.5277139, 23.0214401 ] } },
{ "type": "Feature", "properties": { "osm_id": "way/367948291", "layer": "park", "role": "cooling_point", "name": null, "beds": null, "source": "OpenStreetMap" }, "geometry": { "type": "Point", "coordinates": [ 72.528145, 23.0190359 ] } },
{ "type": "Feature", "properties": { "osm_id": "way/367948316", "layer": "park", "role": "cooling_point", "name": null, "beds": null, "source": "OpenStreetMap" }, "geometry": { "type": "Point", "coordinates": [ 72.522701, 23.0152507 ] } },
{ "type": "Feature", "properties": { "osm_id": "way/367949942", "layer": "park", "role": "cooling_point", "name": "krupa", "beds": null, "source": "OpenStreetMap" }, "geometry": { "type": "Point", "coordinates": [ 72.6348371, 22.9881045 ] } },
{ "type": "Feature", "properties": { "osm_id": "way/367971770", "layer": "park", "role": "cooling_point", "name": null, "beds": null, "source": "OpenStreetMap" }, "geometry": { "type": "Point", "coordinates": [ 72.4879708, 23.0264418 ] } },
{ "type": "Feature", "properties": { "osm_id": "way/367976278", "layer": "park", "role": "cooling_point", "name": null, "beds": null, "source": "OpenStreetMap" }, "geometry": { "type": "Point", "coordinates": [ 72.4872688, 23.0150318 ] } },
{ "type": "Feature", "properties": { "osm_id": "way/368457410", "layer": "park", "role": "cooling_point", "name": "Utsav Public Park", "beds": null, "source": "OpenStreetMap" }, "geometry": { "type": "Point", "coordinates": [ 72.515927, 23.0116285 ] } },
{ "type": "Feature", "properties": { "osm_id": "way/368569069", "layer": "park", "role": "cooling_point", "name": "Pancha Talav", "beds": null, "source": "OpenStreetMap" }, "geometry": { "type": "Point", "coordinates": [ 72.5120951, 23.0092167 ] } },
{ "type": "Feature", "properties": { "osm_id": "way/368608009", "layer": "park", "role": "cooling_point", "name": null, "beds": null, "source": "OpenStreetMap" }, "geometry": { "type": "Point", "coordinates": [ 72.5023641, 23.0047541 ] } },
{ "type": "Feature", "properties": { "osm_id": "way/368911567", "layer": "park", "role": "cooling_point", "name": "Kankaria Football Ground", "beds": null, "source": "OpenStreetMap" }, "geometry": { "type": "Point", "coordinates": [ 72.5969334, 23.0068362 ] } },
{ "type": "Feature", "properties": { "osm_id": "way/369050491", "layer": "park", "role": "cooling_point", "name": "green gujrat nursery", "beds": null, "source": "OpenStreetMap" }, "geometry": { "type": "Point", "coordinates": [ 72.5235002, 23.0542192 ] } },
{ "type": "Feature", "properties": { "osm_id": "way/369655295", "layer": "park", "role": "cooling_point", "name": "divya farm nursery", "beds": null, "source": "OpenStreetMap" }, "geometry": { "type": "Point", "coordinates": [ 72.5294217, 23.0578232 ] } },
{ "type": "Feature", "properties": { "osm_id": "way/374261182", "layer": "park", "role": "cooling_point", "name": "North Lawns", "beds": null, "source": "OpenStreetMap" }, "geometry": { "type": "Point", "coordinates": [ 72.5500071, 23.0384285 ] } },
{ "type": "Feature", "properties": { "osm_id": "way/381421363", "layer": "park", "role": "cooling_point", "name": "Usmanpura Garden", "beds": null, "source": "OpenStreetMap" }, "geometry": { "type": "Point", "coordinates": [ 72.5685547, 23.0474932 ] } },
{ "type": "Feature", "properties": { "osm_id": "way/451491950", "layer": "park", "role": "cooling_point", "name": "Appartment Park", "beds": null, "source": "OpenStreetMap" }, "geometry": { "type": "Point", "coordinates": [ 72.6659135, 23.0775253 ] } },
{ "type": "Feature", "properties": { "osm_id": "way/451497109", "layer": "park", "role": "cooling_point", "name": null, "beds": null, "source": "OpenStreetMap" }, "geometry": { "type": "Point", "coordinates": [ 72.6616953, 23.0557872 ] } },
{ "type": "Feature", "properties": { "osm_id": "way/451497164", "layer": "park", "role": "cooling_point", "name": null, "beds": null, "source": "OpenStreetMap" }, "geometry": { "type": "Point", "coordinates": [ 72.6630208, 23.0546523 ] } },
{ "type": "Feature", "properties": { "osm_id": "way/451497165", "layer": "park", "role": "cooling_point", "name": null, "beds": null, "source": "OpenStreetMap" }, "geometry": { "type": "Point", "coordinates": [ 72.6629233, 23.0556116 ] } },
{ "type": "Feature", "properties": { "osm_id": "way/451498913", "layer": "park", "role": "cooling_point", "name": null, "beds": null, "source": "OpenStreetMap" }, "geometry": { "type": "Point", "coordinates": [ 72.6641608, 23.0579803 ] } },
{ "type": "Feature", "properties": { "osm_id": "way/451513556", "layer": "park", "role": "cooling_point", "name": "Madhuvan Green Party Plot ,Nikol", "beds": null, "source": "OpenStreetMap" }, "geometry": { "type": "Point", "coordinates": [ 72.6718987, 23.0589119 ] } },
{ "type": "Feature", "properties": { "osm_id": "way/451817621", "layer": "park", "role": "cooling_point", "name": null, "beds": null, "source": "OpenStreetMap" }, "geometry": { "type": "Point", "coordinates": [ 72.5399324, 23.043856 ] } },
{ "type": "Feature", "properties": { "osm_id": "way/451817622", "layer": "park", "role": "cooling_point", "name": null, "beds": null, "source": "OpenStreetMap" }, "geometry": { "type": "Point", "coordinates": [ 72.5402366, 23.0431703 ] } },
{ "type": "Feature", "properties": { "osm_id": "way/451817623", "layer": "park", "role": "cooling_point", "name": null, "beds": null, "source": "OpenStreetMap" }, "geometry": { "type": "Point", "coordinates": [ 72.5407765, 23.0439552 ] } },
{ "type": "Feature", "properties": { "osm_id": "way/451817625", "layer": "park", "role": "cooling_point", "name": null, "beds": null, "source": "OpenStreetMap" }, "geometry": { "type": "Point", "coordinates": [ 72.5391448, 23.0423366 ] } },
{ "type": "Feature", "properties": { "osm_id": "way/452010439", "layer": "park", "role": "cooling_point", "name": "Kubernagar garden", "beds": null, "source": "OpenStreetMap" }, "geometry": { "type": "Point", "coordinates": [ 72.6419973, 23.0750814 ] } },
{ "type": "Feature", "properties": { "osm_id": "way/452061105", "layer": "park", "role": "cooling_point", "name": null, "beds": null, "source": "OpenStreetMap" }, "geometry": { "type": "Point", "coordinates": [ 72.5768265, 23.0680732 ] } },
{ "type": "Feature", "properties": { "osm_id": "way/452061106", "layer": "park", "role": "cooling_point", "name": null, "beds": null, "source": "OpenStreetMap" }, "geometry": { "type": "Point", "coordinates": [ 72.5771795, 23.0682621 ] } },
{ "type": "Feature", "properties": { "osm_id": "way/452834975", "layer": "park", "role": "cooling_point", "name": null, "beds": null, "source": "OpenStreetMap" }, "geometry": { "type": "Point", "coordinates": [ 72.6271878, 23.0861599 ] } },
{ "type": "Feature", "properties": { "osm_id": "way/462146716", "layer": "park", "role": "cooling_point", "name": "Municipal Garden", "beds": null, "source": "OpenStreetMap" }, "geometry": { "type": "Point", "coordinates": [ 72.5675013, 23.0789629 ] } },
{ "type": "Feature", "properties": { "osm_id": "way/462300706", "layer": "park", "role": "cooling_point", "name": "Senior Citizen Park-AMC", "beds": null, "source": "OpenStreetMap" }, "geometry": { "type": "Point", "coordinates": [ 72.5669034, 23.0815581 ] } },
{ "type": "Feature", "properties": { "osm_id": "way/462303087", "layer": "park", "role": "cooling_point", "name": "AMC-Garden", "beds": null, "source": "OpenStreetMap" }, "geometry": { "type": "Point", "coordinates": [ 72.5623318, 23.0824005 ] } },
{ "type": "Feature", "properties": { "osm_id": "way/462303433", "layer": "park", "role": "cooling_point", "name": "AMC- Garden", "beds": null, "source": "OpenStreetMap" }, "geometry": { "type": "Point", "coordinates": [ 72.5634564, 23.0809189 ] } },
{ "type": "Feature", "properties": { "osm_id": "way/463206266", "layer": "park", "role": "cooling_point", "name": "Riverfront Park", "beds": null, "source": "OpenStreetMap" }, "geometry": { "type": "Point", "coordinates": [ 72.5822249, 23.0564311 ] } },
{ "type": "Feature", "properties": { "osm_id": "way/468008726", "layer": "park", "role": "cooling_point", "name": "Jethabhai Parmar Garden", "beds": null, "source": "OpenStreetMap" }, "geometry": { "type": "Point", "coordinates": [ 72.6009296, 23.0489793 ] } },
{ "type": "Feature", "properties": { "osm_id": "way/469342324", "layer": "park", "role": "cooling_point", "name": "Oxygen Park", "beds": null, "source": "OpenStreetMap" }, "geometry": { "type": "Point", "coordinates": [ 72.6293912, 22.9845197 ] } },
{ "type": "Feature", "properties": { "osm_id": "way/472446481", "layer": "park", "role": "cooling_point", "name": "Malav Talav", "beds": null, "source": "OpenStreetMap" }, "geometry": { "type": "Point", "coordinates": [ 72.5396669, 23.0068729 ] } },
{ "type": "Feature", "properties": { "osm_id": "way/486964180", "layer": "park", "role": "cooling_point", "name": null, "beds": null, "source": "OpenStreetMap" }, "geometry": { "type": "Point", "coordinates": [ 72.5150396, 23.0554155 ] } },
{ "type": "Feature", "properties": { "osm_id": "way/487820108", "layer": "park", "role": "cooling_point", "name": "Gotila Garden Talav", "beds": null, "source": "OpenStreetMap" }, "geometry": { "type": "Point", "coordinates": [ 72.4950941, 23.0398892 ] } },
{ "type": "Feature", "properties": { "osm_id": "way/526388325", "layer": "park", "role": "cooling_point", "name": "Flower Park, Sabarmati Riverfront", "beds": null, "source": "OpenStreetMap" }, "geometry": { "type": "Point", "coordinates": [ 72.5736702, 23.0192148 ] } },
{ "type": "Feature", "properties": { "osm_id": "way/529678702", "layer": "park", "role": "cooling_point", "name": null, "beds": null, "source": "OpenStreetMap" }, "geometry": { "type": "Point", "coordinates": [ 72.621782, 23.0721599 ] } },
{ "type": "Feature", "properties": { "osm_id": "way/530527764", "layer": "park", "role": "cooling_point", "name": "Energy Park", "beds": null, "source": "OpenStreetMap" }, "geometry": { "type": "Point", "coordinates": [ 72.4944648, 23.0807071 ] } },
{ "type": "Feature", "properties": { "osm_id": "way/530527770", "layer": "park", "role": "cooling_point", "name": "Life Science Park", "beds": null, "source": "OpenStreetMap" }, "geometry": { "type": "Point", "coordinates": [ 72.4947909, 23.0796041 ] } },
{ "type": "Feature", "properties": { "osm_id": "way/531442556", "layer": "park", "role": "cooling_point", "name": null, "beds": null, "source": "OpenStreetMap" }, "geometry": { "type": "Point", "coordinates": [ 72.4634861, 22.9838305 ] } },
{ "type": "Feature", "properties": { "osm_id": "way/531442557", "layer": "park", "role": "cooling_point", "name": null, "beds": null, "source": "OpenStreetMap" }, "geometry": { "type": "Point", "coordinates": [ 72.4641857, 22.983565 ] } },
{ "type": "Feature", "properties": { "osm_id": "way/531468268", "layer": "park", "role": "cooling_point", "name": null, "beds": null, "source": "OpenStreetMap" }, "geometry": { "type": "Point", "coordinates": [ 72.4592086, 22.9726885 ] } },
{ "type": "Feature", "properties": { "osm_id": "way/531468269", "layer": "park", "role": "cooling_point", "name": null, "beds": null, "source": "OpenStreetMap" }, "geometry": { "type": "Point", "coordinates": [ 72.4596135, 22.9726515 ] } },
{ "type": "Feature", "properties": { "osm_id": "way/531468270", "layer": "park", "role": "cooling_point", "name": null, "beds": null, "source": "OpenStreetMap" }, "geometry": { "type": "Point", "coordinates": [ 72.4584931, 22.9730151 ] } },
{ "type": "Feature", "properties": { "osm_id": "way/531471608", "layer": "park", "role": "cooling_point", "name": null, "beds": null, "source": "OpenStreetMap" }, "geometry": { "type": "Point", "coordinates": [ 72.451198, 22.9802292 ] } },
{ "type": "Feature", "properties": { "osm_id": "way/531471609", "layer": "park", "role": "cooling_point", "name": null, "beds": null, "source": "OpenStreetMap" }, "geometry": { "type": "Point", "coordinates": [ 72.4516523, 22.9802544 ] } },
{ "type": "Feature", "properties": { "osm_id": "way/538916426", "layer": "park", "role": "cooling_point", "name": "Botanical Garden", "beds": null, "source": "OpenStreetMap" }, "geometry": { "type": "Point", "coordinates": [ 72.548291, 23.1295185 ] } },
{ "type": "Feature", "properties": { "osm_id": "way/544549762", "layer": "park", "role": "cooling_point", "name": null, "beds": null, "source": "OpenStreetMap" }, "geometry": { "type": "Point", "coordinates": [ 72.4550244, 23.0000305 ] } },
{ "type": "Feature", "properties": { "osm_id": "way/544549763", "layer": "park", "role": "cooling_point", "name": null, "beds": null, "source": "OpenStreetMap" }, "geometry": { "type": "Point", "coordinates": [ 72.4556614, 22.9997745 ] } },
{ "type": "Feature", "properties": { "osm_id": "way/544549764", "layer": "park", "role": "cooling_point", "name": null, "beds": null, "source": "OpenStreetMap" }, "geometry": { "type": "Point", "coordinates": [ 72.4561336, 23.0002256 ] } },
{ "type": "Feature", "properties": { "osm_id": "way/544550230", "layer": "park", "role": "cooling_point", "name": null, "beds": null, "source": "OpenStreetMap" }, "geometry": { "type": "Point", "coordinates": [ 72.4489641, 23.0085424 ] } },
{ "type": "Feature", "properties": { "osm_id": "way/545645100", "layer": "park", "role": "cooling_point", "name": null, "beds": null, "source": "OpenStreetMap" }, "geometry": { "type": "Point", "coordinates": [ 72.5000312, 23.1484742 ] } },
{ "type": "Feature", "properties": { "osm_id": "way/545653848", "layer": "park", "role": "cooling_point", "name": null, "beds": null, "source": "OpenStreetMap" }, "geometry": { "type": "Point", "coordinates": [ 72.4981668, 23.1486218 ] } },
{ "type": "Feature", "properties": { "osm_id": "way/547563025", "layer": "park", "role": "cooling_point", "name": "High Court Garden", "beds": null, "source": "OpenStreetMap" }, "geometry": { "type": "Point", "coordinates": [ 72.5248963, 23.0791862 ] } },
{ "type": "Feature", "properties": { "osm_id": "way/547563026", "layer": "park", "role": "cooling_point", "name": "High Court Garden", "beds": null, "source": "OpenStreetMap" }, "geometry": { "type": "Point", "coordinates": [ 72.5253813, 23.0808656 ] } },
{ "type": "Feature", "properties": { "osm_id": "way/547563027", "layer": "park", "role": "cooling_point", "name": "High Court Garden", "beds": null, "source": "OpenStreetMap" }, "geometry": { "type": "Point", "coordinates": [ 72.5251353, 23.0800246 ] } },
{ "type": "Feature", "properties": { "osm_id": "way/547563030", "layer": "park", "role": "cooling_point", "name": "High Court Garden", "beds": null, "source": "OpenStreetMap" }, "geometry": { "type": "Point", "coordinates": [ 72.525794, 23.0798429 ] } },
{ "type": "Feature", "properties": { "osm_id": "way/547568630", "layer": "park", "role": "cooling_point", "name": null, "beds": null, "source": "OpenStreetMap" }, "geometry": { "type": "Point", "coordinates": [ 72.5239261, 23.0803361 ] } },
{ "type": "Feature", "properties": { "osm_id": "way/547574336", "layer": "park", "role": "cooling_point", "name": null, "beds": null, "source": "OpenStreetMap" }, "geometry": { "type": "Point", "coordinates": [ 72.52474, 23.077863 ] } },
{ "type": "Feature", "properties": { "osm_id": "way/547574337", "layer": "park", "role": "cooling_point", "name": null, "beds": null, "source": "OpenStreetMap" }, "geometry": { "type": "Point", "coordinates": [ 72.5238827, 23.0777753 ] } },
{ "type": "Feature", "properties": { "osm_id": "way/547574344", "layer": "park", "role": "cooling_point", "name": null, "beds": null, "source": "OpenStreetMap" }, "geometry": { "type": "Point", "coordinates": [ 72.5241313, 23.0784059 ] } },
{ "type": "Feature", "properties": { "osm_id": "way/547574352", "layer": "park", "role": "cooling_point", "name": null, "beds": null, "source": "OpenStreetMap" }, "geometry": { "type": "Point", "coordinates": [ 72.5226521, 23.0784212 ] } },
{ "type": "Feature", "properties": { "osm_id": "way/547574353", "layer": "park", "role": "cooling_point", "name": null, "beds": null, "source": "OpenStreetMap" }, "geometry": { "type": "Point", "coordinates": [ 72.5228256, 23.0779102 ] } },
{ "type": "Feature", "properties": { "osm_id": "way/547576299", "layer": "park", "role": "cooling_point", "name": null, "beds": null, "source": "OpenStreetMap" }, "geometry": { "type": "Point", "coordinates": [ 72.5228453, 23.0806648 ] } },
{ "type": "Feature", "properties": { "osm_id": "way/547590911", "layer": "park", "role": "cooling_point", "name": null, "beds": null, "source": "OpenStreetMap" }, "geometry": { "type": "Point", "coordinates": [ 72.5455163, 23.1471771 ] } },
{ "type": "Feature", "properties": { "osm_id": "way/547617475", "layer": "park", "role": "cooling_point", "name": null, "beds": null, "source": "OpenStreetMap" }, "geometry": { "type": "Point", "coordinates": [ 72.6515605, 23.1193403 ] } },
{ "type": "Feature", "properties": { "osm_id": "way/547622943", "layer": "park", "role": "cooling_point", "name": null, "beds": null, "source": "OpenStreetMap" }, "geometry": { "type": "Point", "coordinates": [ 72.6583414, 23.1049002 ] } },
{ "type": "Feature", "properties": { "osm_id": "way/548348674", "layer": "park", "role": "cooling_point", "name": null, "beds": null, "source": "OpenStreetMap" }, "geometry": { "type": "Point", "coordinates": [ 72.599635, 23.0110739 ] } },
{ "type": "Feature", "properties": { "osm_id": "way/548349916", "layer": "park", "role": "cooling_point", "name": null, "beds": null, "source": "OpenStreetMap" }, "geometry": { "type": "Point", "coordinates": [ 72.5997548, 23.0101228 ] } },
{ "type": "Feature", "properties": { "osm_id": "way/548349917", "layer": "park", "role": "cooling_point", "name": null, "beds": null, "source": "OpenStreetMap" }, "geometry": { "type": "Point", "coordinates": [ 72.5997199, 23.0105025 ] } },
{ "type": "Feature", "properties": { "osm_id": "way/550883368", "layer": "park", "role": "cooling_point", "name": "AMC Mahila Udyan", "beds": null, "source": "OpenStreetMap" }, "geometry": { "type": "Point", "coordinates": [ 72.5060635, 23.0320184 ] } },
{ "type": "Feature", "properties": { "osm_id": "way/551578950", "layer": "park", "role": "cooling_point", "name": null, "beds": null, "source": "OpenStreetMap" }, "geometry": { "type": "Point", "coordinates": [ 72.5130573, 23.0015782 ] } },
{ "type": "Feature", "properties": { "osm_id": "way/551631352", "layer": "park", "role": "cooling_point", "name": null, "beds": null, "source": "OpenStreetMap" }, "geometry": { "type": "Point", "coordinates": [ 72.6144122, 23.119031 ] } },
{ "type": "Feature", "properties": { "osm_id": "way/551635219", "layer": "park", "role": "cooling_point", "name": null, "beds": null, "source": "OpenStreetMap" }, "geometry": { "type": "Point", "coordinates": [ 72.6076547, 23.1167397 ] } },
{ "type": "Feature", "properties": { "osm_id": "way/551635222", "layer": "park", "role": "cooling_point", "name": null, "beds": null, "source": "OpenStreetMap" }, "geometry": { "type": "Point", "coordinates": [ 72.6074406, 23.1173109 ] } },
{ "type": "Feature", "properties": { "osm_id": "way/551648439", "layer": "park", "role": "cooling_point", "name": null, "beds": null, "source": "OpenStreetMap" }, "geometry": { "type": "Point", "coordinates": [ 72.6334485, 23.1187469 ] } },
{ "type": "Feature", "properties": { "osm_id": "way/551648441", "layer": "park", "role": "cooling_point", "name": null, "beds": null, "source": "OpenStreetMap" }, "geometry": { "type": "Point", "coordinates": [ 72.6337355, 23.1189513 ] } },
{ "type": "Feature", "properties": { "osm_id": "way/551648443", "layer": "park", "role": "cooling_point", "name": null, "beds": null, "source": "OpenStreetMap" }, "geometry": { "type": "Point", "coordinates": [ 72.6321117, 23.1188573 ] } },
{ "type": "Feature", "properties": { "osm_id": "way/551654829", "layer": "park", "role": "cooling_point", "name": null, "beds": null, "source": "OpenStreetMap" }, "geometry": { "type": "Point", "coordinates": [ 72.635908, 23.1108902 ] } },
{ "type": "Feature", "properties": { "osm_id": "way/551801625", "layer": "park", "role": "cooling_point", "name": null, "beds": null, "source": "OpenStreetMap" }, "geometry": { "type": "Point", "coordinates": [ 72.6205683, 23.0751991 ] } },
{ "type": "Feature", "properties": { "osm_id": "way/551886354", "layer": "park", "role": "cooling_point", "name": null, "beds": null, "source": "OpenStreetMap" }, "geometry": { "type": "Point", "coordinates": [ 72.6221249, 23.0730527 ] } },
{ "type": "Feature", "properties": { "osm_id": "way/553677194", "layer": "park", "role": "cooling_point", "name": "Ecology Park", "beds": null, "source": "OpenStreetMap" }, "geometry": { "type": "Point", "coordinates": [ 72.4545627, 23.046115 ] } },
{ "type": "Feature", "properties": { "osm_id": "way/555775170", "layer": "park", "role": "cooling_point", "name": null, "beds": null, "source": "OpenStreetMap" }, "geometry": { "type": "Point", "coordinates": [ 72.5989067, 23.0087608 ] } },
{ "type": "Feature", "properties": { "osm_id": "way/555775527", "layer": "park", "role": "cooling_point", "name": null, "beds": null, "source": "OpenStreetMap" }, "geometry": { "type": "Point", "coordinates": [ 72.5979401, 23.0076462 ] } },
{ "type": "Feature", "properties": { "osm_id": "way/555776167", "layer": "park", "role": "cooling_point", "name": null, "beds": null, "source": "OpenStreetMap" }, "geometry": { "type": "Point", "coordinates": [ 72.6051868, 23.0059898 ] } },
{ "type": "Feature", "properties": { "osm_id": "way/555931904", "layer": "park", "role": "cooling_point", "name": "riverfront garden", "beds": null, "source": "OpenStreetMap" }, "geometry": { "type": "Point", "coordinates": [ 72.5724274, 23.0432678 ] } },
{ "type": "Feature", "properties": { "osm_id": "way/557551584", "layer": "park", "role": "cooling_point", "name": "Shree Maharshi Arvind Garden", "beds": null, "source": "OpenStreetMap" }, "geometry": { "type": "Point", "coordinates": [ 72.5557276, 23.0560575 ] } },
{ "type": "Feature", "properties": { "osm_id": "way/557551890", "layer": "park", "role": "cooling_point", "name": "AUDA garden", "beds": null, "source": "OpenStreetMap" }, "geometry": { "type": "Point", "coordinates": [ 72.5318266, 23.0428431 ] } },
{ "type": "Feature", "properties": { "osm_id": "way/557552211", "layer": "park", "role": "cooling_point", "name": "Uday park", "beds": null, "source": "OpenStreetMap" }, "geometry": { "type": "Point", "coordinates": [ 72.5285771, 23.0408594 ] } },
{ "type": "Feature", "properties": { "osm_id": "way/557554100", "layer": "park", "role": "cooling_point", "name": "vikram park", "beds": null, "source": "OpenStreetMap" }, "geometry": { "type": "Point", "coordinates": [ 72.5085299, 23.0428865 ] } },
{ "type": "Feature", "properties": { "osm_id": "way/557555958", "layer": "park", "role": "cooling_point", "name": "Ishwarbhai patel garden", "beds": null, "source": "OpenStreetMap" }, "geometry": { "type": "Point", "coordinates": [ 72.5720288, 23.0721907 ] } },
{ "type": "Feature", "properties": { "osm_id": "way/557556742", "layer": "park", "role": "cooling_point", "name": "Vande mataram park", "beds": null, "source": "OpenStreetMap" }, "geometry": { "type": "Point", "coordinates": [ 72.5692068, 23.0649425 ] } },
{ "type": "Feature", "properties": { "osm_id": "way/557557775", "layer": "park", "role": "cooling_point", "name": "municipal park", "beds": null, "source": "OpenStreetMap" }, "geometry": { "type": "Point", "coordinates": [ 72.5620827, 23.054204 ] } },
{ "type": "Feature", "properties": { "osm_id": "way/557558188", "layer": "park", "role": "cooling_point", "name": "Prahladbhai Patel Joggers Park", "beds": null, "source": "OpenStreetMap" }, "geometry": { "type": "Point", "coordinates": [ 72.5543813, 23.0435206 ] } },
{ "type": "Feature", "properties": { "osm_id": "way/560735699", "layer": "park", "role": "cooling_point", "name": "Prahladnagar Garden", "beds": null, "source": "OpenStreetMap" }, "geometry": { "type": "Point", "coordinates": [ 72.5060966, 23.0129686 ] } },
{ "type": "Feature", "properties": { "osm_id": "way/573008946", "layer": "park", "role": "cooling_point", "name": "Aussizz Group Imigration Agent", "beds": null, "source": "OpenStreetMap" }, "geometry": { "type": "Point", "coordinates": [ 72.5716479, 23.0484663 ] } },
{ "type": "Feature", "properties": { "osm_id": "way/584631607", "layer": "park", "role": "cooling_point", "name": null, "beds": null, "source": "OpenStreetMap" }, "geometry": { "type": "Point", "coordinates": [ 72.6174633, 22.991555 ] } },
{ "type": "Feature", "properties": { "osm_id": "way/587525868", "layer": "park", "role": "cooling_point", "name": "Pandav Park", "beds": null, "source": "OpenStreetMap" }, "geometry": { "type": "Point", "coordinates": [ 72.5359297, 23.0695711 ] } },
{ "type": "Feature", "properties": { "osm_id": "way/609295799", "layer": "park", "role": "cooling_point", "name": null, "beds": null, "source": "OpenStreetMap" }, "geometry": { "type": "Point", "coordinates": [ 72.5254666, 23.0615313 ] } },
{ "type": "Feature", "properties": { "osm_id": "way/621705859", "layer": "park", "role": "cooling_point", "name": null, "beds": null, "source": "OpenStreetMap" }, "geometry": { "type": "Point", "coordinates": [ 72.4516641, 22.9799065 ] } },
{ "type": "Feature", "properties": { "osm_id": "way/621705860", "layer": "park", "role": "cooling_point", "name": null, "beds": null, "source": "OpenStreetMap" }, "geometry": { "type": "Point", "coordinates": [ 72.4512008, 22.9799 ] } },
{ "type": "Feature", "properties": { "osm_id": "way/663417687", "layer": "park", "role": "cooling_point", "name": "Auda Gardern", "beds": null, "source": "OpenStreetMap" }, "geometry": { "type": "Point", "coordinates": [ 72.5123675, 23.0346027 ] } },
{ "type": "Feature", "properties": { "osm_id": "way/697604272", "layer": "park", "role": "cooling_point", "name": null, "beds": null, "source": "OpenStreetMap" }, "geometry": { "type": "Point", "coordinates": [ 72.4765715, 23.0307867 ] } },
{ "type": "Feature", "properties": { "osm_id": "way/746839528", "layer": "park", "role": "cooling_point", "name": "AUDA Garden South Bopal", "beds": null, "source": "OpenStreetMap" }, "geometry": { "type": "Point", "coordinates": [ 72.4722177, 23.017489 ] } },
{ "type": "Feature", "properties": { "osm_id": "way/763326396", "layer": "park", "role": "cooling_point", "name": null, "beds": null, "source": "OpenStreetMap" }, "geometry": { "type": "Point", "coordinates": [ 72.6279089, 23.0825121 ] } },
{ "type": "Feature", "properties": { "osm_id": "way/763326648", "layer": "park", "role": "cooling_point", "name": null, "beds": null, "source": "OpenStreetMap" }, "geometry": { "type": "Point", "coordinates": [ 72.6288055, 23.0824299 ] } },
{ "type": "Feature", "properties": { "osm_id": "way/763326790", "layer": "park", "role": "cooling_point", "name": "santshree satramdas udyan", "beds": null, "source": "OpenStreetMap" }, "geometry": { "type": "Point", "coordinates": [ 72.629419, 23.0843076 ] } },
{ "type": "Feature", "properties": { "osm_id": "way/763327672", "layer": "park", "role": "cooling_point", "name": null, "beds": null, "source": "OpenStreetMap" }, "geometry": { "type": "Point", "coordinates": [ 72.631039, 23.0870526 ] } },
{ "type": "Feature", "properties": { "osm_id": "way/763328615", "layer": "park", "role": "cooling_point", "name": "Manorama Garden", "beds": null, "source": "OpenStreetMap" }, "geometry": { "type": "Point", "coordinates": [ 72.6394369, 23.0896467 ] } },
{ "type": "Feature", "properties": { "osm_id": "way/763329771", "layer": "park", "role": "cooling_point", "name": "SardarNagar Community Garden", "beds": null, "source": "OpenStreetMap" }, "geometry": { "type": "Point", "coordinates": [ 72.6242233, 23.0810851 ] } },
{ "type": "Feature", "properties": { "osm_id": "way/763330804", "layer": "park", "role": "cooling_point", "name": "Hansol Garden", "beds": null, "source": "OpenStreetMap" }, "geometry": { "type": "Point", "coordinates": [ 72.6228854, 23.0837605 ] } },
{ "type": "Feature", "properties": { "osm_id": "way/763333993", "layer": "park", "role": "cooling_point", "name": "Shree Kaniyalal Nathuram Gurjar Park", "beds": null, "source": "OpenStreetMap" }, "geometry": { "type": "Point", "coordinates": [ 72.6335245, 23.0807343 ] } },
{ "type": "Feature", "properties": { "osm_id": "way/763335399", "layer": "park", "role": "cooling_point", "name": null, "beds": null, "source": "OpenStreetMap" }, "geometry": { "type": "Point", "coordinates": [ 72.5945814, 23.0641603 ] } },
{ "type": "Feature", "properties": { "osm_id": "way/763971900", "layer": "park", "role": "cooling_point", "name": "Pragatinagar Garden", "beds": null, "source": "OpenStreetMap" }, "geometry": { "type": "Point", "coordinates": [ 72.5564202, 23.0642779 ] } },
{ "type": "Feature", "properties": { "osm_id": "way/787864234", "layer": "park", "role": "cooling_point", "name": "Sardar Patel Garden", "beds": null, "source": "OpenStreetMap" }, "geometry": { "type": "Point", "coordinates": [ 72.5148566, 23.068377 ] } },
{ "type": "Feature", "properties": { "osm_id": "way/788861697", "layer": "park", "role": "cooling_point", "name": "childrens park", "beds": null, "source": "OpenStreetMap" }, "geometry": { "type": "Point", "coordinates": [ 72.5242709, 23.029924 ] } },
{ "type": "Feature", "properties": { "osm_id": "way/793320580", "layer": "park", "role": "cooling_point", "name": "Sundarvan", "beds": null, "source": "OpenStreetMap" }, "geometry": { "type": "Point", "coordinates": [ 72.5210638, 23.0265404 ] } },
{ "type": "Feature", "properties": { "osm_id": "way/799098179", "layer": "park", "role": "cooling_point", "name": "Shaaheed vir rushikesh park", "beds": null, "source": "OpenStreetMap" }, "geometry": { "type": "Point", "coordinates": [ 72.666465, 23.0523788 ] } },
{ "type": "Feature", "properties": { "osm_id": "way/885948541", "layer": "park", "role": "cooling_point", "name": null, "beds": null, "source": "OpenStreetMap" }, "geometry": { "type": "Point", "coordinates": [ 72.6189235, 22.9764348 ] } },
{ "type": "Feature", "properties": { "osm_id": "way/916255770", "layer": "park", "role": "cooling_point", "name": "Majmudar common plot", "beds": null, "source": "OpenStreetMap" }, "geometry": { "type": "Point", "coordinates": [ 72.6342147, 23.0654742 ] } },
{ "type": "Feature", "properties": { "osm_id": "way/924843966", "layer": "park", "role": "cooling_point", "name": null, "beds": null, "source": "OpenStreetMap" }, "geometry": { "type": "Point", "coordinates": [ 72.6335769, 22.9842942 ] } },
{ "type": "Feature", "properties": { "osm_id": "way/924843967", "layer": "park", "role": "cooling_point", "name": null, "beds": null, "source": "OpenStreetMap" }, "geometry": { "type": "Point", "coordinates": [ 72.6326438, 22.9842733 ] } },
{ "type": "Feature", "properties": { "osm_id": "way/992677968", "layer": "park", "role": "cooling_point", "name": null, "beds": null, "source": "OpenStreetMap" }, "geometry": { "type": "Point", "coordinates": [ 72.5082056, 23.006348 ] } },
{ "type": "Feature", "properties": { "osm_id": "way/996610811", "layer": "park", "role": "cooling_point", "name": null, "beds": null, "source": "OpenStreetMap" }, "geometry": { "type": "Point", "coordinates": [ 72.5965671, 23.1027913 ] } },
{ "type": "Feature", "properties": { "osm_id": "way/1005794408", "layer": "park", "role": "cooling_point", "name": null, "beds": null, "source": "OpenStreetMap" }, "geometry": { "type": "Point", "coordinates": [ 72.5084957, 23.0231555 ] } },
{ "type": "Feature", "properties": { "osm_id": "way/1006174677", "layer": "park", "role": "cooling_point", "name": "AUDA garden, Gota", "beds": null, "source": "OpenStreetMap" }, "geometry": { "type": "Point", "coordinates": [ 72.5397182, 23.1007229 ] } },
{ "type": "Feature", "properties": { "osm_id": "way/1006791518", "layer": "park", "role": "cooling_point", "name": "AMC Symphony Forest Park", "beds": null, "source": "OpenStreetMap" }, "geometry": { "type": "Point", "coordinates": [ 72.511712, 23.0444818 ] } },
{ "type": "Feature", "properties": { "osm_id": "way/1008895292", "layer": "park", "role": "cooling_point", "name": "Dhanvantari Garden", "beds": null, "source": "OpenStreetMap" }, "geometry": { "type": "Point", "coordinates": [ 72.5592538, 23.0036235 ] } },
{ "type": "Feature", "properties": { "osm_id": "way/1018475012", "layer": "park", "role": "cooling_point", "name": "Orchard Building park", "beds": null, "source": "OpenStreetMap" }, "geometry": { "type": "Point", "coordinates": [ 72.5539247, 23.115209 ] } },
{ "type": "Feature", "properties": { "osm_id": "way/1019202194", "layer": "park", "role": "cooling_point", "name": "Harenbhai Viththalbhai Pandya Udhyan", "beds": null, "source": "OpenStreetMap" }, "geometry": { "type": "Point", "coordinates": [ 72.5446759, 23.0081971 ] } },
{ "type": "Feature", "properties": { "osm_id": "way/1019202197", "layer": "park", "role": "cooling_point", "name": "Shardanagar Park", "beds": null, "source": "OpenStreetMap" }, "geometry": { "type": "Point", "coordinates": [ 72.550444, 23.0101406 ] } },
{ "type": "Feature", "properties": { "osm_id": "way/1019202205", "layer": "park", "role": "cooling_point", "name": "Popatlal Chhotalal Dani Udhyan", "beds": null, "source": "OpenStreetMap" }, "geometry": { "type": "Point", "coordinates": [ 72.5430526, 23.011935 ] } },
{ "type": "Feature", "properties": { "osm_id": "way/1019902820", "layer": "park", "role": "cooling_point", "name": "Vishwamitra Public Park", "beds": null, "source": "OpenStreetMap" }, "geometry": { "type": "Point", "coordinates": [ 72.5252554, 23.018015 ] } },
{ "type": "Feature", "properties": { "osm_id": "way/1033606021", "layer": "park", "role": "cooling_point", "name": null, "beds": null, "source": "OpenStreetMap" }, "geometry": { "type": "Point", "coordinates": [ 72.5066035, 23.0202235 ] } },
{ "type": "Feature", "properties": { "osm_id": "way/1035161363", "layer": "park", "role": "cooling_point", "name": "Vidyaben Vasant Gajendragadkar Udyan", "beds": null, "source": "OpenStreetMap" }, "geometry": { "type": "Point", "coordinates": [ 72.5404146, 23.0264517 ] } },
{ "type": "Feature", "properties": { "osm_id": "way/1035161368", "layer": "park", "role": "cooling_point", "name": "Chandrashekhar Azad Garden", "beds": null, "source": "OpenStreetMap" }, "geometry": { "type": "Point", "coordinates": [ 72.5327756, 23.0292132 ] } },
{ "type": "Feature", "properties": { "osm_id": "way/1036620578", "layer": "park", "role": "cooling_point", "name": "Shravan Public Park", "beds": null, "source": "OpenStreetMap" }, "geometry": { "type": "Point", "coordinates": [ 72.5234395, 23.037051 ] } },
{ "type": "Feature", "properties": { "osm_id": "way/1036620588", "layer": "park", "role": "cooling_point", "name": null, "beds": null, "source": "OpenStreetMap" }, "geometry": { "type": "Point", "coordinates": [ 72.5265, 23.0291072 ] } },
{ "type": "Feature", "properties": { "osm_id": "way/1036620591", "layer": "park", "role": "cooling_point", "name": null, "beds": null, "source": "OpenStreetMap" }, "geometry": { "type": "Point", "coordinates": [ 72.5323384, 23.0218558 ] } },
{ "type": "Feature", "properties": { "osm_id": "way/1036620595", "layer": "park", "role": "cooling_point", "name": null, "beds": null, "source": "OpenStreetMap" }, "geometry": { "type": "Point", "coordinates": [ 72.5331317, 23.0154651 ] } },
{ "type": "Feature", "properties": { "osm_id": "way/1107167554", "layer": "park", "role": "cooling_point", "name": null, "beds": null, "source": "OpenStreetMap" }, "geometry": { "type": "Point", "coordinates": [ 72.5435212, 23.0917604 ] } },
{ "type": "Feature", "properties": { "osm_id": "way/1107167566", "layer": "park", "role": "cooling_point", "name": "Chandlodiya Garden 1", "beds": null, "source": "OpenStreetMap" }, "geometry": { "type": "Point", "coordinates": [ 72.5532804, 23.0842473 ] } },
{ "type": "Feature", "properties": { "osm_id": "way/1107167567", "layer": "park", "role": "cooling_point", "name": "Chandlodiya Garden 2", "beds": null, "source": "OpenStreetMap" }, "geometry": { "type": "Point", "coordinates": [ 72.5536627, 23.0840042 ] } },
{ "type": "Feature", "properties": { "osm_id": "way/1112152330", "layer": "park", "role": "cooling_point", "name": null, "beds": null, "source": "OpenStreetMap" }, "geometry": { "type": "Point", "coordinates": [ 72.4639953, 23.0042787 ] } },
{ "type": "Feature", "properties": { "osm_id": "way/1122775652", "layer": "park", "role": "cooling_point", "name": null, "beds": null, "source": "OpenStreetMap" }, "geometry": { "type": "Point", "coordinates": [ 72.5436327, 23.055762 ] } },
{ "type": "Feature", "properties": { "osm_id": "way/1123468879", "layer": "park", "role": "cooling_point", "name": null, "beds": null, "source": "OpenStreetMap" }, "geometry": { "type": "Point", "coordinates": [ 72.5391787, 23.0624696 ] } },
{ "type": "Feature", "properties": { "osm_id": "way/1180002877", "layer": "park", "role": "cooling_point", "name": "Kali Cultural Garden", "beds": null, "source": "OpenStreetMap" }, "geometry": { "type": "Point", "coordinates": [ 72.5744435, 23.1073623 ] } },
{ "type": "Feature", "properties": { "osm_id": "way/1180004257", "layer": "park", "role": "cooling_point", "name": "Devi Public Park", "beds": null, "source": "OpenStreetMap" }, "geometry": { "type": "Point", "coordinates": [ 72.5847081, 23.1082767 ] } },
{ "type": "Feature", "properties": { "osm_id": "way/1180013601", "layer": "park", "role": "cooling_point", "name": "Childrens Park", "beds": null, "source": "OpenStreetMap" }, "geometry": { "type": "Point", "coordinates": [ 72.5826041, 23.1003196 ] } },
{ "type": "Feature", "properties": { "osm_id": "way/1191865459", "layer": "park", "role": "cooling_point", "name": "Vivekanand Lake Park", "beds": null, "source": "OpenStreetMap" }, "geometry": { "type": "Point", "coordinates": [ 72.5370564, 23.0516169 ] } },
{ "type": "Feature", "properties": { "osm_id": "way/1192008348", "layer": "park", "role": "cooling_point", "name": "Chharodi Park", "beds": null, "source": "OpenStreetMap" }, "geometry": { "type": "Point", "coordinates": [ 72.5406058, 23.122959 ] } },
{ "type": "Feature", "properties": { "osm_id": "way/1192008355", "layer": "park", "role": "cooling_point", "name": null, "beds": null, "source": "OpenStreetMap" }, "geometry": { "type": "Point", "coordinates": [ 72.527776, 23.0290451 ] } },
{ "type": "Feature", "properties": { "osm_id": "way/1196756504", "layer": "park", "role": "cooling_point", "name": "Nature Park", "beds": null, "source": "OpenStreetMap" }, "geometry": { "type": "Point", "coordinates": [ 72.4953836, 23.0774135 ] } },
{ "type": "Feature", "properties": { "osm_id": "way/1199739136", "layer": "park", "role": "cooling_point", "name": "Senior Citizen Park", "beds": null, "source": "OpenStreetMap" }, "geometry": { "type": "Point", "coordinates": [ 72.5475335, 23.007262 ] } },
{ "type": "Feature", "properties": { "osm_id": "way/1203021938", "layer": "park", "role": "cooling_point", "name": null, "beds": null, "source": "OpenStreetMap" }, "geometry": { "type": "Point", "coordinates": [ 72.4528756, 23.042768 ] } },
{ "type": "Feature", "properties": { "osm_id": "way/1203021939", "layer": "park", "role": "cooling_point", "name": null, "beds": null, "source": "OpenStreetMap" }, "geometry": { "type": "Point", "coordinates": [ 72.4541426, 23.0438118 ] } },
{ "type": "Feature", "properties": { "osm_id": "way/1203021940", "layer": "park", "role": "cooling_point", "name": null, "beds": null, "source": "OpenStreetMap" }, "geometry": { "type": "Point", "coordinates": [ 72.4524324, 23.0441132 ] } },
{ "type": "Feature", "properties": { "osm_id": "way/1203021941", "layer": "park", "role": "cooling_point", "name": null, "beds": null, "source": "OpenStreetMap" }, "geometry": { "type": "Point", "coordinates": [ 72.4534838, 23.0439837 ] } },
{ "type": "Feature", "properties": { "osm_id": "way/1204808501", "layer": "park", "role": "cooling_point", "name": null, "beds": null, "source": "OpenStreetMap" }, "geometry": { "type": "Point", "coordinates": [ 72.4784968, 22.966474 ] } },
{ "type": "Feature", "properties": { "osm_id": "way/1204808502", "layer": "park", "role": "cooling_point", "name": null, "beds": null, "source": "OpenStreetMap" }, "geometry": { "type": "Point", "coordinates": [ 72.4777196, 22.9655924 ] } },
{ "type": "Feature", "properties": { "osm_id": "way/1204808503", "layer": "park", "role": "cooling_point", "name": null, "beds": null, "source": "OpenStreetMap" }, "geometry": { "type": "Point", "coordinates": [ 72.4781947, 22.9658194 ] } },
{ "type": "Feature", "properties": { "osm_id": "way/1204808504", "layer": "park", "role": "cooling_point", "name": null, "beds": null, "source": "OpenStreetMap" }, "geometry": { "type": "Point", "coordinates": [ 72.4779724, 22.9658475 ] } },
{ "type": "Feature", "properties": { "osm_id": "way/1204808505", "layer": "park", "role": "cooling_point", "name": null, "beds": null, "source": "OpenStreetMap" }, "geometry": { "type": "Point", "coordinates": [ 72.4779392, 22.9660747 ] } },
{ "type": "Feature", "properties": { "osm_id": "way/1204808506", "layer": "park", "role": "cooling_point", "name": null, "beds": null, "source": "OpenStreetMap" }, "geometry": { "type": "Point", "coordinates": [ 72.4785957, 22.9660513 ] } },
{ "type": "Feature", "properties": { "osm_id": "way/1204808507", "layer": "park", "role": "cooling_point", "name": null, "beds": null, "source": "OpenStreetMap" }, "geometry": { "type": "Point", "coordinates": [ 72.4783278, 22.9661268 ] } },
{ "type": "Feature", "properties": { "osm_id": "way/1204808508", "layer": "park", "role": "cooling_point", "name": null, "beds": null, "source": "OpenStreetMap" }, "geometry": { "type": "Point", "coordinates": [ 72.4783784, 22.965777 ] } },
{ "type": "Feature", "properties": { "osm_id": "way/1211760598", "layer": "park", "role": "cooling_point", "name": "CS Garden", "beds": null, "source": "OpenStreetMap" }, "geometry": { "type": "Point", "coordinates": [ 72.4946058, 23.0502107 ] } },
{ "type": "Feature", "properties": { "osm_id": "way/1211935680", "layer": "park", "role": "cooling_point", "name": "Memnagar Park", "beds": null, "source": "OpenStreetMap" }, "geometry": { "type": "Point", "coordinates": [ 72.5424825, 23.049461 ] } },
{ "type": "Feature", "properties": { "osm_id": "way/1211935685", "layer": "park", "role": "cooling_point", "name": "Sarathi Public Park", "beds": null, "source": "OpenStreetMap" }, "geometry": { "type": "Point", "coordinates": [ 72.5418616, 23.0512708 ] } },
{ "type": "Feature", "properties": { "osm_id": "way/1239619358", "layer": "park", "role": "cooling_point", "name": null, "beds": null, "source": "OpenStreetMap" }, "geometry": { "type": "Point", "coordinates": [ 72.5222271, 23.0233432 ] } },
{ "type": "Feature", "properties": { "osm_id": "way/1272180403", "layer": "park", "role": "cooling_point", "name": null, "beds": null, "source": "OpenStreetMap" }, "geometry": { "type": "Point", "coordinates": [ 72.5851162, 23.0592022 ] } },
{ "type": "Feature", "properties": { "osm_id": "way/1272460980", "layer": "park", "role": "cooling_point", "name": "Greenmosphere Park", "beds": null, "source": "OpenStreetMap" }, "geometry": { "type": "Point", "coordinates": [ 72.5267185, 23.0991275 ] } },
{ "type": "Feature", "properties": { "osm_id": "way/1273603789", "layer": "park", "role": "cooling_point", "name": "Oxygen Park, Sindhu Bhavan Road", "beds": null, "source": "OpenStreetMap" }, "geometry": { "type": "Point", "coordinates": [ 72.4868461, 23.041368 ] } },
{ "type": "Feature", "properties": { "osm_id": "way/1275046999", "layer": "park", "role": "cooling_point", "name": "Khoraj Lake Garden", "beds": null, "source": "OpenStreetMap" }, "geometry": { "type": "Point", "coordinates": [ 72.5511475, 23.1371906 ] } },
{ "type": "Feature", "properties": { "osm_id": "way/1289249651", "layer": "park", "role": "cooling_point", "name": "Ahmedabad Municipal Udhyan", "beds": null, "source": "OpenStreetMap" }, "geometry": { "type": "Point", "coordinates": [ 72.5047459, 23.0000265 ] } },
{ "type": "Feature", "properties": { "osm_id": "way/1289249841", "layer": "park", "role": "cooling_point", "name": "Usmanpura Gam Garden", "beds": null, "source": "OpenStreetMap" }, "geometry": { "type": "Point", "coordinates": [ 72.5721913, 23.0472065 ] } },
{ "type": "Feature", "properties": { "osm_id": "way/1290938439", "layer": "park", "role": "cooling_point", "name": "Jadeshwar Van", "beds": null, "source": "OpenStreetMap" }, "geometry": { "type": "Point", "coordinates": [ 72.6623592, 23.0122712 ] } },
{ "type": "Feature", "properties": { "osm_id": "way/1290938442", "layer": "park", "role": "cooling_point", "name": "Vastral Lake Park", "beds": null, "source": "OpenStreetMap" }, "geometry": { "type": "Point", "coordinates": [ 72.6680589, 22.9995503 ] } },
{ "type": "Feature", "properties": { "osm_id": "way/1291987405", "layer": "park", "role": "cooling_point", "name": "AMC Udhyan", "beds": null, "source": "OpenStreetMap" }, "geometry": { "type": "Point", "coordinates": [ 72.5016191, 23.0239374 ] } },
{ "type": "Feature", "properties": { "osm_id": "way/1303259922", "layer": "park", "role": "cooling_point", "name": null, "beds": null, "source": "OpenStreetMap" }, "geometry": { "type": "Point", "coordinates": [ 72.4669309, 23.0980328 ] } },
{ "type": "Feature", "properties": { "osm_id": "way/1303259923", "layer": "park", "role": "cooling_point", "name": null, "beds": null, "source": "OpenStreetMap" }, "geometry": { "type": "Point", "coordinates": [ 72.4693588, 23.0954512 ] } },
{ "type": "Feature", "properties": { "osm_id": "way/1304800154", "layer": "park", "role": "cooling_point", "name": "Madhav Smruti Municipal Park", "beds": null, "source": "OpenStreetMap" }, "geometry": { "type": "Point", "coordinates": [ 72.5572893, 23.0502448 ] } },
{ "type": "Feature", "properties": { "osm_id": "way/1314357199", "layer": "park", "role": "cooling_point", "name": null, "beds": null, "source": "OpenStreetMap" }, "geometry": { "type": "Point", "coordinates": [ 72.5063051, 23.0287757 ] } },
{ "type": "Feature", "properties": { "osm_id": "way/1349726067", "layer": "park", "role": "cooling_point", "name": "Riverfront Biodiversity Park", "beds": null, "source": "OpenStreetMap" }, "geometry": { "type": "Point", "coordinates": [ 72.5611722, 22.9960893 ] } },
{ "type": "Feature", "properties": { "osm_id": "way/1349775591", "layer": "park", "role": "cooling_point", "name": "Ratanpura garden", "beds": null, "source": "OpenStreetMap" }, "geometry": { "type": "Point", "coordinates": [ 72.6574266, 22.9934654 ] } },
{ "type": "Feature", "properties": { "osm_id": "way/1362243217", "layer": "park", "role": "cooling_point", "name": "jai bajrang bali nursery", "beds": null, "source": "OpenStreetMap" }, "geometry": { "type": "Point", "coordinates": [ 72.5370727, 23.0560708 ] } },
{ "type": "Feature", "properties": { "osm_id": "way/1362243492", "layer": "park", "role": "cooling_point", "name": "yoga nursery", "beds": null, "source": "OpenStreetMap" }, "geometry": { "type": "Point", "coordinates": [ 72.5355326, 23.0170048 ] } },
{ "type": "Feature", "properties": { "osm_id": "way/1368330314", "layer": "park", "role": "cooling_point", "name": "લલિતા ગોવિંદ ઉદ્યાન", "beds": null, "source": "OpenStreetMap" }, "geometry": { "type": "Point", "coordinates": [ 72.5534816, 23.1290165 ] } },
{ "type": "Feature", "properties": { "osm_id": "way/1373280803", "layer": "park", "role": "cooling_point", "name": "AUDA park, Kathwada", "beds": null, "source": "OpenStreetMap" }, "geometry": { "type": "Point", "coordinates": [ 72.6925126, 23.0639522 ] } },
{ "type": "Feature", "properties": { "osm_id": "way/1394992785", "layer": "park", "role": "cooling_point", "name": null, "beds": null, "source": "OpenStreetMap" }, "geometry": { "type": "Point", "coordinates": [ 72.6145277, 23.0568395 ] } },
{ "type": "Feature", "properties": { "osm_id": "way/1442597404", "layer": "park", "role": "cooling_point", "name": "Credai Garden", "beds": null, "source": "OpenStreetMap" }, "geometry": { "type": "Point", "coordinates": [ 72.4836906, 23.048994 ] } },
{ "type": "Feature", "properties": { "osm_id": "way/1450460285", "layer": "park", "role": "cooling_point", "name": null, "beds": null, "source": "OpenStreetMap" }, "geometry": { "type": "Point", "coordinates": [ 72.5525847, 23.135806 ] } },
{ "type": "Feature", "properties": { "osm_id": "way/1450460294", "layer": "park", "role": "cooling_point", "name": "ડૉ. વનીકર ઉદ્યાન", "beds": null, "source": "OpenStreetMap" }, "geometry": { "type": "Point", "coordinates": [ 72.5669691, 23.0301617 ] } },
{ "type": "Feature", "properties": { "osm_id": "way/1451639412", "layer": "park", "role": "cooling_point", "name": "Shaligram Oxygen Park", "beds": null, "source": "OpenStreetMap" }, "geometry": { "type": "Point", "coordinates": [ 72.4657143, 23.016515 ] } },
{ "type": "Feature", "properties": { "osm_id": "way/1462819404", "layer": "park", "role": "cooling_point", "name": "AMC Electrotherm Park", "beds": null, "source": "OpenStreetMap" }, "geometry": { "type": "Point", "coordinates": [ 72.4629987, 23.0159884 ] } },
{ "type": "Feature", "properties": { "osm_id": "way/1539743013", "layer": "park", "role": "cooling_point", "name": "A Shridhar park", "beds": null, "source": "OpenStreetMap" }, "geometry": { "type": "Point", "coordinates": [ 72.4624256, 23.0436258 ] } },
{ "type": "Feature", "properties": { "osm_id": "way/1539775944", "layer": "park", "role": "cooling_point", "name": "Jagatpur Oxygen Park", "beds": null, "source": "OpenStreetMap" }, "geometry": { "type": "Point", "coordinates": [ 72.5477135, 23.1143566 ] } },
{ "type": "Feature", "properties": { "osm_id": "way/1539784276", "layer": "park", "role": "cooling_point", "name": "AMC Garden Gota", "beds": null, "source": "OpenStreetMap" }, "geometry": { "type": "Point", "coordinates": [ 72.5462329, 23.0962196 ] } },
{ "type": "Feature", "properties": { "osm_id": "way/1539970804", "layer": "park", "role": "cooling_point", "name": "Jambavan Udhyan", "beds": null, "source": "OpenStreetMap" }, "geometry": { "type": "Point", "coordinates": [ 72.5403035, 23.0100599 ] } },
{ "type": "Feature", "properties": { "osm_id": "way/1539971633", "layer": "park", "role": "cooling_point", "name": null, "beds": null, "source": "OpenStreetMap" }, "geometry": { "type": "Point", "coordinates": [ 72.5067902, 23.0179123 ] } },
{ "type": "Feature", "properties": { "osm_id": "way/1546586595", "layer": "park", "role": "cooling_point", "name": "Heritage Park", "beds": null, "source": "OpenStreetMap" }, "geometry": { "type": "Point", "coordinates": [ 72.5769087, 23.0247124 ] } },
{ "type": "Feature", "properties": { "osm_id": "relation/16252980", "layer": "park", "role": "cooling_point", "name": null, "beds": null, "source": "OpenStreetMap" }, "geometry": { "type": "Point", "coordinates": [ 72.4537584, 23.0434117 ] } },
{ "type": "Feature", "properties": { "osm_id": "node/429228993", "layer": "school", "role": "candidate_site", "name": "St. Xavier's High School, Loyola Hall", "beds": null, "source": "OpenStreetMap" }, "geometry": { "type": "Point", "coordinates": [ 72.5490839, 23.047875 ] } },
{ "type": "Feature", "properties": { "osm_id": "node/429229001", "layer": "school", "role": "candidate_site", "name": "Mt. Carmel School", "beds": null, "source": "OpenStreetMap" }, "geometry": { "type": "Point", "coordinates": [ 72.568061, 23.0351192 ] } },
{ "type": "Feature", "properties": { "osm_id": "node/429438524", "layer": "school", "role": "candidate_site", "name": "Navrang School", "beds": null, "source": "OpenStreetMap" }, "geometry": { "type": "Point", "coordinates": [ 72.556364, 23.0483604 ] } },
{ "type": "Feature", "properties": { "osm_id": "node/429790285", "layer": "school", "role": "candidate_site", "name": "DPS - Delhi Public School, Bopal", "beds": null, "source": "OpenStreetMap" }, "geometry": { "type": "Point", "coordinates": [ 72.4575053, 23.0419569 ] } },
{ "type": "Feature", "properties": { "osm_id": "node/429790293", "layer": "school", "role": "candidate_site", "name": "A. G. Teachers High School", "beds": null, "source": "OpenStreetMap" }, "geometry": { "type": "Point", "coordinates": [ 72.5484846, 23.0403655 ] } },
{ "type": "Feature", "properties": { "osm_id": "node/429795953", "layer": "school", "role": "candidate_site", "name": "St. Xavier's College", "beds": null, "source": "OpenStreetMap" }, "geometry": { "type": "Point", "coordinates": [ 72.5517045, 23.0329052 ] } },
{ "type": "Feature", "properties": { "osm_id": "node/429795955", "layer": "school", "role": "candidate_site", "name": "SLIMS - Som Lalit Institute of Management Studies", "beds": null, "source": "OpenStreetMap" }, "geometry": { "type": "Point", "coordinates": [ 72.5537987, 23.0337029 ] } },
{ "type": "Feature", "properties": { "osm_id": "node/429795958", "layer": "school", "role": "candidate_site", "name": "Mount Carmel School, Khanpur", "beds": null, "source": "OpenStreetMap" }, "geometry": { "type": "Point", "coordinates": [ 72.5766297, 23.0329288 ] } },
{ "type": "Feature", "properties": { "osm_id": "node/1429887850", "layer": "school", "role": "candidate_site", "name": "Exhibition & Spatial Design", "beds": null, "source": "OpenStreetMap" }, "geometry": { "type": "Point", "coordinates": [ 72.5699733, 23.0113752 ] } },
{ "type": "Feature", "properties": { "osm_id": "node/1746708887", "layer": "school", "role": "candidate_site", "name": "Kendriya Vidyalaya SAC", "beds": null, "source": "OpenStreetMap" }, "geometry": { "type": "Point", "coordinates": [ 72.5337334, 23.0370691 ] } },
{ "type": "Feature", "properties": { "osm_id": "node/1779228522", "layer": "school", "role": "candidate_site", "name": "Sahajanand College", "beds": null, "source": "OpenStreetMap" }, "geometry": { "type": "Point", "coordinates": [ 72.5430971, 23.0258294 ] } },
{ "type": "Feature", "properties": { "osm_id": "node/1781756906", "layer": "school", "role": "candidate_site", "name": "Prabhudas Thakkar College", "beds": null, "source": "OpenStreetMap" }, "geometry": { "type": "Point", "coordinates": [ 72.5669236, 23.0033486 ] } },
{ "type": "Feature", "properties": { "osm_id": "node/2524142390", "layer": "school", "role": "candidate_site", "name": "AMC MET Medical College", "beds": null, "source": "OpenStreetMap" }, "geometry": { "type": "Point", "coordinates": [ 72.6046567, 22.9986434 ] } },
{ "type": "Feature", "properties": { "osm_id": "node/2529047702", "layer": "school", "role": "candidate_site", "name": "Jivkorbhai Lallubhai High School", "beds": null, "source": "OpenStreetMap" }, "geometry": { "type": "Point", "coordinates": [ 72.6026493, 22.9987803 ] } },
{ "type": "Feature", "properties": { "osm_id": "node/2529047723", "layer": "school", "role": "candidate_site", "name": "KK Shah Jarodwala Science College", "beds": null, "source": "OpenStreetMap" }, "geometry": { "type": "Point", "coordinates": [ 72.6030289, 22.998722 ] } },
{ "type": "Feature", "properties": { "osm_id": "node/2631872456", "layer": "school", "role": "candidate_site", "name": "Navchetan School", "beds": null, "source": "OpenStreetMap" }, "geometry": { "type": "Point", "coordinates": [ 72.5630784, 23.0152445 ] } },
{ "type": "Feature", "properties": { "osm_id": "node/2699808827", "layer": "school", "role": "candidate_site", "name": "Karmachari Shiksan Tirth", "beds": null, "source": "OpenStreetMap" }, "geometry": { "type": "Point", "coordinates": [ 72.5415796, 23.064931 ] } },
{ "type": "Feature", "properties": { "osm_id": "node/2699818334", "layer": "school", "role": "candidate_site", "name": "M B Patel Gyanjyot High School", "beds": null, "source": "OpenStreetMap" }, "geometry": { "type": "Point", "coordinates": [ 72.5460531, 23.0702999 ] } },
{ "type": "Feature", "properties": { "osm_id": "node/2699821694", "layer": "school", "role": "candidate_site", "name": "Gyanda Girls High School", "beds": null, "source": "OpenStreetMap" }, "geometry": { "type": "Point", "coordinates": [ 72.5479789, 23.072279 ] } },
{ "type": "Feature", "properties": { "osm_id": "node/2699822722", "layer": "school", "role": "candidate_site", "name": "Nutan Vidya Vihar", "beds": null, "source": "OpenStreetMap" }, "geometry": { "type": "Point", "coordinates": [ 72.5428774, 23.0681554 ] } },
{ "type": "Feature", "properties": { "osm_id": "node/3775189519", "layer": "school", "role": "candidate_site", "name": "RC TECHNICAL INSTITUTE", "beds": null, "source": "OpenStreetMap" }, "geometry": { "type": "Point", "coordinates": [ 72.5307242, 23.0830479 ] } },
{ "type": "Feature", "properties": { "osm_id": "node/4460015490", "layer": "school", "role": "candidate_site", "name": "F D High School for Girls, Jamalpur", "beds": null, "source": "OpenStreetMap" }, "geometry": { "type": "Point", "coordinates": [ 72.5831726, 23.0119864 ] } },
{ "type": "Feature", "properties": { "osm_id": "node/4486373609", "layer": "school", "role": "candidate_site", "name": "SN Collage", "beds": null, "source": "OpenStreetMap" }, "geometry": { "type": "Point", "coordinates": [ 72.5148851, 23.0283544 ] } },
{ "type": "Feature", "properties": { "osm_id": "node/4486373635", "layer": "school", "role": "candidate_site", "name": "SN School", "beds": null, "source": "OpenStreetMap" }, "geometry": { "type": "Point", "coordinates": [ 72.514922, 23.0281673 ] } },
{ "type": "Feature", "properties": { "osm_id": "node/4488020553", "layer": "school", "role": "candidate_site", "name": "Government Dental College ,Ahemedabad", "beds": null, "source": "OpenStreetMap" }, "geometry": { "type": "Point", "coordinates": [ 72.6043173, 23.0497247 ] } },
{ "type": "Feature", "properties": { "osm_id": "node/4488021754", "layer": "school", "role": "candidate_site", "name": "BJ Medical College ,Haripura -Asarwa", "beds": null, "source": "OpenStreetMap" }, "geometry": { "type": "Point", "coordinates": [ 72.6027712, 23.0524472 ] } },
{ "type": "Feature", "properties": { "osm_id": "node/4534001092", "layer": "school", "role": "candidate_site", "name": "GCS Medical college", "beds": null, "source": "OpenStreetMap" }, "geometry": { "type": "Point", "coordinates": [ 72.611136, 23.038409 ] } },
{ "type": "Feature", "properties": { "osm_id": "node/4572721089", "layer": "school", "role": "candidate_site", "name": null, "beds": null, "source": "OpenStreetMap" }, "geometry": { "type": "Point", "coordinates": [ 72.4669988, 23.0357335 ] } },
{ "type": "Feature", "properties": { "osm_id": "node/4629857148", "layer": "school", "role": "candidate_site", "name": "Satva Vikas School", "beds": null, "source": "OpenStreetMap" }, "geometry": { "type": "Point", "coordinates": [ 72.4959141, 23.0415757 ] } },
{ "type": "Feature", "properties": { "osm_id": "node/4704669693", "layer": "school", "role": "candidate_site", "name": "VIVEKANAND VIDYALAYA", "beds": null, "source": "OpenStreetMap" }, "geometry": { "type": "Point", "coordinates": [ 72.6362813, 23.0094986 ] } },
{ "type": "Feature", "properties": { "osm_id": "node/5197433539", "layer": "school", "role": "candidate_site", "name": "Amrita Vidyalayam", "beds": null, "source": "OpenStreetMap" }, "geometry": { "type": "Point", "coordinates": [ 72.5371239, 23.0675829 ] } },
{ "type": "Feature", "properties": { "osm_id": "node/5998771288", "layer": "school", "role": "candidate_site", "name": "SSIT (shree Swaminarayan institute of technology)", "beds": null, "source": "OpenStreetMap" }, "geometry": { "type": "Point", "coordinates": [ 72.6301367, 23.1149923 ] } },
{ "type": "Feature", "properties": { "osm_id": "node/6572872423", "layer": "school", "role": "candidate_site", "name": "Kameshwar School", "beds": null, "source": "OpenStreetMap" }, "geometry": { "type": "Point", "coordinates": [ 72.5271318, 23.0282166 ] } },
{ "type": "Feature", "properties": { "osm_id": "node/7139941466", "layer": "school", "role": "candidate_site", "name": "Government Polytechnic", "beds": null, "source": "OpenStreetMap" }, "geometry": { "type": "Point", "coordinates": [ 72.5475056, 23.0265769 ] } },
{ "type": "Feature", "properties": { "osm_id": "node/8143978971", "layer": "school", "role": "candidate_site", "name": "Alpha College of Engineering", "beds": null, "source": "OpenStreetMap" }, "geometry": { "type": "Point", "coordinates": [ 72.4406666, 23.1437636 ] } },
{ "type": "Feature", "properties": { "osm_id": "node/8196383743", "layer": "school", "role": "candidate_site", "name": "Nalanda School", "beds": null, "source": "OpenStreetMap" }, "geometry": { "type": "Point", "coordinates": [ 72.539258, 23.0718114 ] } },
{ "type": "Feature", "properties": { "osm_id": "node/8844322304", "layer": "school", "role": "candidate_site", "name": "Amrut Mody institute of Management", "beds": null, "source": "OpenStreetMap" }, "geometry": { "type": "Point", "coordinates": [ 72.5371832, 23.0346573 ] } },
{ "type": "Feature", "properties": { "osm_id": "node/8844322306", "layer": "school", "role": "candidate_site", "name": "LD College of Arts", "beds": null, "source": "OpenStreetMap" }, "geometry": { "type": "Point", "coordinates": [ 72.5380428, 23.0346697 ] } },
{ "type": "Feature", "properties": { "osm_id": "node/10793981570", "layer": "school", "role": "candidate_site", "name": "Divan Ballubhai School", "beds": null, "source": "OpenStreetMap" }, "geometry": { "type": "Point", "coordinates": [ 72.5686984, 23.0122755 ] } },
{ "type": "Feature", "properties": { "osm_id": "node/10959521083", "layer": "school", "role": "candidate_site", "name": "The OLD LITTLE FLOWER SCHOOL", "beds": null, "source": "OpenStreetMap" }, "geometry": { "type": "Point", "coordinates": [ 72.5775928, 23.1026901 ] } },
{ "type": "Feature", "properties": { "osm_id": "node/10959556357", "layer": "school", "role": "candidate_site", "name": "Kendriya Vidyala Sabarmati", "beds": null, "source": "OpenStreetMap" }, "geometry": { "type": "Point", "coordinates": [ 72.5815065, 23.1006535 ] } },
{ "type": "Feature", "properties": { "osm_id": "node/10959557671", "layer": "school", "role": "candidate_site", "name": "The NEW LITTLE FLOWER SCHOOL", "beds": null, "source": "OpenStreetMap" }, "geometry": { "type": "Point", "coordinates": [ 72.5781828, 23.1043189 ] } },
{ "type": "Feature", "properties": { "osm_id": "node/10959590887", "layer": "school", "role": "candidate_site", "name": "Sakar English School", "beds": null, "source": "OpenStreetMap" }, "geometry": { "type": "Point", "coordinates": [ 72.5918371, 23.1088888 ] } },
{ "type": "Feature", "properties": { "osm_id": "node/10959630823", "layer": "school", "role": "candidate_site", "name": "Podar International School", "beds": null, "source": "OpenStreetMap" }, "geometry": { "type": "Point", "coordinates": [ 72.590667, 23.1097883 ] } },
{ "type": "Feature", "properties": { "osm_id": "node/11181848879", "layer": "school", "role": "candidate_site", "name": "Department of Animation, IT, IMS and Mobile Application", "beds": null, "source": "OpenStreetMap" }, "geometry": { "type": "Point", "coordinates": [ 72.5453568, 23.0386219 ] } },
{ "type": "Feature", "properties": { "osm_id": "node/11443386624", "layer": "school", "role": "candidate_site", "name": "H3 World School", "beds": null, "source": "OpenStreetMap" }, "geometry": { "type": "Point", "coordinates": [ 72.562771, 23.1273816 ] } },
{ "type": "Feature", "properties": { "osm_id": "node/12771465191", "layer": "school", "role": "candidate_site", "name": "Anand Niketan School Sarkhej", "beds": null, "source": "OpenStreetMap" }, "geometry": { "type": "Point", "coordinates": [ 72.4823886, 22.9892365 ] } },
{ "type": "Feature", "properties": { "osm_id": "node/13941798001", "layer": "school", "role": "candidate_site", "name": "Ahmedabad International School", "beds": null, "source": "OpenStreetMap" }, "geometry": { "type": "Point", "coordinates": [ 72.5128675, 23.0341502 ] } },
{ "type": "Feature", "properties": { "osm_id": "way/49245077", "layer": "school", "role": "candidate_site", "name": "National Institute of Design (NID)", "beds": null, "source": "OpenStreetMap" }, "geometry": { "type": "Point", "coordinates": [ 72.5703024, 23.0099844 ] } },
{ "type": "Feature", "properties": { "osm_id": "way/118695847", "layer": "school", "role": "candidate_site", "name": "Vishwakarma Government Engineering College, Chandkheda", "beds": null, "source": "OpenStreetMap" }, "geometry": { "type": "Point", "coordinates": [ 72.5943276, 23.1059291 ] } },
{ "type": "Feature", "properties": { "osm_id": "way/118696270", "layer": "school", "role": "candidate_site", "name": "St Josheph School", "beds": null, "source": "OpenStreetMap" }, "geometry": { "type": "Point", "coordinates": [ 72.5694846, 23.1039088 ] } },
{ "type": "Feature", "properties": { "osm_id": "way/120327303", "layer": "school", "role": "candidate_site", "name": "IP School", "beds": null, "source": "OpenStreetMap" }, "geometry": { "type": "Point", "coordinates": [ 72.576326, 23.106 ] } },
{ "type": "Feature", "properties": { "osm_id": "way/175074593", "layer": "school", "role": "candidate_site", "name": "St. Xavier's School, Loyola Hall, Navrangpura", "beds": null, "source": "OpenStreetMap" }, "geometry": { "type": "Point", "coordinates": [ 72.549049, 23.0486498 ] } },
{ "type": "Feature", "properties": { "osm_id": "way/190711667", "layer": "school", "role": "candidate_site", "name": "Gujarat College", "beds": null, "source": "OpenStreetMap" }, "geometry": { "type": "Point", "coordinates": [ 72.5634841, 23.0218831 ] } },
{ "type": "Feature", "properties": { "osm_id": "way/219745970", "layer": "school", "role": "candidate_site", "name": "J.G. International School", "beds": null, "source": "OpenStreetMap" }, "geometry": { "type": "Point", "coordinates": [ 72.5261349, 23.0650872 ] } },
{ "type": "Feature", "properties": { "osm_id": "way/260053075", "layer": "school", "role": "candidate_site", "name": "HL Institute of Computer Applications and AES Institute of Computer Studies", "beds": null, "source": "OpenStreetMap" }, "geometry": { "type": "Point", "coordinates": [ 72.5529328, 23.0395021 ] } },
{ "type": "Feature", "properties": { "osm_id": "way/287275458", "layer": "school", "role": "candidate_site", "name": "Knowlegde Consortium of Gujarat", "beds": null, "source": "OpenStreetMap" }, "geometry": { "type": "Point", "coordinates": [ 72.5435992, 23.0326131 ] } },
{ "type": "Feature", "properties": { "osm_id": "way/317356287", "layer": "school", "role": "candidate_site", "name": "Smt. N.H.L. Municipal Medical College", "beds": null, "source": "OpenStreetMap" }, "geometry": { "type": "Point", "coordinates": [ 72.5713797, 23.0185862 ] } },
{ "type": "Feature", "properties": { "osm_id": "way/317476185", "layer": "school", "role": "candidate_site", "name": "Gujarat Law Society Grounds", "beds": null, "source": "OpenStreetMap" }, "geometry": { "type": "Point", "coordinates": [ 72.5592322, 23.0269257 ] } },
{ "type": "Feature", "properties": { "osm_id": "way/317658274", "layer": "school", "role": "candidate_site", "name": "HL Institute of Business Administration", "beds": null, "source": "OpenStreetMap" }, "geometry": { "type": "Point", "coordinates": [ 72.5558262, 23.0370426 ] } },
{ "type": "Feature", "properties": { "osm_id": "way/317790337", "layer": "school", "role": "candidate_site", "name": "Municipal School", "beds": null, "source": "OpenStreetMap" }, "geometry": { "type": "Point", "coordinates": [ 72.5591118, 23.015537 ] } },
{ "type": "Feature", "properties": { "osm_id": "way/317797832", "layer": "school", "role": "candidate_site", "name": "Anand Niketan School, Shilaj", "beds": null, "source": "OpenStreetMap" }, "geometry": { "type": "Point", "coordinates": [ 72.4831793, 23.0498246 ] } },
{ "type": "Feature", "properties": { "osm_id": "way/317891998", "layer": "school", "role": "candidate_site", "name": "St. Xavier's College", "beds": null, "source": "OpenStreetMap" }, "geometry": { "type": "Point", "coordinates": [ 72.5521013, 23.0315321 ] } },
{ "type": "Feature", "properties": { "osm_id": "way/318707625", "layer": "school", "role": "candidate_site", "name": "HL College of Commerce", "beds": null, "source": "OpenStreetMap" }, "geometry": { "type": "Point", "coordinates": [ 72.555137, 23.0370098 ] } },
{ "type": "Feature", "properties": { "osm_id": "way/322220540", "layer": "school", "role": "candidate_site", "name": "Shahibaug Municipal Saraswati Mandir School", "beds": null, "source": "OpenStreetMap" }, "geometry": { "type": "Point", "coordinates": [ 72.586465, 23.0511869 ] } },
{ "type": "Feature", "properties": { "osm_id": "way/322221796", "layer": "school", "role": "candidate_site", "name": "Kendriya Vidyalaya, Shahibaug", "beds": null, "source": "OpenStreetMap" }, "geometry": { "type": "Point", "coordinates": [ 72.5888683, 23.0515752 ] } },
{ "type": "Feature", "properties": { "osm_id": "way/323031983", "layer": "school", "role": "candidate_site", "name": "Shreyas Foundation School", "beds": null, "source": "OpenStreetMap" }, "geometry": { "type": "Point", "coordinates": [ 72.5400992, 23.0145352 ] } },
{ "type": "Feature", "properties": { "osm_id": "way/323431773", "layer": "school", "role": "candidate_site", "name": "BV Patel Pharmaceutical Education and Research Development", "beds": null, "source": "OpenStreetMap" }, "geometry": { "type": "Point", "coordinates": [ 72.5215151, 23.0595939 ] } },
{ "type": "Feature", "properties": { "osm_id": "way/323438369", "layer": "school", "role": "candidate_site", "name": "Udgam School for Children", "beds": null, "source": "OpenStreetMap" }, "geometry": { "type": "Point", "coordinates": [ 72.5193339, 23.0500649 ] } },
{ "type": "Feature", "properties": { "osm_id": "way/326731568", "layer": "school", "role": "candidate_site", "name": "AMC MET Medical College", "beds": null, "source": "OpenStreetMap" }, "geometry": { "type": "Point", "coordinates": [ 72.6044194, 22.9984674 ] } },
{ "type": "Feature", "properties": { "osm_id": "way/327199050", "layer": "school", "role": "candidate_site", "name": "Balghar", "beds": null, "source": "OpenStreetMap" }, "geometry": { "type": "Point", "coordinates": [ 72.57203, 23.025228 ] } },
{ "type": "Feature", "properties": { "osm_id": "way/327581426", "layer": "school", "role": "candidate_site", "name": "Amrut Jyoti School", "beds": null, "source": "OpenStreetMap" }, "geometry": { "type": "Point", "coordinates": [ 72.5653353, 23.018851 ] } },
{ "type": "Feature", "properties": { "osm_id": "way/330927699", "layer": "school", "role": "candidate_site", "name": "Shardamandir School", "beds": null, "source": "OpenStreetMap" }, "geometry": { "type": "Point", "coordinates": [ 72.5494705, 23.0132942 ] } },
{ "type": "Feature", "properties": { "osm_id": "way/332257496", "layer": "school", "role": "candidate_site", "name": null, "beds": null, "source": "OpenStreetMap" }, "geometry": { "type": "Point", "coordinates": [ 72.5828072, 23.0113224 ] } },
{ "type": "Feature", "properties": { "osm_id": "way/334471473", "layer": "school", "role": "candidate_site", "name": "Shree Swaminarayan Gurukul Vishwavidya Pratishthanam - SGVP", "beds": null, "source": "OpenStreetMap" }, "geometry": { "type": "Point", "coordinates": [ 72.5337617, 23.0453051 ] } },
{ "type": "Feature", "properties": { "osm_id": "way/335567839", "layer": "school", "role": "candidate_site", "name": "Ahmedabad Management Association", "beds": null, "source": "OpenStreetMap" }, "geometry": { "type": "Point", "coordinates": [ 72.5419468, 23.0299192 ] } },
{ "type": "Feature", "properties": { "osm_id": "way/336335115", "layer": "school", "role": "candidate_site", "name": "Sheth Chimanlal Nagindas Vidyavihar", "beds": null, "source": "OpenStreetMap" }, "geometry": { "type": "Point", "coordinates": [ 72.5493843, 23.0190038 ] } },
{ "type": "Feature", "properties": { "osm_id": "way/343148382", "layer": "school", "role": "candidate_site", "name": "Municipality School", "beds": null, "source": "OpenStreetMap" }, "geometry": { "type": "Point", "coordinates": [ 72.5924488, 23.0809117 ] } },
{ "type": "Feature", "properties": { "osm_id": "way/366112194", "layer": "school", "role": "candidate_site", "name": "Zebar School", "beds": null, "source": "OpenStreetMap" }, "geometry": { "type": "Point", "coordinates": [ 72.4941941, 23.0484809 ] } },
{ "type": "Feature", "properties": { "osm_id": "way/366286198", "layer": "school", "role": "candidate_site", "name": "Nirma Vidyavihar", "beds": null, "source": "OpenStreetMap" }, "geometry": { "type": "Point", "coordinates": [ 72.5165143, 23.0425596 ] } },
{ "type": "Feature", "properties": { "osm_id": "way/366641529", "layer": "school", "role": "candidate_site", "name": "Sardar Patel Institute of Public Administration", "beds": null, "source": "OpenStreetMap" }, "geometry": { "type": "Point", "coordinates": [ 72.5227939, 23.0304228 ] } },
{ "type": "Feature", "properties": { "osm_id": "way/366805680", "layer": "school", "role": "candidate_site", "name": "R J Tibrewal Commerce College", "beds": null, "source": "OpenStreetMap" }, "geometry": { "type": "Point", "coordinates": [ 72.530924, 23.0341161 ] } },
{ "type": "Feature", "properties": { "osm_id": "way/367198180", "layer": "school", "role": "candidate_site", "name": "Sardar Patel Institute of Economic & Social Research", "beds": null, "source": "OpenStreetMap" }, "geometry": { "type": "Point", "coordinates": [ 72.5203149, 23.0473278 ] } },
{ "type": "Feature", "properties": { "osm_id": "way/446611640", "layer": "school", "role": "candidate_site", "name": "Anand Niketan", "beds": null, "source": "OpenStreetMap" }, "geometry": { "type": "Point", "coordinates": [ 72.5072725, 23.0218368 ] } },
{ "type": "Feature", "properties": { "osm_id": "way/451822431", "layer": "school", "role": "candidate_site", "name": "Institute For Plasma Research ,IPR,Bhat", "beds": null, "source": "OpenStreetMap" }, "geometry": { "type": "Point", "coordinates": [ 72.6246059, 23.0981364 ] } },
{ "type": "Feature", "properties": { "osm_id": "way/538943356", "layer": "school", "role": "candidate_site", "name": "Nirma Vidhya Vihar", "beds": null, "source": "OpenStreetMap" }, "geometry": { "type": "Point", "coordinates": [ 72.5463206, 23.1252949 ] } },
{ "type": "Feature", "properties": { "osm_id": "way/547581974", "layer": "school", "role": "candidate_site", "name": "NIRMA University", "beds": null, "source": "OpenStreetMap" }, "geometry": { "type": "Point", "coordinates": [ 72.5445785, 23.1280972 ] } },
{ "type": "Feature", "properties": { "osm_id": "way/547631196", "layer": "school", "role": "candidate_site", "name": "Gujarat Police Academy, Karai", "beds": null, "source": "OpenStreetMap" }, "geometry": { "type": "Point", "coordinates": [ 72.6506231, 23.1322424 ] } },
{ "type": "Feature", "properties": { "osm_id": "way/548351357", "layer": "school", "role": "candidate_site", "name": "Divan Ballubhai Madhyamik Shala", "beds": null, "source": "OpenStreetMap" }, "geometry": { "type": "Point", "coordinates": [ 72.6000041, 23.0112802 ] } },
{ "type": "Feature", "properties": { "osm_id": "way/551625996", "layer": "school", "role": "candidate_site", "name": "Tapovan Sanskar Peeth", "beds": null, "source": "OpenStreetMap" }, "geometry": { "type": "Point", "coordinates": [ 72.6133446, 23.1249437 ] } },
{ "type": "Feature", "properties": { "osm_id": "way/551671380", "layer": "school", "role": "candidate_site", "name": "Anand Niketan Sughad", "beds": null, "source": "OpenStreetMap" }, "geometry": { "type": "Point", "coordinates": [ 72.6375445, 23.1222495 ] } },
{ "type": "Feature", "properties": { "osm_id": "way/552128733", "layer": "school", "role": "candidate_site", "name": "Cosmos Castle International School", "beds": null, "source": "OpenStreetMap" }, "geometry": { "type": "Point", "coordinates": [ 72.4940412, 23.0050032 ] } },
{ "type": "Feature", "properties": { "osm_id": "way/729115637", "layer": "school", "role": "candidate_site", "name": "Brighton Primary English School", "beds": null, "source": "OpenStreetMap" }, "geometry": { "type": "Point", "coordinates": [ 72.5727242, 22.97988 ] } },
{ "type": "Feature", "properties": { "osm_id": "way/882640112", "layer": "school", "role": "candidate_site", "name": "Nalanda School", "beds": null, "source": "OpenStreetMap" }, "geometry": { "type": "Point", "coordinates": [ 72.5394906, 23.0718404 ] } },
{ "type": "Feature", "properties": { "osm_id": "way/972303788", "layer": "school", "role": "candidate_site", "name": null, "beds": null, "source": "OpenStreetMap" }, "geometry": { "type": "Point", "coordinates": [ 72.5222356, 23.0183301 ] } },
{ "type": "Feature", "properties": { "osm_id": "way/1180000553", "layer": "school", "role": "candidate_site", "name": null, "beds": null, "source": "OpenStreetMap" }, "geometry": { "type": "Point", "coordinates": [ 72.5776134, 23.1027035 ] } },
{ "type": "Feature", "properties": { "osm_id": "way/1180007887", "layer": "school", "role": "candidate_site", "name": null, "beds": null, "source": "OpenStreetMap" }, "geometry": { "type": "Point", "coordinates": [ 72.5905984, 23.1096999 ] } },
{ "type": "Feature", "properties": { "osm_id": "way/1180008783", "layer": "school", "role": "candidate_site", "name": null, "beds": null, "source": "OpenStreetMap" }, "geometry": { "type": "Point", "coordinates": [ 72.591728, 23.1088614 ] } },
{ "type": "Feature", "properties": { "osm_id": "way/1180013600", "layer": "school", "role": "candidate_site", "name": "Kendriya Vidyalaya Sabarmati", "beds": null, "source": "OpenStreetMap" }, "geometry": { "type": "Point", "coordinates": [ 72.5818961, 23.1009856 ] } },
{ "type": "Feature", "properties": { "osm_id": "way/1180013606", "layer": "school", "role": "candidate_site", "name": "Assembly Area", "beds": null, "source": "OpenStreetMap" }, "geometry": { "type": "Point", "coordinates": [ 72.5822847, 23.1012731 ] } },
{ "type": "Feature", "properties": { "osm_id": "way/1192740604", "layer": "school", "role": "candidate_site", "name": "Ahmedabad Textile Industry's Research Association", "beds": null, "source": "OpenStreetMap" }, "geometry": { "type": "Point", "coordinates": [ 72.5418007, 23.0319195 ] } },
{ "type": "Feature", "properties": { "osm_id": "way/1204808509", "layer": "school", "role": "candidate_site", "name": "Narayana Business School", "beds": null, "source": "OpenStreetMap" }, "geometry": { "type": "Point", "coordinates": [ 72.478017, 22.9660135 ] } },
{ "type": "Feature", "properties": { "osm_id": "way/1303259910", "layer": "school", "role": "candidate_site", "name": "Ahmedabad Dental College & Hospital", "beds": null, "source": "OpenStreetMap" }, "geometry": { "type": "Point", "coordinates": [ 72.4529146, 23.0966487 ] } },
{ "type": "Feature", "properties": { "osm_id": "way/1304654814", "layer": "school", "role": "candidate_site", "name": null, "beds": null, "source": "OpenStreetMap" }, "geometry": { "type": "Point", "coordinates": [ 72.5650571, 23.0704798 ] } },
{ "type": "Feature", "properties": { "osm_id": "way/1304800178", "layer": "school", "role": "candidate_site", "name": null, "beds": null, "source": "OpenStreetMap" }, "geometry": { "type": "Point", "coordinates": [ 72.5557241, 23.0484242 ] } },
{ "type": "Feature", "properties": { "osm_id": "way/1304814681", "layer": "school", "role": "candidate_site", "name": null, "beds": null, "source": "OpenStreetMap" }, "geometry": { "type": "Point", "coordinates": [ 72.5374948, 23.0347011 ] } },
{ "type": "Feature", "properties": { "osm_id": "way/1304814700", "layer": "school", "role": "candidate_site", "name": null, "beds": null, "source": "OpenStreetMap" }, "geometry": { "type": "Point", "coordinates": [ 72.5517232, 23.0395125 ] } },
{ "type": "Feature", "properties": { "osm_id": "way/1304819995", "layer": "school", "role": "candidate_site", "name": null, "beds": null, "source": "OpenStreetMap" }, "geometry": { "type": "Point", "coordinates": [ 72.5555294, 23.0378197 ] } },
{ "type": "Feature", "properties": { "osm_id": "way/1304843563", "layer": "school", "role": "candidate_site", "name": null, "beds": null, "source": "OpenStreetMap" }, "geometry": { "type": "Point", "coordinates": [ 72.5589203, 23.0258651 ] } },
{ "type": "Feature", "properties": { "osm_id": "way/1394992780", "layer": "school", "role": "candidate_site", "name": null, "beds": null, "source": "OpenStreetMap" }, "geometry": { "type": "Point", "coordinates": [ 72.6159452, 23.0574893 ] } },
{ "type": "Feature", "properties": { "osm_id": "relation/5461907", "layer": "school", "role": "candidate_site", "name": "Divyapath Science School", "beds": null, "source": "OpenStreetMap" }, "geometry": { "type": "Point", "coordinates": [ 72.5428318, 23.0508027 ] } },
{ "type": "Feature", "properties": { "osm_id": "relation/16135047", "layer": "school", "role": "candidate_site", "name": "Indian Institute of Management Ahmedabad", "beds": null, "source": "OpenStreetMap" }, "geometry": { "type": "Point", "coordinates": [ 72.5351989, 23.0316669 ] } },
{ "type": "Feature", "properties": { "osm_id": "relation/19017787", "layer": "school", "role": "candidate_site", "name": null, "beds": null, "source": "OpenStreetMap" }, "geometry": { "type": "Point", "coordinates": [ 72.4823886, 22.9892365 ] } },
{ "type": "Feature", "properties": { "osm_id": "node/3243806444", "layer": "community_centre", "role": "candidate_site", "name": "Vikram A. Sarabhai Community Science Centre", "beds": null, "source": "OpenStreetMap" }, "geometry": { "type": "Point", "coordinates": [ 72.5492165, 23.0366663 ] } },
{ "type": "Feature", "properties": { "osm_id": "node/3379763223", "layer": "community_centre", "role": "candidate_site", "name": "Loving Community", "beds": null, "source": "OpenStreetMap" }, "geometry": { "type": "Point", "coordinates": [ 72.6442136, 22.9994873 ] } },
{ "type": "Feature", "properties": { "osm_id": "node/3379766639", "layer": "community_centre", "role": "candidate_site", "name": "Jamalpur", "beds": null, "source": "OpenStreetMap" }, "geometry": { "type": "Point", "coordinates": [ 72.5740652, 23.0057337 ] } },
{ "type": "Feature", "properties": { "osm_id": "node/4265752889", "layer": "community_centre", "role": "candidate_site", "name": "Shangrila Bunglows", "beds": null, "source": "OpenStreetMap" }, "geometry": { "type": "Point", "coordinates": [ 72.5089574, 23.0568853 ] } },
{ "type": "Feature", "properties": { "osm_id": "node/4444998990", "layer": "community_centre", "role": "candidate_site", "name": "Ramanand gurukul swastik hall", "beds": null, "source": "OpenStreetMap" }, "geometry": { "type": "Point", "coordinates": [ 72.5267206, 23.0479045 ] } },
{ "type": "Feature", "properties": { "osm_id": "node/4533964898", "layer": "community_centre", "role": "candidate_site", "name": "Raghunath Party Plot", "beds": null, "source": "OpenStreetMap" }, "geometry": { "type": "Point", "coordinates": [ 72.5065027, 23.0407768 ] } },
{ "type": "Feature", "properties": { "osm_id": "node/4977760822", "layer": "community_centre", "role": "candidate_site", "name": "Vasavda Community Centre", "beds": null, "source": "OpenStreetMap" }, "geometry": { "type": "Point", "coordinates": [ 72.6193457, 22.9998912 ] } },
{ "type": "Feature", "properties": { "osm_id": "node/5197431945", "layer": "community_centre", "role": "candidate_site", "name": "Leelapur Bharot Community Ground", "beds": null, "source": "OpenStreetMap" }, "geometry": { "type": "Point", "coordinates": [ 72.5132418, 23.1468201 ] } },
{ "type": "Feature", "properties": { "osm_id": "way/317373088", "layer": "community_centre", "role": "candidate_site", "name": "Thakorbhai Desai Hall", "beds": null, "source": "OpenStreetMap" }, "geometry": { "type": "Point", "coordinates": [ 72.5600215, 23.024477 ] } },
{ "type": "Feature", "properties": { "osm_id": "way/356712480", "layer": "community_centre", "role": "candidate_site", "name": "VikramNagar Community Hall", "beds": null, "source": "OpenStreetMap" }, "geometry": { "type": "Point", "coordinates": [ 72.5025079, 23.0295876 ] } },
{ "type": "Feature", "properties": { "osm_id": "way/367197201", "layer": "community_centre", "role": "candidate_site", "name": null, "beds": null, "source": "OpenStreetMap" }, "geometry": { "type": "Point", "coordinates": [ 72.4760877, 23.0309333 ] } },
{ "type": "Feature", "properties": { "osm_id": "node/1349429275", "layer": "brts_station", "role": "cooling_point", "name": "D-cabin", "beds": null, "source": "OpenStreetMap" }, "geometry": { "type": "Point", "coordinates": [ 72.5702646, 23.1023628 ] } },
{ "type": "Feature", "properties": { "osm_id": "node/1349429278", "layer": "brts_station", "role": "cooling_point", "name": "Vallabhpark", "beds": null, "source": "OpenStreetMap" }, "geometry": { "type": "Point", "coordinates": [ 72.576519, 23.101524 ] } },
{ "type": "Feature", "properties": { "osm_id": "node/3161575026", "layer": "brts_station", "role": "cooling_point", "name": "Navrangpura", "beds": null, "source": "OpenStreetMap" }, "geometry": { "type": "Point", "coordinates": [ 72.5641854, 23.0355882 ] } },
{ "type": "Feature", "properties": { "osm_id": "node/3333487128", "layer": "brts_station", "role": "cooling_point", "name": "Maninagar Bus stop", "beds": null, "source": "OpenStreetMap" }, "geometry": { "type": "Point", "coordinates": [ 72.6259649, 22.99746 ] } },
{ "type": "Feature", "properties": { "osm_id": "node/3333942359", "layer": "brts_station", "role": "cooling_point", "name": "Maninagar Railway Station", "beds": null, "source": "OpenStreetMap" }, "geometry": { "type": "Point", "coordinates": [ 72.6109437, 22.9986995 ] } },
{ "type": "Feature", "properties": { "osm_id": "node/3335600154", "layer": "brts_station", "role": "cooling_point", "name": "Krishna Nagar Bus Statiom", "beds": null, "source": "OpenStreetMap" }, "geometry": { "type": "Point", "coordinates": [ 72.6558075, 23.0770964 ] } },
{ "type": "Feature", "properties": { "osm_id": "node/3336777167", "layer": "brts_station", "role": "cooling_point", "name": "Ahmedabad", "beds": null, "source": "OpenStreetMap" }, "geometry": { "type": "Point", "coordinates": [ 72.5984903, 23.0218734 ] } },
{ "type": "Feature", "properties": { "osm_id": "node/3355794772", "layer": "brts_station", "role": "cooling_point", "name": "Lal Darwaja AMTS Bus Stop", "beds": null, "source": "OpenStreetMap" }, "geometry": { "type": "Point", "coordinates": [ 72.5785562, 23.0241902 ] } },
{ "type": "Feature", "properties": { "osm_id": "node/5540117738", "layer": "brts_station", "role": "cooling_point", "name": "Kankaria Telephone exchange", "beds": null, "source": "OpenStreetMap" }, "geometry": { "type": "Point", "coordinates": [ 72.5928352, 23.0024253 ] } },
{ "type": "Feature", "properties": { "osm_id": "node/5711622445", "layer": "brts_station", "role": "cooling_point", "name": "Ghuma BRTS terminal", "beds": null, "source": "OpenStreetMap" }, "geometry": { "type": "Point", "coordinates": [ 72.4483279, 23.0309359 ] } },
{ "type": "Feature", "properties": { "osm_id": "node/5711634722", "layer": "brts_station", "role": "cooling_point", "name": "AMTS Ghuma Bus terminal", "beds": null, "source": "OpenStreetMap" }, "geometry": { "type": "Point", "coordinates": [ 72.4501878, 23.030556 ] } },
{ "type": "Feature", "properties": { "osm_id": "node/7020233387", "layer": "brts_station", "role": "cooling_point", "name": null, "beds": null, "source": "OpenStreetMap" }, "geometry": { "type": "Point", "coordinates": [ 72.5895319, 23.0430359 ] } },
{ "type": "Feature", "properties": { "osm_id": "node/8153542476", "layer": "brts_station", "role": "cooling_point", "name": "Bopal gam", "beds": null, "source": "OpenStreetMap" }, "geometry": { "type": "Point", "coordinates": [ 72.4641074, 23.0340108 ] } },
{ "type": "Feature", "properties": { "osm_id": "node/8153545458", "layer": "brts_station", "role": "cooling_point", "name": "Sterling City", "beds": null, "source": "OpenStreetMap" }, "geometry": { "type": "Point", "coordinates": [ 72.4691519, 23.0323222 ] } },
{ "type": "Feature", "properties": { "osm_id": "way/37231778", "layer": "brts_station", "role": "cooling_point", "name": "Gita Mandir Bus Station", "beds": null, "source": "OpenStreetMap" }, "geometry": { "type": "Point", "coordinates": [ 72.5918516, 23.0154853 ] } },
{ "type": "Feature", "properties": { "osm_id": "way/314450134", "layer": "brts_station", "role": "cooling_point", "name": "Gujarat State Road Transport Corporation | Bus Station | Gita Mandir", "beds": null, "source": "OpenStreetMap" }, "geometry": { "type": "Point", "coordinates": [ 72.59246, 23.0141035 ] } },
{ "type": "Feature", "properties": { "osm_id": "way/323895527", "layer": "brts_station", "role": "cooling_point", "name": "Nava vadej bus stop", "beds": null, "source": "OpenStreetMap" }, "geometry": { "type": "Point", "coordinates": [ 72.5710994, 23.0550841 ] } },
{ "type": "Feature", "properties": { "osm_id": "way/328553143", "layer": "brts_station", "role": "cooling_point", "name": "Helmet Cross Roads Bus Station", "beds": null, "source": "OpenStreetMap" }, "geometry": { "type": "Point", "coordinates": [ 72.5422948, 23.044418 ] } },
{ "type": "Feature", "properties": { "osm_id": "way/328733432", "layer": "brts_station", "role": "cooling_point", "name": "Vasna Bus Station", "beds": null, "source": "OpenStreetMap" }, "geometry": { "type": "Point", "coordinates": [ 72.5476347, 23.0022282 ] } },
{ "type": "Feature", "properties": { "osm_id": "way/328753119", "layer": "brts_station", "role": "cooling_point", "name": "Lal Darwaja AMTS Bus Stop", "beds": null, "source": "OpenStreetMap" }, "geometry": { "type": "Point", "coordinates": [ 72.5784278, 23.0245732 ] } },
{ "type": "Feature", "properties": { "osm_id": "way/378473414", "layer": "brts_station", "role": "cooling_point", "name": "Parasnagar BRTS stand", "beds": null, "source": "OpenStreetMap" }, "geometry": { "type": "Point", "coordinates": [ 72.5432309, 23.0555446 ] } },
{ "type": "Feature", "properties": { "osm_id": "way/378473566", "layer": "brts_station", "role": "cooling_point", "name": "Sola cross road BRTS stand", "beds": null, "source": "OpenStreetMap" }, "geometry": { "type": "Point", "coordinates": [ 72.546803, 23.0527423 ] } },
{ "type": "Feature", "properties": { "osm_id": "way/451501638", "layer": "brts_station", "role": "cooling_point", "name": "Ranip GSRTC", "beds": null, "source": "OpenStreetMap" }, "geometry": { "type": "Point", "coordinates": [ 72.5757899, 23.0683844 ] } },
{ "type": "Feature", "properties": { "osm_id": "way/551617841", "layer": "brts_station", "role": "cooling_point", "name": "Shivranjani", "beds": null, "source": "OpenStreetMap" }, "geometry": { "type": "Point", "coordinates": [ 72.5312954, 23.0243043 ] } },
{ "type": "Feature", "properties": { "osm_id": "way/972959138", "layer": "brts_station", "role": "cooling_point", "name": "Iskcon Cross Road BRTS", "beds": null, "source": "OpenStreetMap" }, "geometry": { "type": "Point", "coordinates": [ 72.5085231, 23.0271523 ] } },
{ "type": "Feature", "properties": { "osm_id": "way/972959139", "layer": "brts_station", "role": "cooling_point", "name": "Ashok Vatika BRTS", "beds": null, "source": "OpenStreetMap" }, "geometry": { "type": "Point", "coordinates": [ 72.495702, 23.0279387 ] } },
{ "type": "Feature", "properties": { "osm_id": "way/972959140", "layer": "brts_station", "role": "cooling_point", "name": "Jaintilal Park BRTS", "beds": null, "source": "OpenStreetMap" }, "geometry": { "type": "Point", "coordinates": [ 72.4910095, 23.0284246 ] } },
{ "type": "Feature", "properties": { "osm_id": "way/972959141", "layer": "brts_station", "role": "cooling_point", "name": "Swagat Bunglows BRTS", "beds": null, "source": "OpenStreetMap" }, "geometry": { "type": "Point", "coordinates": [ 72.4858847, 23.0278834 ] } },
{ "type": "Feature", "properties": { "osm_id": "way/972959142", "layer": "brts_station", "role": "cooling_point", "name": "Ambli Gam BRTS", "beds": null, "source": "OpenStreetMap" }, "geometry": { "type": "Point", "coordinates": [ 72.4821927, 23.0264618 ] } },
{ "type": "Feature", "properties": { "osm_id": "way/972959143", "layer": "brts_station", "role": "cooling_point", "name": "Bopal Appoach BRTS", "beds": null, "source": "OpenStreetMap" }, "geometry": { "type": "Point", "coordinates": [ 72.477914, 23.0258481 ] } },
{ "type": "Feature", "properties": { "osm_id": "way/1015046805", "layer": "brts_station", "role": "cooling_point", "name": "Naroda Gam", "beds": null, "source": "OpenStreetMap" }, "geometry": { "type": "Point", "coordinates": [ 72.6557867, 23.0771064 ] } },
{ "type": "Feature", "properties": { "osm_id": "node/5199997866", "layer": "mall", "role": "community_cooling", "name": "SoBo Centre", "beds": null, "source": "OpenStreetMap" }, "geometry": { "type": "Point", "coordinates": [ 72.4751813, 23.0174425 ] } },
{ "type": "Feature", "properties": { "osm_id": "node/7418072411", "layer": "mall", "role": "community_cooling", "name": "Iscon Emporio", "beds": null, "source": "OpenStreetMap" }, "geometry": { "type": "Point", "coordinates": [ 72.5244892, 23.0265633 ] } },
{ "type": "Feature", "properties": { "osm_id": "node/8138856440", "layer": "mall", "role": "community_cooling", "name": "4D Square mall.", "beds": null, "source": "OpenStreetMap" }, "geometry": { "type": "Point", "coordinates": [ 72.5957915, 23.1029944 ] } },
{ "type": "Feature", "properties": { "osm_id": "node/10591957830", "layer": "mall", "role": "community_cooling", "name": "Reliance mart", "beds": null, "source": "OpenStreetMap" }, "geometry": { "type": "Point", "coordinates": [ 72.5880349, 23.0446678 ] } },
{ "type": "Feature", "properties": { "osm_id": "node/11300307469", "layer": "mall", "role": "community_cooling", "name": "Palladium Mall", "beds": null, "source": "OpenStreetMap" }, "geometry": { "type": "Point", "coordinates": [ 72.5208841, 23.0581218 ] } },
{ "type": "Feature", "properties": { "osm_id": "way/172144073", "layer": "mall", "role": "community_cooling", "name": "Akshar Arcade", "beds": null, "source": "OpenStreetMap" }, "geometry": { "type": "Point", "coordinates": [ 72.5520524, 23.0455354 ] } },
{ "type": "Feature", "properties": { "osm_id": "way/257623633", "layer": "mall", "role": "community_cooling", "name": "Nexus Ahmedabad One", "beds": null, "source": "OpenStreetMap" }, "geometry": { "type": "Point", "coordinates": [ 72.5311866, 23.0397708 ] } },
{ "type": "Feature", "properties": { "osm_id": "way/334470476", "layer": "mall", "role": "community_cooling", "name": "Himalaya Mall", "beds": null, "source": "OpenStreetMap" }, "geometry": { "type": "Point", "coordinates": [ 72.5309543, 23.0468134 ] } },
{ "type": "Feature", "properties": { "osm_id": "way/334471857", "layer": "mall", "role": "community_cooling", "name": "R3 Mall", "beds": null, "source": "OpenStreetMap" }, "geometry": { "type": "Point", "coordinates": [ 72.5403315, 23.0463742 ] } },
{ "type": "Feature", "properties": { "osm_id": "way/366616742", "layer": "mall", "role": "community_cooling", "name": "Iscon Mega Mall", "beds": null, "source": "OpenStreetMap" }, "geometry": { "type": "Point", "coordinates": [ 72.5071095, 23.0305242 ] } },
{ "type": "Feature", "properties": { "osm_id": "way/369657149", "layer": "mall", "role": "community_cooling", "name": "Agora Mall", "beds": null, "source": "OpenStreetMap" }, "geometry": { "type": "Point", "coordinates": [ 72.6246127, 23.1185285 ] } },
{ "type": "Feature", "properties": { "osm_id": "way/674050540", "layer": "mall", "role": "community_cooling", "name": "Advait Mall", "beds": null, "source": "OpenStreetMap" }, "geometry": { "type": "Point", "coordinates": [ 72.5256613, 23.0408073 ] } },
{ "type": "Feature", "properties": { "osm_id": "way/793320578", "layer": "mall", "role": "community_cooling", "name": "Iscon Emporio", "beds": null, "source": "OpenStreetMap" }, "geometry": { "type": "Point", "coordinates": [ 72.524603, 23.027076 ] } },
{ "type": "Feature", "properties": { "osm_id": "way/972675007", "layer": "mall", "role": "community_cooling", "name": "Brand Factory", "beds": null, "source": "OpenStreetMap" }, "geometry": { "type": "Point", "coordinates": [ 72.5299721, 23.0155091 ] } },
{ "type": "Feature", "properties": { "osm_id": "way/1180003746", "layer": "mall", "role": "community_cooling", "name": "Aradhna Clothing", "beds": null, "source": "OpenStreetMap" }, "geometry": { "type": "Point", "coordinates": [ 72.5814843, 23.1085364 ] } },
{ "type": "Feature", "properties": { "osm_id": "way/1180014250", "layer": "mall", "role": "community_cooling", "name": null, "beds": null, "source": "OpenStreetMap" }, "geometry": { "type": "Point", "coordinates": [ 72.5957561, 23.1030286 ] } },
{ "type": "Feature", "properties": { "osm_id": "node/429790296", "layer": "place_of_worship", "role": "community_cooling", "name": "Manav Mandir", "beds": null, "source": "OpenStreetMap" }, "geometry": { "type": "Point", "coordinates": [ 72.5396662, 23.0461532 ] } },
{ "type": "Feature", "properties": { "osm_id": "node/429790297", "layer": "place_of_worship", "role": "community_cooling", "name": "Karnvanath Mahadev, Shiv Temple", "beds": null, "source": "OpenStreetMap" }, "geometry": { "type": "Point", "coordinates": [ 72.5498248, 23.0470512 ] } },
{ "type": "Feature", "properties": { "osm_id": "node/429790299", "layer": "place_of_worship", "role": "community_cooling", "name": "Paramdham Temple", "beds": null, "source": "OpenStreetMap" }, "geometry": { "type": "Point", "coordinates": [ 72.5206423, 23.0279683 ] } },
{ "type": "Feature", "properties": { "osm_id": "node/429790300", "layer": "place_of_worship", "role": "community_cooling", "name": "Gayatri Mandir", "beds": null, "source": "OpenStreetMap" }, "geometry": { "type": "Point", "coordinates": [ 72.5914612, 23.0616617 ] } },
{ "type": "Feature", "properties": { "osm_id": "node/440015515", "layer": "place_of_worship", "role": "community_cooling", "name": "Jalaram Mandir", "beds": null, "source": "OpenStreetMap" }, "geometry": { "type": "Point", "coordinates": [ 72.5617653, 23.0180339 ] } },
{ "type": "Feature", "properties": { "osm_id": "node/440310522", "layer": "place_of_worship", "role": "community_cooling", "name": "Bhimnath Mahadev, Shiv Temple", "beds": null, "source": "OpenStreetMap" }, "geometry": { "type": "Point", "coordinates": [ 72.5499794, 23.0119553 ] } },
{ "type": "Feature", "properties": { "osm_id": "node/440375393", "layer": "place_of_worship", "role": "community_cooling", "name": "Jagannath Mandir, Temple", "beds": null, "source": "OpenStreetMap" }, "geometry": { "type": "Point", "coordinates": [ 72.5810755, 23.0114213 ] } },
{ "type": "Feature", "properties": { "osm_id": "node/611572693", "layer": "place_of_worship", "role": "community_cooling", "name": "Sant Asharamji Ashram", "beds": null, "source": "OpenStreetMap" }, "geometry": { "type": "Point", "coordinates": [ 72.6024491, 23.0931619 ] } },
{ "type": "Feature", "properties": { "osm_id": "node/627507832", "layer": "place_of_worship", "role": "community_cooling", "name": null, "beds": null, "source": "OpenStreetMap" }, "geometry": { "type": "Point", "coordinates": [ 72.5705432, 23.0110649 ] } },
{ "type": "Feature", "properties": { "osm_id": "node/631807606", "layer": "place_of_worship", "role": "community_cooling", "name": "Temple", "beds": null, "source": "OpenStreetMap" }, "geometry": { "type": "Point", "coordinates": [ 72.5666935, 23.0151595 ] } },
{ "type": "Feature", "properties": { "osm_id": "node/631807628", "layer": "place_of_worship", "role": "community_cooling", "name": null, "beds": null, "source": "OpenStreetMap" }, "geometry": { "type": "Point", "coordinates": [ 72.5682822, 23.0141905 ] } },
{ "type": "Feature", "properties": { "osm_id": "node/631823295", "layer": "place_of_worship", "role": "community_cooling", "name": null, "beds": null, "source": "OpenStreetMap" }, "geometry": { "type": "Point", "coordinates": [ 72.590076, 23.0238654 ] } },
{ "type": "Feature", "properties": { "osm_id": "node/831349759", "layer": "place_of_worship", "role": "community_cooling", "name": "Manikarnikeshwar Mahadev Temple", "beds": null, "source": "OpenStreetMap" }, "geometry": { "type": "Point", "coordinates": [ 72.6073978, 22.9978398 ] } },
{ "type": "Feature", "properties": { "osm_id": "node/1789829562", "layer": "place_of_worship", "role": "community_cooling", "name": null, "beds": null, "source": "OpenStreetMap" }, "geometry": { "type": "Point", "coordinates": [ 72.5651766, 23.0034536 ] } },
{ "type": "Feature", "properties": { "osm_id": "node/2377178386", "layer": "place_of_worship", "role": "community_cooling", "name": null, "beds": null, "source": "OpenStreetMap" }, "geometry": { "type": "Point", "coordinates": [ 72.5824724, 23.0246727 ] } },
{ "type": "Feature", "properties": { "osm_id": "node/2377178504", "layer": "place_of_worship", "role": "community_cooling", "name": null, "beds": null, "source": "OpenStreetMap" }, "geometry": { "type": "Point", "coordinates": [ 72.5896206, 23.0173101 ] } },
{ "type": "Feature", "properties": { "osm_id": "node/2477167113", "layer": "place_of_worship", "role": "community_cooling", "name": "Gopnath Mahadev Mandir", "beds": null, "source": "OpenStreetMap" }, "geometry": { "type": "Point", "coordinates": [ 72.5648948, 23.0688147 ] } },
{ "type": "Feature", "properties": { "osm_id": "node/2524135729", "layer": "place_of_worship", "role": "community_cooling", "name": "Punit Ashram", "beds": null, "source": "OpenStreetMap" }, "geometry": { "type": "Point", "coordinates": [ 72.605685, 23.0024214 ] } },
{ "type": "Feature", "properties": { "osm_id": "node/2528008220", "layer": "place_of_worship", "role": "community_cooling", "name": "Rehoboth Christian Assembly", "beds": null, "source": "OpenStreetMap" }, "geometry": { "type": "Point", "coordinates": [ 72.5368761, 23.0010208 ] } },
{ "type": "Feature", "properties": { "osm_id": "node/2531101257", "layer": "place_of_worship", "role": "community_cooling", "name": "Guruma Samadhi Mandir", "beds": null, "source": "OpenStreetMap" }, "geometry": { "type": "Point", "coordinates": [ 72.6123146, 23.125173 ] } },
{ "type": "Feature", "properties": { "osm_id": "node/2598103763", "layer": "place_of_worship", "role": "community_cooling", "name": "Shree Swaminarayan Temple Gadi Sansthan", "beds": null, "source": "OpenStreetMap" }, "geometry": { "type": "Point", "coordinates": [ 72.6107331, 22.9955398 ] } },
{ "type": "Feature", "properties": { "osm_id": "node/2599148924", "layer": "place_of_worship", "role": "community_cooling", "name": "Ambaji Mata Temple", "beds": null, "source": "OpenStreetMap" }, "geometry": { "type": "Point", "coordinates": [ 72.6083788, 22.9912494 ] } },
{ "type": "Feature", "properties": { "osm_id": "node/2599227097", "layer": "place_of_worship", "role": "community_cooling", "name": "Baba Ramdev Pir Temple", "beds": null, "source": "OpenStreetMap" }, "geometry": { "type": "Point", "coordinates": [ 72.605944, 22.992009 ] } },
{ "type": "Feature", "properties": { "osm_id": "node/2599227796", "layer": "place_of_worship", "role": "community_cooling", "name": "Ram Krishna Temple", "beds": null, "source": "OpenStreetMap" }, "geometry": { "type": "Point", "coordinates": [ 72.6062149, 22.9916559 ] } },
{ "type": "Feature", "properties": { "osm_id": "node/2599227999", "layer": "place_of_worship", "role": "community_cooling", "name": "Shiv Mandir (Temple of Lord Shiva)", "beds": null, "source": "OpenStreetMap" }, "geometry": { "type": "Point", "coordinates": [ 72.6063779, 22.9915288 ] } },
{ "type": "Feature", "properties": { "osm_id": "node/2699812684", "layer": "place_of_worship", "role": "community_cooling", "name": "Panchdev Mahadev Mandir", "beds": null, "source": "OpenStreetMap" }, "geometry": { "type": "Point", "coordinates": [ 72.5424404, 23.0654461 ] } },
{ "type": "Feature", "properties": { "osm_id": "node/3011917841", "layer": "place_of_worship", "role": "community_cooling", "name": "Khodiyar Temple, New Ranip", "beds": null, "source": "OpenStreetMap" }, "geometry": { "type": "Point", "coordinates": [ 72.5664534, 23.0925942 ] } },
{ "type": "Feature", "properties": { "osm_id": "node/3204972673", "layer": "place_of_worship", "role": "community_cooling", "name": "Khamasa Parsi Agiyari", "beds": null, "source": "OpenStreetMap" }, "geometry": { "type": "Point", "coordinates": [ 72.5847376, 23.0212928 ] } },
{ "type": "Feature", "properties": { "osm_id": "node/3242235762", "layer": "place_of_worship", "role": "community_cooling", "name": "Jain Temple", "beds": null, "source": "OpenStreetMap" }, "geometry": { "type": "Point", "coordinates": [ 72.5599824, 23.0333137 ] } },
{ "type": "Feature", "properties": { "osm_id": "node/3247356199", "layer": "place_of_worship", "role": "community_cooling", "name": "Sai Baba Temple", "beds": null, "source": "OpenStreetMap" }, "geometry": { "type": "Point", "coordinates": [ 72.6203895, 23.0804158 ] } },
{ "type": "Feature", "properties": { "osm_id": "node/3289914606", "layer": "place_of_worship", "role": "community_cooling", "name": "Dariyakhan Ghummaj", "beds": null, "source": "OpenStreetMap" }, "geometry": { "type": "Point", "coordinates": [ 72.5867794, 23.0526575 ] } },
{ "type": "Feature", "properties": { "osm_id": "node/3500440335", "layer": "place_of_worship", "role": "community_cooling", "name": "Dharmeshawar Mahadev Temple", "beds": null, "source": "OpenStreetMap" }, "geometry": { "type": "Point", "coordinates": [ 72.5916738, 23.0784656 ] } },
{ "type": "Feature", "properties": { "osm_id": "node/3500454448", "layer": "place_of_worship", "role": "community_cooling", "name": "Jain Derasar", "beds": null, "source": "OpenStreetMap" }, "geometry": { "type": "Point", "coordinates": [ 72.5922625, 23.0803221 ] } },
{ "type": "Feature", "properties": { "osm_id": "node/3500454472", "layer": "place_of_worship", "role": "community_cooling", "name": "Ramji Mandir", "beds": null, "source": "OpenStreetMap" }, "geometry": { "type": "Point", "coordinates": [ 72.5895182, 23.0836988 ] } },
{ "type": "Feature", "properties": { "osm_id": "node/3500459170", "layer": "place_of_worship", "role": "community_cooling", "name": "Vaishno Devi Mataji Mandir", "beds": null, "source": "OpenStreetMap" }, "geometry": { "type": "Point", "coordinates": [ 72.5895455, 23.0790305 ] } },
{ "type": "Feature", "properties": { "osm_id": "node/4326498895", "layer": "place_of_worship", "role": "community_cooling", "name": "Swaminarayan ", "beds": null, "source": "OpenStreetMap" }, "geometry": { "type": "Point", "coordinates": [ 72.5522649, 23.0055252 ] } },
{ "type": "Feature", "properties": { "osm_id": "node/4403955289", "layer": "place_of_worship", "role": "community_cooling", "name": "ambe mataa mandir", "beds": null, "source": "OpenStreetMap" }, "geometry": { "type": "Point", "coordinates": [ 72.5365252, 23.0594376 ] } },
{ "type": "Feature", "properties": { "osm_id": "node/4486356038", "layer": "place_of_worship", "role": "community_cooling", "name": "Koteshwar Mahadev Temple / Mandir", "beds": null, "source": "OpenStreetMap" }, "geometry": { "type": "Point", "coordinates": [ 72.6119846, 23.0945918 ] } },
{ "type": "Feature", "properties": { "osm_id": "node/4486515168", "layer": "place_of_worship", "role": "community_cooling", "name": "Gurukul", "beds": null, "source": "OpenStreetMap" }, "geometry": { "type": "Point", "coordinates": [ 72.5268056, 23.0457058 ] } },
{ "type": "Feature", "properties": { "osm_id": "node/4486861230", "layer": "place_of_worship", "role": "community_cooling", "name": "Shah E Alam Roza", "beds": null, "source": "OpenStreetMap" }, "geometry": { "type": "Point", "coordinates": [ 72.5895788, 22.9940973 ] } },
{ "type": "Feature", "properties": { "osm_id": "node/4487915190", "layer": "place_of_worship", "role": "community_cooling", "name": "Jama Masjid", "beds": null, "source": "OpenStreetMap" }, "geometry": { "type": "Point", "coordinates": [ 72.5054614, 22.9933887 ] } },
{ "type": "Feature", "properties": { "osm_id": "node/4488096936", "layer": "place_of_worship", "role": "community_cooling", "name": "Sai baba", "beds": null, "source": "OpenStreetMap" }, "geometry": { "type": "Point", "coordinates": [ 72.6500054, 23.0887798 ] } },
{ "type": "Feature", "properties": { "osm_id": "node/4488098031", "layer": "place_of_worship", "role": "community_cooling", "name": "Sant nirankari Ashram", "beds": null, "source": "OpenStreetMap" }, "geometry": { "type": "Point", "coordinates": [ 72.6479573, 23.0868773 ] } },
{ "type": "Feature", "properties": { "osm_id": "node/4488285392", "layer": "place_of_worship", "role": "community_cooling", "name": "Changodar", "beds": null, "source": "OpenStreetMap" }, "geometry": { "type": "Point", "coordinates": [ 72.4567127, 22.9402206 ] } },
{ "type": "Feature", "properties": { "osm_id": "node/4488303682", "layer": "place_of_worship", "role": "community_cooling", "name": "Lambha Mandir", "beds": null, "source": "OpenStreetMap" }, "geometry": { "type": "Point", "coordinates": [ 72.5798073, 22.9413497 ] } },
{ "type": "Feature", "properties": { "osm_id": "node/4488549715", "layer": "place_of_worship", "role": "community_cooling", "name": "Bhadra Kali Temple", "beds": null, "source": "OpenStreetMap" }, "geometry": { "type": "Point", "coordinates": [ 72.5814992, 23.0239807 ] } },
{ "type": "Feature", "properties": { "osm_id": "node/4572530872", "layer": "place_of_worship", "role": "community_cooling", "name": null, "beds": null, "source": "OpenStreetMap" }, "geometry": { "type": "Point", "coordinates": [ 72.5386698, 23.0072825 ] } },
{ "type": "Feature", "properties": { "osm_id": "node/4585303036", "layer": "place_of_worship", "role": "community_cooling", "name": "Chandlodiya Temple", "beds": null, "source": "OpenStreetMap" }, "geometry": { "type": "Point", "coordinates": [ 72.5530656, 23.0838579 ] } },
{ "type": "Feature", "properties": { "osm_id": "node/4585303324", "layer": "place_of_worship", "role": "community_cooling", "name": "Radha Madhav temple bhadaj", "beds": null, "source": "OpenStreetMap" }, "geometry": { "type": "Point", "coordinates": [ 72.469948, 23.0983628 ] } },
{ "type": "Feature", "properties": { "osm_id": "node/4637012145", "layer": "place_of_worship", "role": "community_cooling", "name": "Mahadev Temple", "beds": null, "source": "OpenStreetMap" }, "geometry": { "type": "Point", "coordinates": [ 72.6321146, 22.9853608 ] } },
{ "type": "Feature", "properties": { "osm_id": "node/4637012146", "layer": "place_of_worship", "role": "community_cooling", "name": "Chamunda Mata Temple", "beds": null, "source": "OpenStreetMap" }, "geometry": { "type": "Point", "coordinates": [ 72.6310124, 22.9861602 ] } },
{ "type": "Feature", "properties": { "osm_id": "node/4637012147", "layer": "place_of_worship", "role": "community_cooling", "name": "Saibaba Temple", "beds": null, "source": "OpenStreetMap" }, "geometry": { "type": "Point", "coordinates": [ 72.6300604, 22.9866323 ] } },
{ "type": "Feature", "properties": { "osm_id": "node/4637095783", "layer": "place_of_worship", "role": "community_cooling", "name": "Mahadev Temple", "beds": null, "source": "OpenStreetMap" }, "geometry": { "type": "Point", "coordinates": [ 72.6248105, 22.9831015 ] } },
{ "type": "Feature", "properties": { "osm_id": "node/4637095971", "layer": "place_of_worship", "role": "community_cooling", "name": "Temple", "beds": null, "source": "OpenStreetMap" }, "geometry": { "type": "Point", "coordinates": [ 72.6295687, 22.9849403 ] } },
{ "type": "Feature", "properties": { "osm_id": "node/4709907894", "layer": "place_of_worship", "role": "community_cooling", "name": "Shree Swaminarayan Vishranti Bhuvan (Under Bhuj)", "beds": null, "source": "OpenStreetMap" }, "geometry": { "type": "Point", "coordinates": [ 72.6299612, 23.1096913 ] } },
{ "type": "Feature", "properties": { "osm_id": "node/4794246524", "layer": "place_of_worship", "role": "community_cooling", "name": "Sarveshwar Mahadev Temple", "beds": null, "source": "OpenStreetMap" }, "geometry": { "type": "Point", "coordinates": [ 72.5784767, 23.0748674 ] } },
{ "type": "Feature", "properties": { "osm_id": "node/4794252821", "layer": "place_of_worship", "role": "community_cooling", "name": "Khodiyar Temple", "beds": null, "source": "OpenStreetMap" }, "geometry": { "type": "Point", "coordinates": [ 72.5776658, 23.0765706 ] } },
{ "type": "Feature", "properties": { "osm_id": "node/5065508095", "layer": "place_of_worship", "role": "community_cooling", "name": "Om shanti", "beds": null, "source": "OpenStreetMap" }, "geometry": { "type": "Point", "coordinates": [ 72.6192277, 23.0873143 ] } },
{ "type": "Feature", "properties": { "osm_id": "node/5141463316", "layer": "place_of_worship", "role": "community_cooling", "name": "Kalpyan Pushti Haveli", "beds": null, "source": "OpenStreetMap" }, "geometry": { "type": "Point", "coordinates": [ 72.5306552, 23.0384308 ] } },
{ "type": "Feature", "properties": { "osm_id": "node/5425923225", "layer": "place_of_worship", "role": "community_cooling", "name": "Prerna Tirth Derasar", "beds": null, "source": "OpenStreetMap" }, "geometry": { "type": "Point", "coordinates": [ 72.5198974, 23.0214082 ] } },
{ "type": "Feature", "properties": { "osm_id": "node/6899043130", "layer": "place_of_worship", "role": "community_cooling", "name": "Visa Hanuman", "beds": null, "source": "OpenStreetMap" }, "geometry": { "type": "Point", "coordinates": [ 72.5937955, 23.0228973 ] } },
{ "type": "Feature", "properties": { "osm_id": "node/6914010448", "layer": "place_of_worship", "role": "community_cooling", "name": "Moinuddin Chisti Mosque", "beds": null, "source": "OpenStreetMap" }, "geometry": { "type": "Point", "coordinates": [ 72.5883445, 23.0601961 ] } },
{ "type": "Feature", "properties": { "osm_id": "node/7088275193", "layer": "place_of_worship", "role": "community_cooling", "name": "Hatkeshwar mandir", "beds": null, "source": "OpenStreetMap" }, "geometry": { "type": "Point", "coordinates": [ 72.5938375, 23.0233183 ] } },
{ "type": "Feature", "properties": { "osm_id": "node/7088275226", "layer": "place_of_worship", "role": "community_cooling", "name": "Dwarkadhish mandir", "beds": null, "source": "OpenStreetMap" }, "geometry": { "type": "Point", "coordinates": [ 72.5947645, 23.0207788 ] } },
{ "type": "Feature", "properties": { "osm_id": "node/7088275237", "layer": "place_of_worship", "role": "community_cooling", "name": "Rameshwar mandir", "beds": null, "source": "OpenStreetMap" }, "geometry": { "type": "Point", "coordinates": [ 72.5919461, 23.0208959 ] } },
{ "type": "Feature", "properties": { "osm_id": "node/7157714216", "layer": "place_of_worship", "role": "community_cooling", "name": "Masjid e Khatimul Ambiya", "beds": null, "source": "OpenStreetMap" }, "geometry": { "type": "Point", "coordinates": [ 72.5759353, 22.9795627 ] } },
{ "type": "Feature", "properties": { "osm_id": "node/7157714217", "layer": "place_of_worship", "role": "community_cooling", "name": "Shahi Masjid", "beds": null, "source": "OpenStreetMap" }, "geometry": { "type": "Point", "coordinates": [ 72.5886917, 22.9976863 ] } },
{ "type": "Feature", "properties": { "osm_id": "node/7157714218", "layer": "place_of_worship", "role": "community_cooling", "name": "Shahi Masjid - Shah e Alam Dargah", "beds": null, "source": "OpenStreetMap" }, "geometry": { "type": "Point", "coordinates": [ 72.5889358, 22.9944381 ] } },
{ "type": "Feature", "properties": { "osm_id": "node/7157714220", "layer": "place_of_worship", "role": "community_cooling", "name": "Shahi Masjid - Dargah Hazrat Ali Sher Bangali", "beds": null, "source": "OpenStreetMap" }, "geometry": { "type": "Point", "coordinates": [ 72.5651855, 23.0104389 ] } },
{ "type": "Feature", "properties": { "osm_id": "node/7159077259", "layer": "place_of_worship", "role": "community_cooling", "name": "Hazrat Makhdum Shah Masjid", "beds": null, "source": "OpenStreetMap" }, "geometry": { "type": "Point", "coordinates": [ 72.584312, 23.013937 ] } },
{ "type": "Feature", "properties": { "osm_id": "node/7159077260", "layer": "place_of_worship", "role": "community_cooling", "name": "Jambudi Masjid", "beds": null, "source": "OpenStreetMap" }, "geometry": { "type": "Point", "coordinates": [ 72.584438, 23.012687 ] } },
{ "type": "Feature", "properties": { "osm_id": "node/7163489711", "layer": "place_of_worship", "role": "community_cooling", "name": "Masjid e Bahare Shariat", "beds": null, "source": "OpenStreetMap" }, "geometry": { "type": "Point", "coordinates": [ 72.5765629, 22.992313 ] } },
{ "type": "Feature", "properties": { "osm_id": "node/7846055184", "layer": "place_of_worship", "role": "community_cooling", "name": null, "beds": null, "source": "OpenStreetMap" }, "geometry": { "type": "Point", "coordinates": [ 72.5830274, 22.9608211 ] } },
{ "type": "Feature", "properties": { "osm_id": "node/8238089144", "layer": "place_of_worship", "role": "community_cooling", "name": "Shree Muktajivan Swami Bapa Smruti Mandir", "beds": null, "source": "OpenStreetMap" }, "geometry": { "type": "Point", "coordinates": [ 72.6114964, 22.9732159 ] } },
{ "type": "Feature", "properties": { "osm_id": "node/8862949387", "layer": "place_of_worship", "role": "community_cooling", "name": "Umiya Mata Nu Mandir", "beds": null, "source": "OpenStreetMap" }, "geometry": { "type": "Point", "coordinates": [ 72.4770925, 23.0543121 ] } },
{ "type": "Feature", "properties": { "osm_id": "node/8978938722", "layer": "place_of_worship", "role": "community_cooling", "name": "JANKI POLY PLAST", "beds": null, "source": "OpenStreetMap" }, "geometry": { "type": "Point", "coordinates": [ 72.5986127, 22.9738305 ] } },
{ "type": "Feature", "properties": { "osm_id": "node/10302097875", "layer": "place_of_worship", "role": "community_cooling", "name": "Sindhwai Temple", "beds": null, "source": "OpenStreetMap" }, "geometry": { "type": "Point", "coordinates": [ 72.6355521, 22.9900693 ] } },
{ "type": "Feature", "properties": { "osm_id": "node/10578596641", "layer": "place_of_worship", "role": "community_cooling", "name": "Partheswar Temple", "beds": null, "source": "OpenStreetMap" }, "geometry": { "type": "Point", "coordinates": [ 72.6074593, 22.9675705 ] } },
{ "type": "Feature", "properties": { "osm_id": "node/10959555938", "layer": "place_of_worship", "role": "community_cooling", "name": "Shiv mandir", "beds": null, "source": "OpenStreetMap" }, "geometry": { "type": "Point", "coordinates": [ 72.5780403, 23.1062878 ] } },
{ "type": "Feature", "properties": { "osm_id": "node/11097501505", "layer": "place_of_worship", "role": "community_cooling", "name": "Sidi Bashid mosque, the shaking minarets", "beds": null, "source": "OpenStreetMap" }, "geometry": { "type": "Point", "coordinates": [ 72.5996961, 23.0237664 ] } },
{ "type": "Feature", "properties": { "osm_id": "node/11148571795", "layer": "place_of_worship", "role": "community_cooling", "name": "Merudham", "beds": null, "source": "OpenStreetMap" }, "geometry": { "type": "Point", "coordinates": [ 72.6162547, 23.1218834 ] } },
{ "type": "Feature", "properties": { "osm_id": "node/12092227899", "layer": "place_of_worship", "role": "community_cooling", "name": null, "beds": null, "source": "OpenStreetMap" }, "geometry": { "type": "Point", "coordinates": [ 72.5779033, 23.0211015 ] } },
{ "type": "Feature", "properties": { "osm_id": "node/12092227910", "layer": "place_of_worship", "role": "community_cooling", "name": "Dargah", "beds": null, "source": "OpenStreetMap" }, "geometry": { "type": "Point", "coordinates": [ 72.5798769, 23.021186 ] } },
{ "type": "Feature", "properties": { "osm_id": "node/13141074680", "layer": "place_of_worship", "role": "community_cooling", "name": "Navi Masjid (Masjid-e-Nawab)", "beds": null, "source": "OpenStreetMap" }, "geometry": { "type": "Point", "coordinates": [ 72.586788, 22.9957645 ] } },
{ "type": "Feature", "properties": { "osm_id": "node/14065378548", "layer": "place_of_worship", "role": "community_cooling", "name": null, "beds": null, "source": "OpenStreetMap" }, "geometry": { "type": "Point", "coordinates": [ 72.5906556, 23.0834381 ] } },
{ "type": "Feature", "properties": { "osm_id": "node/14066805543", "layer": "place_of_worship", "role": "community_cooling", "name": null, "beds": null, "source": "OpenStreetMap" }, "geometry": { "type": "Point", "coordinates": [ 72.5763123, 23.0308947 ] } },
{ "type": "Feature", "properties": { "osm_id": "node/14067711774", "layer": "place_of_worship", "role": "community_cooling", "name": null, "beds": null, "source": "OpenStreetMap" }, "geometry": { "type": "Point", "coordinates": [ 72.5892277, 23.0232412 ] } },
{ "type": "Feature", "properties": { "osm_id": "node/14067711792", "layer": "place_of_worship", "role": "community_cooling", "name": null, "beds": null, "source": "OpenStreetMap" }, "geometry": { "type": "Point", "coordinates": [ 72.590413, 23.021017 ] } },
{ "type": "Feature", "properties": { "osm_id": "node/14067896016", "layer": "place_of_worship", "role": "community_cooling", "name": null, "beds": null, "source": "OpenStreetMap" }, "geometry": { "type": "Point", "coordinates": [ 72.5700469, 23.0467024 ] } },
{ "type": "Feature", "properties": { "osm_id": "node/14134470019", "layer": "place_of_worship", "role": "community_cooling", "name": "Shree Naklang Hanuman / Shree Naklang Mahadev", "beds": null, "source": "OpenStreetMap" }, "geometry": { "type": "Point", "coordinates": [ 72.4732557, 23.0136158 ] } },
{ "type": "Feature", "properties": { "osm_id": "way/118695193", "layer": "place_of_worship", "role": "community_cooling", "name": "Smriti Mandir", "beds": null, "source": "OpenStreetMap" }, "geometry": { "type": "Point", "coordinates": [ 72.5896346, 23.0806483 ] } },
{ "type": "Feature", "properties": { "osm_id": "way/244500705", "layer": "place_of_worship", "role": "community_cooling", "name": "Sai Baba Temple", "beds": null, "source": "OpenStreetMap" }, "geometry": { "type": "Point", "coordinates": [ 72.5325949, 23.0662082 ] } },
{ "type": "Feature", "properties": { "osm_id": "way/246022093", "layer": "place_of_worship", "role": "community_cooling", "name": "Tapovan Adinath Jain Temple", "beds": null, "source": "OpenStreetMap" }, "geometry": { "type": "Point", "coordinates": [ 72.612378, 23.124715 ] } },
{ "type": "Feature", "properties": { "osm_id": "way/294809279", "layer": "place_of_worship", "role": "community_cooling", "name": null, "beds": null, "source": "OpenStreetMap" }, "geometry": { "type": "Point", "coordinates": [ 72.5602095, 23.0757066 ] } },
{ "type": "Feature", "properties": { "osm_id": "way/297321231", "layer": "place_of_worship", "role": "community_cooling", "name": "Marutidham", "beds": null, "source": "OpenStreetMap" }, "geometry": { "type": "Point", "coordinates": [ 72.5420927, 23.137038 ] } },
{ "type": "Feature", "properties": { "osm_id": "way/314446429", "layer": "place_of_worship", "role": "community_cooling", "name": "Church of North India", "beds": null, "source": "OpenStreetMap" }, "geometry": { "type": "Point", "coordinates": [ 72.5805349, 23.0221564 ] } },
{ "type": "Feature", "properties": { "osm_id": "way/322229926", "layer": "place_of_worship", "role": "community_cooling", "name": "Hathi Singh Jain Temple", "beds": null, "source": "OpenStreetMap" }, "geometry": { "type": "Point", "coordinates": [ 72.5896633, 23.04083 ] } },
{ "type": "Feature", "properties": { "osm_id": "way/322230405", "layer": "place_of_worship", "role": "community_cooling", "name": "BAPS Swaminarayan Temple", "beds": null, "source": "OpenStreetMap" }, "geometry": { "type": "Point", "coordinates": [ 72.5904455, 23.0454043 ] } },
{ "type": "Feature", "properties": { "osm_id": "way/323895529", "layer": "place_of_worship", "role": "community_cooling", "name": "Ahmed Shah Mosque", "beds": null, "source": "OpenStreetMap" }, "geometry": { "type": "Point", "coordinates": [ 72.5789596, 23.0227236 ] } },
{ "type": "Feature", "properties": { "osm_id": "way/323895534", "layer": "place_of_worship", "role": "community_cooling", "name": "Sidi Saiyad Mosque", "beds": null, "source": "OpenStreetMap" }, "geometry": { "type": "Point", "coordinates": [ 72.58101, 23.0270198 ] } },
{ "type": "Feature", "properties": { "osm_id": "way/326682669", "layer": "place_of_worship", "role": "community_cooling", "name": "Gita Mandir", "beds": null, "source": "OpenStreetMap" }, "geometry": { "type": "Point", "coordinates": [ 72.5909562, 23.0121058 ] } },
{ "type": "Feature", "properties": { "osm_id": "way/333825186", "layer": "place_of_worship", "role": "community_cooling", "name": "Kashi Vishwanath Mandir", "beds": null, "source": "OpenStreetMap" }, "geometry": { "type": "Point", "coordinates": [ 72.6151749, 22.9947016 ] } },
{ "type": "Feature", "properties": { "osm_id": "way/334471474", "layer": "place_of_worship", "role": "community_cooling", "name": "Swaminarayan Mandir", "beds": null, "source": "OpenStreetMap" }, "geometry": { "type": "Point", "coordinates": [ 72.5337856, 23.045063 ] } },
{ "type": "Feature", "properties": { "osm_id": "way/334471856", "layer": "place_of_worship", "role": "community_cooling", "name": "Manav Mandir", "beds": null, "source": "OpenStreetMap" }, "geometry": { "type": "Point", "coordinates": [ 72.5396723, 23.0462242 ] } },
{ "type": "Feature", "properties": { "osm_id": "way/366427898", "layer": "place_of_worship", "role": "community_cooling", "name": "Gurudwara Gobinddham", "beds": null, "source": "OpenStreetMap" }, "geometry": { "type": "Point", "coordinates": [ 72.5154043, 23.0468672 ] } },
{ "type": "Feature", "properties": { "osm_id": "way/366466085", "layer": "place_of_worship", "role": "community_cooling", "name": "Mansi BAPS Swaminarayan Temple", "beds": null, "source": "OpenStreetMap" }, "geometry": { "type": "Point", "coordinates": [ 72.5253563, 23.0328203 ] } },
{ "type": "Feature", "properties": { "osm_id": "way/366616701", "layer": "place_of_worship", "role": "community_cooling", "name": "Iskcon Temple", "beds": null, "source": "OpenStreetMap" }, "geometry": { "type": "Point", "coordinates": [ 72.5068576, 23.0283666 ] } },
{ "type": "Feature", "properties": { "osm_id": "way/366773828", "layer": "place_of_worship", "role": "community_cooling", "name": "Shree Vishweshwar Mahadev Temple", "beds": null, "source": "OpenStreetMap" }, "geometry": { "type": "Point", "coordinates": [ 72.5279543, 23.02913 ] } },
{ "type": "Feature", "properties": { "osm_id": "way/367215542", "layer": "place_of_worship", "role": "community_cooling", "name": "BAPS Swaminarayan Temple, Bopal", "beds": null, "source": "OpenStreetMap" }, "geometry": { "type": "Point", "coordinates": [ 72.477744, 23.0338887 ] } },
{ "type": "Feature", "properties": { "osm_id": "way/367941383", "layer": "place_of_worship", "role": "community_cooling", "name": "Bileshwar Mahadev", "beds": null, "source": "OpenStreetMap" }, "geometry": { "type": "Point", "coordinates": [ 72.5281705, 23.0162537 ] } },
{ "type": "Feature", "properties": { "osm_id": "way/368448164", "layer": "place_of_worship", "role": "community_cooling", "name": "Shree Bhagwat Vidhyapith", "beds": null, "source": "OpenStreetMap" }, "geometry": { "type": "Point", "coordinates": [ 72.5222521, 23.0892423 ] } },
{ "type": "Feature", "properties": { "osm_id": "way/368569027", "layer": "place_of_worship", "role": "community_cooling", "name": "Vaijanath Mahadev Mandir", "beds": null, "source": "OpenStreetMap" }, "geometry": { "type": "Point", "coordinates": [ 72.5136841, 23.0021166 ] } },
{ "type": "Feature", "properties": { "osm_id": "way/368608344", "layer": "place_of_worship", "role": "community_cooling", "name": "TIRUPATI TEMPLE", "beds": null, "source": "OpenStreetMap" }, "geometry": { "type": "Point", "coordinates": [ 72.5383676, 23.127553 ] } },
{ "type": "Feature", "properties": { "osm_id": "way/378472724", "layer": "place_of_worship", "role": "community_cooling", "name": "Parasnagar Jain Derasar", "beds": null, "source": "OpenStreetMap" }, "geometry": { "type": "Point", "coordinates": [ 72.5442891, 23.0540776 ] } },
{ "type": "Feature", "properties": { "osm_id": "way/425878390", "layer": "place_of_worship", "role": "community_cooling", "name": "BAPS sanskardham", "beds": null, "source": "OpenStreetMap" }, "geometry": { "type": "Point", "coordinates": [ 72.5604855, 23.0797554 ] } },
{ "type": "Feature", "properties": { "osm_id": "way/451821946", "layer": "place_of_worship", "role": "community_cooling", "name": "Koteshwar Mahadev Temple / Mandir", "beds": null, "source": "OpenStreetMap" }, "geometry": { "type": "Point", "coordinates": [ 72.6119015, 23.0945536 ] } },
{ "type": "Feature", "properties": { "osm_id": "way/462035356", "layer": "place_of_worship", "role": "community_cooling", "name": "Kashi-Vishvanath Temple", "beds": null, "source": "OpenStreetMap" }, "geometry": { "type": "Point", "coordinates": [ 72.5656762, 23.0827193 ] } },
{ "type": "Feature", "properties": { "osm_id": "way/462300881", "layer": "place_of_worship", "role": "community_cooling", "name": "Swaminarayan- BAPS Temple", "beds": null, "source": "OpenStreetMap" }, "geometry": { "type": "Point", "coordinates": [ 72.566533, 23.0811383 ] } },
{ "type": "Feature", "properties": { "osm_id": "way/462302156", "layer": "place_of_worship", "role": "community_cooling", "name": "Temple", "beds": null, "source": "OpenStreetMap" }, "geometry": { "type": "Point", "coordinates": [ 72.5670261, 23.08007 ] } },
{ "type": "Feature", "properties": { "osm_id": "way/472449240", "layer": "place_of_worship", "role": "community_cooling", "name": null, "beds": null, "source": "OpenStreetMap" }, "geometry": { "type": "Point", "coordinates": [ 72.5489853, 23.003926 ] } },
{ "type": "Feature", "properties": { "osm_id": "way/493967188", "layer": "place_of_worship", "role": "community_cooling", "name": "Samartheshwar Mahadev Temple", "beds": null, "source": "OpenStreetMap" }, "geometry": { "type": "Point", "coordinates": [ 72.5598023, 23.0282329 ] } },
{ "type": "Feature", "properties": { "osm_id": "way/499625055", "layer": "place_of_worship", "role": "community_cooling", "name": "Sarkhej Roza", "beds": null, "source": "OpenStreetMap" }, "geometry": { "type": "Point", "coordinates": [ 72.5053904, 22.9934153 ] } },
{ "type": "Feature", "properties": { "osm_id": "way/499625056", "layer": "place_of_worship", "role": "community_cooling", "name": null, "beds": null, "source": "OpenStreetMap" }, "geometry": { "type": "Point", "coordinates": [ 72.5032374, 22.9880752 ] } },
{ "type": "Feature", "properties": { "osm_id": "way/499625057", "layer": "place_of_worship", "role": "community_cooling", "name": null, "beds": null, "source": "OpenStreetMap" }, "geometry": { "type": "Point", "coordinates": [ 72.5072272, 22.9834284 ] } },
{ "type": "Feature", "properties": { "osm_id": "way/529227105", "layer": "place_of_worship", "role": "community_cooling", "name": "Ganpati Mandir", "beds": null, "source": "OpenStreetMap" }, "geometry": { "type": "Point", "coordinates": [ 72.5301619, 23.0376317 ] } },
{ "type": "Feature", "properties": { "osm_id": "way/547617476", "layer": "place_of_worship", "role": "community_cooling", "name": "Shiv Mandir", "beds": null, "source": "OpenStreetMap" }, "geometry": { "type": "Point", "coordinates": [ 72.6516971, 23.1193168 ] } },
{ "type": "Feature", "properties": { "osm_id": "way/547617477", "layer": "place_of_worship", "role": "community_cooling", "name": null, "beds": null, "source": "OpenStreetMap" }, "geometry": { "type": "Point", "coordinates": [ 72.651572, 23.1191969 ] } },
{ "type": "Feature", "properties": { "osm_id": "way/584631614", "layer": "place_of_worship", "role": "community_cooling", "name": null, "beds": null, "source": "OpenStreetMap" }, "geometry": { "type": "Point", "coordinates": [ 72.617357, 22.9919574 ] } },
{ "type": "Feature", "properties": { "osm_id": "way/584631616", "layer": "place_of_worship", "role": "community_cooling", "name": null, "beds": null, "source": "OpenStreetMap" }, "geometry": { "type": "Point", "coordinates": [ 72.6171545, 22.9918741 ] } },
{ "type": "Feature", "properties": { "osm_id": "way/584631617", "layer": "place_of_worship", "role": "community_cooling", "name": null, "beds": null, "source": "OpenStreetMap" }, "geometry": { "type": "Point", "coordinates": [ 72.6166139, 22.9923829 ] } },
{ "type": "Feature", "properties": { "osm_id": "way/587524842", "layer": "place_of_worship", "role": "community_cooling", "name": null, "beds": null, "source": "OpenStreetMap" }, "geometry": { "type": "Point", "coordinates": [ 72.5354213, 23.064029 ] } },
{ "type": "Feature", "properties": { "osm_id": "way/605637928", "layer": "place_of_worship", "role": "community_cooling", "name": "Baba Lului's Mosque", "beds": null, "source": "OpenStreetMap" }, "geometry": { "type": "Point", "coordinates": [ 72.5757865, 23.0088443 ] } },
{ "type": "Feature", "properties": { "osm_id": "way/754019041", "layer": "place_of_worship", "role": "community_cooling", "name": "Radhavallabh Mandir", "beds": null, "source": "OpenStreetMap" }, "geometry": { "type": "Point", "coordinates": [ 72.6066222, 22.9953739 ] } },
{ "type": "Feature", "properties": { "osm_id": "way/758933549", "layer": "place_of_worship", "role": "community_cooling", "name": "Bibi Achut Kuki masjid", "beds": null, "source": "OpenStreetMap" }, "geometry": { "type": "Point", "coordinates": [ 72.5813526, 23.0477365 ] } },
{ "type": "Feature", "properties": { "osm_id": "way/758933550", "layer": "place_of_worship", "role": "community_cooling", "name": "Darya Khan tomb", "beds": null, "source": "OpenStreetMap" }, "geometry": { "type": "Point", "coordinates": [ 72.5866876, 23.0526177 ] } },
{ "type": "Feature", "properties": { "osm_id": "way/758933556", "layer": "place_of_worship", "role": "community_cooling", "name": "Khan Chishti masijd", "beds": null, "source": "OpenStreetMap" }, "geometry": { "type": "Point", "coordinates": [ 72.5881446, 23.0601506 ] } },
{ "type": "Feature", "properties": { "osm_id": "way/759119347", "layer": "place_of_worship", "role": "community_cooling", "name": "Khan Jahan masijd", "beds": null, "source": "OpenStreetMap" }, "geometry": { "type": "Point", "coordinates": [ 72.5780188, 23.012772 ] } },
{ "type": "Feature", "properties": { "osm_id": "way/759119359", "layer": "place_of_worship", "role": "community_cooling", "name": "Hebat Khan ki masijd", "beds": null, "source": "OpenStreetMap" }, "geometry": { "type": "Point", "coordinates": [ 72.5822961, 23.0126498 ] } },
{ "type": "Feature", "properties": { "osm_id": "way/759134763", "layer": "place_of_worship", "role": "community_cooling", "name": "Tomb of Sardar Khan", "beds": null, "source": "OpenStreetMap" }, "geometry": { "type": "Point", "coordinates": [ 72.5842146, 23.0154865 ] } },
{ "type": "Feature", "properties": { "osm_id": "way/759148036", "layer": "place_of_worship", "role": "community_cooling", "name": "Fateh masjid", "beds": null, "source": "OpenStreetMap" }, "geometry": { "type": "Point", "coordinates": [ 72.590829, 23.0368713 ] } },
{ "type": "Feature", "properties": { "osm_id": "way/759148045", "layer": "place_of_worship", "role": "community_cooling", "name": "Sultan Qutbuddin masijd", "beds": null, "source": "OpenStreetMap" }, "geometry": { "type": "Point", "coordinates": [ 72.5871291, 23.0354684 ] } },
{ "type": "Feature", "properties": { "osm_id": "way/759148046", "layer": "place_of_worship", "role": "community_cooling", "name": "Christ church", "beds": null, "source": "OpenStreetMap" }, "geometry": { "type": "Point", "coordinates": [ 72.5863865, 23.0339341 ] } },
{ "type": "Feature", "properties": { "osm_id": "way/759353278", "layer": "place_of_worship", "role": "community_cooling", "name": "Sakar Khan masijd", "beds": null, "source": "OpenStreetMap" }, "geometry": { "type": "Point", "coordinates": [ 72.5952104, 23.0304706 ] } },
{ "type": "Feature", "properties": { "osm_id": "way/759360758", "layer": "place_of_worship", "role": "community_cooling", "name": "Sambharnath temple", "beds": null, "source": "OpenStreetMap" }, "geometry": { "type": "Point", "coordinates": [ 72.5949541, 23.0247726 ] } },
{ "type": "Feature", "properties": { "osm_id": "way/794910703", "layer": "place_of_worship", "role": "community_cooling", "name": null, "beds": null, "source": "OpenStreetMap" }, "geometry": { "type": "Point", "coordinates": [ 72.5547868, 22.9815126 ] } },
{ "type": "Feature", "properties": { "osm_id": "way/843168324", "layer": "place_of_worship", "role": "community_cooling", "name": "St Mary's Orthodox Cathedral", "beds": null, "source": "OpenStreetMap" }, "geometry": { "type": "Point", "coordinates": [ 72.5862758, 23.0066074 ] } },
{ "type": "Feature", "properties": { "osm_id": "way/843168325", "layer": "place_of_worship", "role": "community_cooling", "name": "St. Mary's Cathedral", "beds": null, "source": "OpenStreetMap" }, "geometry": { "type": "Point", "coordinates": [ 72.5863489, 23.0067448 ] } },
{ "type": "Feature", "properties": { "osm_id": "way/843168341", "layer": "place_of_worship", "role": "community_cooling", "name": "CNI Church Behrampura", "beds": null, "source": "OpenStreetMap" }, "geometry": { "type": "Point", "coordinates": [ 72.5856658, 23.0077461 ] } },
{ "type": "Feature", "properties": { "osm_id": "way/911327482", "layer": "place_of_worship", "role": "community_cooling", "name": "Vallabheswar mahadev mandir", "beds": null, "source": "OpenStreetMap" }, "geometry": { "type": "Point", "coordinates": [ 72.6073318, 22.9621323 ] } },
{ "type": "Feature", "properties": { "osm_id": "way/957848347", "layer": "place_of_worship", "role": "community_cooling", "name": "Umiya Mata Nu Mandir", "beds": null, "source": "OpenStreetMap" }, "geometry": { "type": "Point", "coordinates": [ 72.4770873, 23.0543001 ] } },
{ "type": "Feature", "properties": { "osm_id": "way/1008895293", "layer": "place_of_worship", "role": "community_cooling", "name": "BAPS Swaminarayan Temple Paldi", "beds": null, "source": "OpenStreetMap" }, "geometry": { "type": "Point", "coordinates": [ 72.5576491, 23.0028846 ] } },
{ "type": "Feature", "properties": { "osm_id": "way/1009015719", "layer": "place_of_worship", "role": "community_cooling", "name": "Derasar", "beds": null, "source": "OpenStreetMap" }, "geometry": { "type": "Point", "coordinates": [ 72.5513057, 23.0211912 ] } },
{ "type": "Feature", "properties": { "osm_id": "way/1027296561", "layer": "place_of_worship", "role": "community_cooling", "name": null, "beds": null, "source": "OpenStreetMap" }, "geometry": { "type": "Point", "coordinates": [ 72.4488673, 23.0322911 ] } },
{ "type": "Feature", "properties": { "osm_id": "way/1033606003", "layer": "place_of_worship", "role": "community_cooling", "name": "Shree Jalarambapa Mandir", "beds": null, "source": "OpenStreetMap" }, "geometry": { "type": "Point", "coordinates": [ 72.5219271, 23.0885134 ] } },
{ "type": "Feature", "properties": { "osm_id": "way/1033606004", "layer": "place_of_worship", "role": "community_cooling", "name": "Shree Rang Avadhut Mandir", "beds": null, "source": "OpenStreetMap" }, "geometry": { "type": "Point", "coordinates": [ 72.521687, 23.0887047 ] } },
{ "type": "Feature", "properties": { "osm_id": "way/1072528782", "layer": "place_of_worship", "role": "community_cooling", "name": "SMVS Swaminarayan Mandir", "beds": null, "source": "OpenStreetMap" }, "geometry": { "type": "Point", "coordinates": [ 72.5449833, 23.0944679 ] } },
{ "type": "Feature", "properties": { "osm_id": "way/1180000554", "layer": "place_of_worship", "role": "community_cooling", "name": null, "beds": null, "source": "OpenStreetMap" }, "geometry": { "type": "Point", "coordinates": [ 72.5780394, 23.1062757 ] } },
{ "type": "Feature", "properties": { "osm_id": "way/1180002706", "layer": "place_of_worship", "role": "community_cooling", "name": "Shree Sai Baba Mandir", "beds": null, "source": "OpenStreetMap" }, "geometry": { "type": "Point", "coordinates": [ 72.5760004, 23.1073139 ] } },
{ "type": "Feature", "properties": { "osm_id": "way/1199739135", "layer": "place_of_worship", "role": "community_cooling", "name": "Dharnidhar Derasar", "beds": null, "source": "OpenStreetMap" }, "geometry": { "type": "Point", "coordinates": [ 72.5486166, 23.0083986 ] } },
{ "type": "Feature", "properties": { "osm_id": "way/1200946288", "layer": "place_of_worship", "role": "community_cooling", "name": "Achaleshwar Mahadev", "beds": null, "source": "OpenStreetMap" }, "geometry": { "type": "Point", "coordinates": [ 72.5634902, 23.0800368 ] } },
{ "type": "Feature", "properties": { "osm_id": "way/1201840543", "layer": "place_of_worship", "role": "community_cooling", "name": "વીજળીયા હનુમાન મંદિર", "beds": null, "source": "OpenStreetMap" }, "geometry": { "type": "Point", "coordinates": [ 72.5414404, 23.1219854 ] } },
{ "type": "Feature", "properties": { "osm_id": "way/1239619352", "layer": "place_of_worship", "role": "community_cooling", "name": null, "beds": null, "source": "OpenStreetMap" }, "geometry": { "type": "Point", "coordinates": [ 72.5213815, 23.0273102 ] } },
{ "type": "Feature", "properties": { "osm_id": "way/1275046997", "layer": "place_of_worship", "role": "community_cooling", "name": "Shantinath Mahadev", "beds": null, "source": "OpenStreetMap" }, "geometry": { "type": "Point", "coordinates": [ 72.5499425, 23.1388161 ] } },
{ "type": "Feature", "properties": { "osm_id": "way/1303259920", "layer": "place_of_worship", "role": "community_cooling", "name": "Hare Krishna Mandir, Bhadaj", "beds": null, "source": "OpenStreetMap" }, "geometry": { "type": "Point", "coordinates": [ 72.4573247, 23.0984305 ] } },
{ "type": "Feature", "properties": { "osm_id": "way/1347937117", "layer": "place_of_worship", "role": "community_cooling", "name": "Ganpati Temple", "beds": null, "source": "OpenStreetMap" }, "geometry": { "type": "Point", "coordinates": [ 72.6166833, 23.0583055 ] } },
{ "type": "Feature", "properties": { "osm_id": "way/1347944521", "layer": "place_of_worship", "role": "community_cooling", "name": "Khodiyar Maa Temple", "beds": null, "source": "OpenStreetMap" }, "geometry": { "type": "Point", "coordinates": [ 72.6031937, 23.0515217 ] } },
{ "type": "Feature", "properties": { "osm_id": "way/1347955764", "layer": "place_of_worship", "role": "community_cooling", "name": "Sankat Mochan Hanuman Temple", "beds": null, "source": "OpenStreetMap" }, "geometry": { "type": "Point", "coordinates": [ 72.590425, 23.0545578 ] } },
{ "type": "Feature", "properties": { "osm_id": "way/1349011714", "layer": "place_of_worship", "role": "community_cooling", "name": "Neelkanth Mahadeva Temple", "beds": null, "source": "OpenStreetMap" }, "geometry": { "type": "Point", "coordinates": [ 72.6052141, 23.0451103 ] } },
{ "type": "Feature", "properties": { "osm_id": "way/1394992786", "layer": "place_of_worship", "role": "community_cooling", "name": null, "beds": null, "source": "OpenStreetMap" }, "geometry": { "type": "Point", "coordinates": [ 72.6138513, 23.0569804 ] } },
{ "type": "Feature", "properties": { "osm_id": "way/1395010757", "layer": "place_of_worship", "role": "community_cooling", "name": null, "beds": null, "source": "OpenStreetMap" }, "geometry": { "type": "Point", "coordinates": [ 72.6201382, 23.0586448 ] } },
{ "type": "Feature", "properties": { "osm_id": "way/1395010766", "layer": "place_of_worship", "role": "community_cooling", "name": null, "beds": null, "source": "OpenStreetMap" }, "geometry": { "type": "Point", "coordinates": [ 72.6146561, 23.0536657 ] } },
{ "type": "Feature", "properties": { "osm_id": "way/1395103521", "layer": "place_of_worship", "role": "community_cooling", "name": null, "beds": null, "source": "OpenStreetMap" }, "geometry": { "type": "Point", "coordinates": [ 72.6168126, 23.0592071 ] } },
{ "type": "Feature", "properties": { "osm_id": "way/1451639413", "layer": "place_of_worship", "role": "community_cooling", "name": "સધી માં મંદિર", "beds": null, "source": "OpenStreetMap" }, "geometry": { "type": "Point", "coordinates": [ 72.553933, 23.129449 ] } },
{ "type": "Feature", "properties": { "osm_id": "way/1482236543", "layer": "place_of_worship", "role": "community_cooling", "name": "Vaishnodevi Mandir", "beds": null, "source": "OpenStreetMap" }, "geometry": { "type": "Point", "coordinates": [ 72.5437785, 23.1376745 ] } },
{ "type": "Feature", "properties": { "osm_id": "way/1553566183", "layer": "place_of_worship", "role": "community_cooling", "name": "Shree Naklang Hanuman / Shree Naklang Mahadev", "beds": null, "source": "OpenStreetMap" }, "geometry": { "type": "Point", "coordinates": [ 72.4732561, 23.0136158 ] } },
{ "type": "Feature", "properties": { "osm_id": "way/1558259835", "layer": "place_of_worship", "role": "community_cooling", "name": "Shree Siddh Vijay Hanumanji Mandir", "beds": null, "source": "OpenStreetMap" }, "geometry": { "type": "Point", "coordinates": [ 72.4469153, 23.0156823 ] } },
{ "type": "Feature", "properties": { "osm_id": "relation/6807852", "layer": "place_of_worship", "role": "community_cooling", "name": "Dastur Kahn's Mosque", "beds": null, "source": "OpenStreetMap" }, "geometry": { "type": "Point", "coordinates": [ 72.5892337, 23.0178595 ] } },
{ "type": "Feature", "properties": { "osm_id": "relation/6807853", "layer": "place_of_worship", "role": "community_cooling", "name": "Jama Masjid", "beds": null, "source": "OpenStreetMap" }, "geometry": { "type": "Point", "coordinates": [ 72.586952, 23.0238304 ] } },
{ "type": "Feature", "properties": { "osm_id": "relation/6807855", "layer": "place_of_worship", "role": "community_cooling", "name": "Shree Swaminarayan Mandir Kalupur", "beds": null, "source": "OpenStreetMap" }, "geometry": { "type": "Point", "coordinates": [ 72.5912618, 23.0299757 ] } },
{ "type": "Feature", "properties": { "osm_id": null, "layer": "ward_office", "role": "cooling_point", "name": "New Muster Office Danilimda", "beds": null, "source": "AMC via DataMeet" }, "geometry": { "type": "Point", "coordinates": [ 72.5844166, 22.9924866 ] } },
{ "type": "Feature", "properties": { "osm_id": null, "layer": "ward_office", "role": "cooling_point", "name": "Naroda Road , SubZonal Office", "beds": null, "source": "AMC via DataMeet" }, "geometry": { "type": "Point", "coordinates": [ 72.6062386, 23.0362944 ] } },
{ "type": "Feature", "properties": { "osm_id": null, "layer": "ward_office", "role": "cooling_point", "name": "Nikol New Office", "beds": null, "source": "AMC via DataMeet" }, "geometry": { "type": "Point", "coordinates": [ 72.669367500000021, 23.0533839 ] } },
{ "type": "Feature", "properties": { "osm_id": null, "layer": "ward_office", "role": "cooling_point", "name": "Ramol-Subzone Muster Office", "beds": null, "source": "AMC via DataMeet" }, "geometry": { "type": "Point", "coordinates": [ 72.656402, 22.9785507 ] } },
{ "type": "Feature", "properties": { "osm_id": null, "layer": "ward_office", "role": "cooling_point", "name": "Shahibaug Ward Office", "beds": null, "source": "AMC via DataMeet" }, "geometry": { "type": "Point", "coordinates": [ 72.599129, 23.051791 ] } },
{ "type": "Feature", "properties": { "osm_id": null, "layer": "ward_office", "role": "cooling_point", "name": "Lambha Ward Office", "beds": null, "source": "AMC via DataMeet" }, "geometry": { "type": "Point", "coordinates": [ 72.591557, 22.961994 ] } },
{ "type": "Feature", "properties": { "osm_id": null, "layer": "ward_office", "role": "cooling_point", "name": "Thakkarbapa Nagar Ward Office", "beds": null, "source": "AMC via DataMeet" }, "geometry": { "type": "Point", "coordinates": [ 72.643415, 23.047155 ] } },
{ "type": "Feature", "properties": { "osm_id": null, "layer": "ward_office", "role": "cooling_point", "name": "Khadia Sub Zonal Office", "beds": null, "source": "AMC via DataMeet" }, "geometry": { "type": "Point", "coordinates": [ 72.597174, 23.024967 ] } },
{ "type": "Feature", "properties": { "osm_id": null, "layer": "ward_office", "role": "cooling_point", "name": "Navrangpura Ward Office", "beds": null, "source": "AMC via DataMeet" }, "geometry": { "type": "Point", "coordinates": [ 72.563001, 23.036283 ] } },
{ "type": "Feature", "properties": { "osm_id": null, "layer": "ward_office", "role": "cooling_point", "name": "Raikhad Ward Office", "beds": null, "source": "AMC via DataMeet" }, "geometry": { "type": "Point", "coordinates": [ 72.5802711, 23.0192512 ] } },
{ "type": "Feature", "properties": { "osm_id": null, "layer": "ward_office", "role": "cooling_point", "name": "Krushnanagar Ward office", "beds": null, "source": "AMC via DataMeet" }, "geometry": { "type": "Point", "coordinates": [ 72.639046199999939, 23.0607525 ] } },
{ "type": "Feature", "properties": { "osm_id": null, "layer": "ward_office", "role": "cooling_point", "name": "Saijpur Ward Office", "beds": null, "source": "AMC via DataMeet" }, "geometry": { "type": "Point", "coordinates": [ 72.627866, 23.0617152 ] } },
{ "type": "Feature", "properties": { "osm_id": null, "layer": "ward_office", "role": "cooling_point", "name": "Vasna Ward Office", "beds": null, "source": "AMC via DataMeet" }, "geometry": { "type": "Point", "coordinates": [ 72.550185, 23.000582 ] } },
{ "type": "Feature", "properties": { "osm_id": null, "layer": "ward_office", "role": "cooling_point", "name": "Paldi Ward Office", "beds": null, "source": "AMC via DataMeet" }, "geometry": { "type": "Point", "coordinates": [ 72.561897, 23.0142474 ] } },
{ "type": "Feature", "properties": { "osm_id": null, "layer": "ward_office", "role": "cooling_point", "name": "Maktampura Ward Office", "beds": null, "source": "AMC via DataMeet" }, "geometry": { "type": "Point", "coordinates": [ 72.532978800000024, 22.994938 ] } },
{ "type": "Feature", "properties": { "osm_id": null, "layer": "ward_office", "role": "cooling_point", "name": "Bhaipura Ward Office", "beds": null, "source": "AMC via DataMeet" }, "geometry": { "type": "Point", "coordinates": [ 72.6251, 22.992365 ] } },
{ "type": "Feature", "properties": { "osm_id": null, "layer": "ward_office", "role": "cooling_point", "name": "Maninagar Master office", "beds": null, "source": "AMC via DataMeet" }, "geometry": { "type": "Point", "coordinates": [ 72.61031, 22.999099 ] } },
{ "type": "Feature", "properties": { "osm_id": null, "layer": "ward_office", "role": "cooling_point", "name": "Thaltej Ward Office", "beds": null, "source": "AMC via DataMeet" }, "geometry": { "type": "Point", "coordinates": [ 72.512842, 23.050203 ] } },
{ "type": "Feature", "properties": { "osm_id": null, "layer": "ward_office", "role": "cooling_point", "name": "Khohra Sub Zone Office", "beds": null, "source": "AMC via DataMeet" }, "geometry": { "type": "Point", "coordinates": [ 72.617917799999987, 22.9987844 ] } },
{ "type": "Feature", "properties": { "osm_id": null, "layer": "ward_office", "role": "cooling_point", "name": "Ghtalodiya Ward Office", "beds": null, "source": "AMC via DataMeet" }, "geometry": { "type": "Point", "coordinates": [ 72.542427500000031, 23.0714785 ] } },
{ "type": "Feature", "properties": { "osm_id": null, "layer": "ward_office", "role": "cooling_point", "name": "Ranip Ward Office", "beds": null, "source": "AMC via DataMeet" }, "geometry": { "type": "Point", "coordinates": [ 72.574228, 23.079909 ] } },
{ "type": "Feature", "properties": { "osm_id": null, "layer": "ward_office", "role": "cooling_point", "name": "Gota Ward Office", "beds": null, "source": "AMC via DataMeet" }, "geometry": { "type": "Point", "coordinates": [ 72.537268, 23.098718 ] } },
{ "type": "Feature", "properties": { "osm_id": null, "layer": "ward_office", "role": "cooling_point", "name": "Bodakdev Ward Office", "beds": null, "source": "AMC via DataMeet" }, "geometry": { "type": "Point", "coordinates": [ 72.539243, 23.048554 ] } },
{ "type": "Feature", "properties": { "osm_id": null, "layer": "ward_office", "role": "cooling_point", "name": "Sarkhej Ward Office", "beds": null, "source": "AMC via DataMeet" }, "geometry": { "type": "Point", "coordinates": [ 72.502141, 22.980873 ] } },
{ "type": "Feature", "properties": { "osm_id": null, "layer": "ward_office", "role": "cooling_point", "name": "Vejalpur Ward Office", "beds": null, "source": "AMC via DataMeet" }, "geometry": { "type": "Point", "coordinates": [ 72.523261600000069, 23.0039624 ] } },
{ "type": "Feature", "properties": { "osm_id": null, "layer": "ward_office", "role": "cooling_point", "name": "Jodhpur Ward Office", "beds": null, "source": "AMC via DataMeet" }, "geometry": { "type": "Point", "coordinates": [ 72.520452, 23.016724 ] } },
{ "type": "Feature", "properties": { "osm_id": null, "layer": "ward_office", "role": "cooling_point", "name": "Stadium Ward Office", "beds": null, "source": "AMC via DataMeet" }, "geometry": { "type": "Point", "coordinates": [ 72.564316, 23.049202 ] } },
{ "type": "Feature", "properties": { "osm_id": null, "layer": "ward_office", "role": "cooling_point", "name": "New Wadaj Ward Office", "beds": null, "source": "AMC via DataMeet" }, "geometry": { "type": "Point", "coordinates": [ 72.565108, 23.062522 ] } },
{ "type": "Feature", "properties": { "osm_id": null, "layer": "ward_office", "role": "cooling_point", "name": "Sabarmati Ward Office", "beds": null, "source": "AMC via DataMeet" }, "geometry": { "type": "Point", "coordinates": [ 72.59247419999997, 23.0742044 ] } },
{ "type": "Feature", "properties": { "osm_id": null, "layer": "ward_office", "role": "cooling_point", "name": "Chandkheda Ward Office", "beds": null, "source": "AMC via DataMeet" }, "geometry": { "type": "Point", "coordinates": [ 72.592656, 23.108351 ] } },
{ "type": "Feature", "properties": { "osm_id": null, "layer": "ward_office", "role": "cooling_point", "name": "Dariyapur Ward Office", "beds": null, "source": "AMC via DataMeet" }, "geometry": { "type": "Point", "coordinates": [ 72.590908, 23.036437 ] } },
{ "type": "Feature", "properties": { "osm_id": null, "layer": "ward_office", "role": "cooling_point", "name": "Sardarnagar Ward Office", "beds": null, "source": "AMC via DataMeet" }, "geometry": { "type": "Point", "coordinates": [ 72.632171, 23.08149 ] } },
{ "type": "Feature", "properties": { "osm_id": null, "layer": "ward_office", "role": "cooling_point", "name": "Isanpur Ward Office", "beds": null, "source": "AMC via DataMeet" }, "geometry": { "type": "Point", "coordinates": [ 72.602344, 22.9806956 ] } },
{ "type": "Feature", "properties": { "osm_id": null, "layer": "ward_office", "role": "cooling_point", "name": "Indrapuri Ward Office", "beds": null, "source": "AMC via DataMeet" }, "geometry": { "type": "Point", "coordinates": [ 72.630652, 22.989127 ] } },
{ "type": "Feature", "properties": { "osm_id": null, "layer": "ward_office", "role": "cooling_point", "name": "Vatva Ward Office", "beds": null, "source": "AMC via DataMeet" }, "geometry": { "type": "Point", "coordinates": [ 72.617033, 22.952902 ] } },
{ "type": "Feature", "properties": { "osm_id": null, "layer": "ward_office", "role": "cooling_point", "name": "Behrampura Ward Office", "beds": null, "source": "AMC via DataMeet" }, "geometry": { "type": "Point", "coordinates": [ 72.574079, 22.997042 ] } },
{ "type": "Feature", "properties": { "osm_id": null, "layer": "ward_office", "role": "cooling_point", "name": "Rajpur Ward Office", "beds": null, "source": "AMC via DataMeet" }, "geometry": { "type": "Point", "coordinates": [ 72.624324, 23.017831 ] } },
{ "type": "Feature", "properties": { "osm_id": null, "layer": "ward_office", "role": "cooling_point", "name": "Amraivadi Ward Office", "beds": null, "source": "AMC via DataMeet" }, "geometry": { "type": "Point", "coordinates": [ 72.628711, 23.008722 ] } },
{ "type": "Feature", "properties": { "osm_id": null, "layer": "ward_office", "role": "cooling_point", "name": "Bapunagar Ward Office", "beds": null, "source": "AMC via DataMeet" }, "geometry": { "type": "Point", "coordinates": [ 72.635723, 23.025917 ] } },
{ "type": "Feature", "properties": { "osm_id": null, "layer": "ward_office", "role": "cooling_point", "name": "Vastral Ward Office", "beds": null, "source": "AMC via DataMeet" }, "geometry": { "type": "Point", "coordinates": [ 72.64621139999997, 23.0002077 ] } },
{ "type": "Feature", "properties": { "osm_id": null, "layer": "ward_office", "role": "cooling_point", "name": "Odhav Ward Office", "beds": null, "source": "AMC via DataMeet" }, "geometry": { "type": "Point", "coordinates": [ 72.650008500000013, 23.0240978 ] } },
{ "type": "Feature", "properties": { "osm_id": null, "layer": "ward_office", "role": "cooling_point", "name": "Naroda Ward Office", "beds": null, "source": "AMC via DataMeet" }, "geometry": { "type": "Point", "coordinates": [ 72.655845, 23.074913 ] } },
{ "type": "Feature", "properties": { "osm_id": null, "layer": "ward_office", "role": "cooling_point", "name": "Asarva Ward Office", "beds": null, "source": "AMC via DataMeet" }, "geometry": { "type": "Point", "coordinates": [ 72.601811, 23.0414554 ] } },
{ "type": "Feature", "properties": { "osm_id": null, "layer": "ward_office", "role": "cooling_point", "name": "SARASPUR Ward Office", "beds": null, "source": "AMC via DataMeet" }, "geometry": { "type": "Point", "coordinates": [ 72.611924, 23.029737 ] } },
{ "type": "Feature", "properties": { "osm_id": null, "layer": "ward_office", "role": "cooling_point", "name": "NARANPURA Ward Office", "beds": null, "source": "AMC via DataMeet" }, "geometry": { "type": "Point", "coordinates": [ 72.556409, 23.057469 ] } },
{ "type": "Feature", "properties": { "osm_id": null, "layer": "ward_office", "role": "cooling_point", "name": "Shahpur Ward office", "beds": null, "source": "AMC via DataMeet" }, "geometry": { "type": "Point", "coordinates": [ 72.583484, 23.051609 ] } },
{ "type": "Feature", "properties": { "osm_id": null, "layer": "ward_office", "role": "cooling_point", "name": "CHANDLODIA Ward Office", "beds": null, "source": "AMC via DataMeet" }, "geometry": { "type": "Point", "coordinates": [ 72.551097, 23.080566 ] } },
{ "type": "Feature", "properties": { "osm_id": null, "layer": "library", "role": "cooling_point", "name": "Chandrakant Baxi Library", "beds": null, "source": "AMC via DataMeet" }, "geometry": { "type": "Point", "coordinates": [ 72.566632, 23.06356 ] } },
{ "type": "Feature", "properties": { "osm_id": null, "layer": "library", "role": "cooling_point", "name": "Kavi ramanlal vasantlal Desai,Nikol", "beds": null, "source": "AMC via DataMeet" }, "geometry": { "type": "Point", "coordinates": [ 72.643914, 23.02553 ] } },
{ "type": "Feature", "properties": { "osm_id": null, "layer": "library", "role": "cooling_point", "name": "V.N.Shah Library,Rakhiyal", "beds": null, "source": "AMC via DataMeet" }, "geometry": { "type": "Point", "coordinates": [ 72.623712, 23.021774 ] } },
{ "type": "Feature", "properties": { "osm_id": null, "layer": "library", "role": "cooling_point", "name": "B.N.Library,Raipur", "beds": null, "source": "AMC via DataMeet" }, "geometry": { "type": "Point", "coordinates": [ 72.594867, 23.021184 ] } },
{ "type": "Feature", "properties": { "osm_id": null, "layer": "library", "role": "cooling_point", "name": "Dr.Shyama Prashad Mukharji", "beds": null, "source": "AMC via DataMeet" }, "geometry": { "type": "Point", "coordinates": [ 72.531455, 23.011051 ] } },
{ "type": "Feature", "properties": { "osm_id": null, "layer": "library", "role": "cooling_point", "name": "GorvardhanrAM Tripathi Muni Library", "beds": null, "source": "AMC via DataMeet" }, "geometry": { "type": "Point", "coordinates": [ 72.602814, 22.998323 ] } },
{ "type": "Feature", "properties": { "osm_id": null, "layer": "library", "role": "cooling_point", "name": "Jayotindra Dave Muni Library", "beds": null, "source": "AMC via DataMeet" }, "geometry": { "type": "Point", "coordinates": [ 72.580155, 23.043314 ] } },
{ "type": "Feature", "properties": { "osm_id": null, "layer": "library", "role": "cooling_point", "name": "Patel.K.K.Muni Library", "beds": null, "source": "AMC via DataMeet" }, "geometry": { "type": "Point", "coordinates": [ 72.656816, 23.074475 ] } },
{ "type": "Feature", "properties": { "osm_id": null, "layer": "library", "role": "cooling_point", "name": "Swa.Lalbhai Kundivala Muni.Library", "beds": null, "source": "AMC via DataMeet" }, "geometry": { "type": "Point", "coordinates": [ 72.586658, 23.018496 ] } },
{ "type": "Feature", "properties": { "osm_id": null, "layer": "library", "role": "cooling_point", "name": "Chimanlal PurshottAMdas Gajjar Muni Library", "beds": null, "source": "AMC via DataMeet" }, "geometry": { "type": "Point", "coordinates": [ 72.581442, 23.039086 ] } },
{ "type": "Feature", "properties": { "osm_id": null, "layer": "library", "role": "cooling_point", "name": "Dr. Babasaheb Ambedkar Muni.Library", "beds": null, "source": "AMC via DataMeet" }, "geometry": { "type": "Point", "coordinates": [ 72.611697, 23.012629 ] } },
{ "type": "Feature", "properties": { "osm_id": null, "layer": "library", "role": "cooling_point", "name": "Kavi Narmad Muni.Library", "beds": null, "source": "AMC via DataMeet" }, "geometry": { "type": "Point", "coordinates": [ 72.590986, 23.04215 ] } },
{ "type": "Feature", "properties": { "osm_id": null, "layer": "library", "role": "cooling_point", "name": "Trithkar Udhyan Muni.Library", "beds": null, "source": "AMC via DataMeet" }, "geometry": { "type": "Point", "coordinates": [ 72.598604, 23.054098 ] } },
{ "type": "Feature", "properties": { "osm_id": null, "layer": "library", "role": "cooling_point", "name": "Jethabhai Garden Muni.Library", "beds": null, "source": "AMC via DataMeet" }, "geometry": { "type": "Point", "coordinates": [ 72.600938, 23.049959 ] } },
{ "type": "Feature", "properties": { "osm_id": null, "layer": "library", "role": "cooling_point", "name": "Ishawarlal Kachrabhai Parmar Muni.Library", "beds": null, "source": "AMC via DataMeet" }, "geometry": { "type": "Point", "coordinates": [ 72.625689, 23.036847 ] } },
{ "type": "Feature", "properties": { "osm_id": null, "layer": "library", "role": "cooling_point", "name": "Sakriben Chturbhai SINI.City.Muni.Library", "beds": null, "source": "AMC via DataMeet" }, "geometry": { "type": "Point", "coordinates": [ 72.598729, 23.057423 ] } },
{ "type": "Feature", "properties": { "osm_id": null, "layer": "library", "role": "cooling_point", "name": "Kavi RAManlal Vashantbhai Desai Muni.Library", "beds": null, "source": "AMC via DataMeet" }, "geometry": { "type": "Point", "coordinates": [ 72.620434, 22.975735 ] } },
{ "type": "Feature", "properties": { "osm_id": null, "layer": "library", "role": "cooling_point", "name": "Chnadrkant Bakshi Muni.Library", "beds": null, "source": "AMC via DataMeet" }, "geometry": { "type": "Point", "coordinates": [ 72.635376, 23.025995 ] } },
{ "type": "Feature", "properties": { "osm_id": null, "layer": "library", "role": "cooling_point", "name": "Kaniyalal NathurAM Bhil Muni.Library", "beds": null, "source": "AMC via DataMeet" }, "geometry": { "type": "Point", "coordinates": [ 72.57718, 23.003244 ] } },
{ "type": "Feature", "properties": { "osm_id": null, "layer": "library", "role": "cooling_point", "name": "Umashankar Joshi Muni.Library", "beds": null, "source": "AMC via DataMeet" }, "geometry": { "type": "Point", "coordinates": [ 72.660854, 23.023599 ] } },
{ "type": "Feature", "properties": { "osm_id": null, "layer": "library", "role": "cooling_point", "name": "Kaniyalal Maneklal Munshi Muni.Library", "beds": null, "source": "AMC via DataMeet" }, "geometry": { "type": "Point", "coordinates": [ 72.561231, 23.036051 ] } },
{ "type": "Feature", "properties": { "osm_id": null, "layer": "library", "role": "cooling_point", "name": "K.K.Shastri Muni.Library", "beds": null, "source": "AMC via DataMeet" }, "geometry": { "type": "Point", "coordinates": [ 72.548642, 23.009309 ] } },
{ "type": "Feature", "properties": { "osm_id": null, "layer": "library", "role": "cooling_point", "name": "Narsinhrav divetiya Muni.Library", "beds": null, "source": "AMC via DataMeet" }, "geometry": { "type": "Point", "coordinates": [ 72.62599, 23.00949 ] } },
{ "type": "Feature", "properties": { "osm_id": null, "layer": "library", "role": "cooling_point", "name": "Kavi Suresh HariPrashad Joshi Muni.Library", "beds": null, "source": "AMC via DataMeet" }, "geometry": { "type": "Point", "coordinates": [ 72.619468, 23.001735 ] } },
{ "type": "Feature", "properties": { "osm_id": null, "layer": "library", "role": "cooling_point", "name": "Kaka Kalekar Muni.Library.", "beds": null, "source": "AMC via DataMeet" }, "geometry": { "type": "Point", "coordinates": [ 72.633214, 22.9916 ] } },
{ "type": "Feature", "properties": { "osm_id": null, "layer": "library", "role": "cooling_point", "name": "Manishankar Ratanji Bhatt Muni Library", "beds": null, "source": "AMC via DataMeet" }, "geometry": { "type": "Point", "coordinates": [ 72.616269, 22.992423 ] } },
{ "type": "Feature", "properties": { "osm_id": null, "layer": "library", "role": "cooling_point", "name": "Pannalal Patel Muni Library", "beds": null, "source": "AMC via DataMeet" }, "geometry": { "type": "Point", "coordinates": [ 72.614034, 23.018207 ] } },
{ "type": "Feature", "properties": { "osm_id": null, "layer": "library", "role": "cooling_point", "name": "Dadabhai Navroji Muni Library", "beds": null, "source": "AMC via DataMeet" }, "geometry": { "type": "Point", "coordinates": [ 72.586131, 23.023427 ] } },
{ "type": "Feature", "properties": { "osm_id": null, "layer": "library", "role": "cooling_point", "name": "Bhikhubhai Chavda Muni Library", "beds": null, "source": "AMC via DataMeet" }, "geometry": { "type": "Point", "coordinates": [ 72.586412, 23.009209 ] } },
{ "type": "Feature", "properties": { "osm_id": null, "layer": "library", "role": "cooling_point", "name": "Koutilya Muni Library", "beds": null, "source": "AMC via DataMeet" }, "geometry": { "type": "Point", "coordinates": [ 72.605379, 23.04375 ] } },
{ "type": "Feature", "properties": { "osm_id": null, "layer": "library", "role": "cooling_point", "name": "Mahatmagandhi Muni Library", "beds": null, "source": "AMC via DataMeet" }, "geometry": { "type": "Point", "coordinates": [ 72.589849, 23.083412 ] } },
{ "type": "Feature", "properties": { "osm_id": null, "layer": "library", "role": "cooling_point", "name": "Surendrabhai Patel (Daskaka) Muni Library", "beds": null, "source": "AMC via DataMeet" }, "geometry": { "type": "Point", "coordinates": [ 72.59029, 23.018021 ] } },
{ "type": "Feature", "properties": { "osm_id": null, "layer": "library", "role": "cooling_point", "name": "ShekhadAM Abuvala Muni Library", "beds": null, "source": "AMC via DataMeet" }, "geometry": { "type": "Point", "coordinates": [ 72.582112, 23.013067 ] } },
{ "type": "Feature", "properties": { "osm_id": null, "layer": "library", "role": "cooling_point", "name": "Shree RAManlal Nilkhanth Muni Library", "beds": null, "source": "AMC via DataMeet" }, "geometry": { "type": "Point", "coordinates": [ 72.607894, 23.014005 ] } },
{ "type": "Feature", "properties": { "osm_id": null, "layer": "library", "role": "cooling_point", "name": "RA.B.GI.U.Muni.Library", "beds": null, "source": "AMC via DataMeet" }, "geometry": { "type": "Point", "coordinates": [ 72.596316, 23.02854 ] } },
{ "type": "Feature", "properties": { "osm_id": null, "layer": "library", "role": "cooling_point", "name": "Suny Palanpuri Muni Library", "beds": null, "source": "AMC via DataMeet" }, "geometry": { "type": "Point", "coordinates": [ 72.581516, 23.013216 ] } },
{ "type": "Feature", "properties": { "osm_id": null, "layer": "library", "role": "cooling_point", "name": "Nanhalal Kavi Muni.Library", "beds": null, "source": "AMC via DataMeet" }, "geometry": { "type": "Point", "coordinates": [ 72.589021, 23.08003 ] } },
{ "type": "Feature", "properties": { "osm_id": null, "layer": "library", "role": "cooling_point", "name": "Radhakishan Sharma Muni.Library", "beds": null, "source": "AMC via DataMeet" }, "geometry": { "type": "Point", "coordinates": [ 72.631235, 23.081546 ] } },
{ "type": "Feature", "properties": { "osm_id": null, "layer": "library", "role": "cooling_point", "name": "Pandit Dindayal Upadhyay Muni.Library", "beds": null, "source": "AMC via DataMeet" }, "geometry": { "type": "Point", "coordinates": [ 72.540531, 23.067791 ] } },
{ "type": "Feature", "properties": { "osm_id": null, "layer": "library", "role": "cooling_point", "name": "Sheth Maneklal Jethalal Sanchalit Library", "beds": null, "source": "AMC via DataMeet" }, "geometry": { "type": "Point", "coordinates": [ 72.570694, 23.023358 ] } },
{ "type": "Feature", "properties": { "osm_id": null, "layer": "library", "role": "cooling_point", "name": "Sheth Maneklal Jethalal Sanchalit Library", "beds": null, "source": "AMC via DataMeet" }, "geometry": { "type": "Point", "coordinates": [ 72.549009, 23.060112 ] } },
{ "type": "Feature", "properties": { "osm_id": null, "layer": "library", "role": "cooling_point", "name": "Ajit Bhagat Memorial Trust Library", "beds": null, "source": "AMC via DataMeet" }, "geometry": { "type": "Point", "coordinates": [ 72.593716, 23.028182 ] } },
{ "type": "Feature", "properties": { "osm_id": null, "layer": "library", "role": "cooling_point", "name": "Kavi Shree ManBhatt Premanand Library,Naroda", "beds": null, "source": "AMC via DataMeet" }, "geometry": { "type": "Point", "coordinates": [ 72.621683, 23.048756 ] } },
{ "type": "Feature", "properties": { "osm_id": null, "layer": "library", "role": "cooling_point", "name": "Surishwar Library,Vasana Branch Libarary", "beds": null, "source": "AMC via DataMeet" }, "geometry": { "type": "Point", "coordinates": [ 72.554089, 23.003902 ] } },
{ "type": "Feature", "properties": { "osm_id": null, "layer": "library", "role": "cooling_point", "name": "Atma Science & Technology Library", "beds": null, "source": "AMC via DataMeet" }, "geometry": { "type": "Point", "coordinates": [ 72.607347, 22.991631 ] } },
{ "type": "Feature", "properties": { "osm_id": null, "layer": "library", "role": "cooling_point", "name": "Vir Savarkar Muni.Library", "beds": null, "source": "AMC via DataMeet" }, "geometry": { "type": "Point", "coordinates": [ 72.632006, 23.053361 ] } },
{ "type": "Feature", "properties": { "osm_id": null, "layer": "library", "role": "cooling_point", "name": "Sheth Maneklal Jethalal Sanchalit Library", "beds": null, "source": "AMC via DataMeet" }, "geometry": { "type": "Point", "coordinates": [ 72.619803, 23.006453 ] } },
{ "type": "Feature", "properties": { "osm_id": null, "layer": "library", "role": "cooling_point", "name": "dayanand Sarshwati Muni Library", "beds": null, "source": "AMC via DataMeet" }, "geometry": { "type": "Point", "coordinates": [ 72.605313, 23.043754 ] } },
{ "type": "Feature", "properties": { "osm_id": null, "layer": "library", "role": "cooling_point", "name": "Narayanbhai Ranchhodbhai Library,Kantodiya", "beds": null, "source": "AMC via DataMeet" }, "geometry": { "type": "Point", "coordinates": [ 72.596916, 23.012024 ] } },
{ "type": "Feature", "properties": { "osm_id": null, "layer": "library", "role": "cooling_point", "name": "RA.B.GI.U Library", "beds": null, "source": "AMC via DataMeet" }, "geometry": { "type": "Point", "coordinates": [ 72.589348, 23.031334 ] } },
{ "type": "Feature", "properties": { "osm_id": null, "layer": "library", "role": "cooling_point", "name": "Vasantbhai Rami Library", "beds": null, "source": "AMC via DataMeet" }, "geometry": { "type": "Point", "coordinates": [ 72.520289, 23.017079 ] } },
{ "type": "Feature", "properties": { "osm_id": null, "layer": "library", "role": "cooling_point", "name": "Kavi Dalpatram Library,Relif Road", "beds": null, "source": "AMC via DataMeet" }, "geometry": { "type": "Point", "coordinates": [ 72.591523, 23.028567 ] } },
{ "type": "Feature", "properties": { "osm_id": null, "layer": "library", "role": "cooling_point", "name": "Kanaiyalal Nathuram Library,Kubernagar", "beds": null, "source": "AMC via DataMeet" }, "geometry": { "type": "Point", "coordinates": [ 72.629647, 23.061043 ] } },
{ "type": "Feature", "properties": { "osm_id": null, "layer": "library", "role": "cooling_point", "name": "MakrantBhai desai Library,Bodakdev", "beds": null, "source": "AMC via DataMeet" }, "geometry": { "type": "Point", "coordinates": [ 72.520181, 23.039651 ] } },
{ "type": "Feature", "properties": { "osm_id": null, "layer": "library", "role": "cooling_point", "name": "Kanaiya lal Maneklal Munsi Library", "beds": null, "source": "AMC via DataMeet" }, "geometry": { "type": "Point", "coordinates": [ 72.625849, 23.008615 ] } },
{ "type": "Feature", "properties": { "osm_id": null, "layer": "library", "role": "cooling_point", "name": "Saijpur Library", "beds": null, "source": "AMC via DataMeet" }, "geometry": { "type": "Point", "coordinates": [ 72.637009, 23.058453 ] } },
{ "type": "Feature", "properties": { "osm_id": null, "layer": "library", "role": "cooling_point", "name": "Sola Library", "beds": null, "source": "AMC via DataMeet" }, "geometry": { "type": "Point", "coordinates": [ 72.53992, 23.056684 ] } },
{ "type": "Feature", "properties": { "osm_id": null, "layer": "library", "role": "cooling_point", "name": "Thakkarbapanagar Library", "beds": null, "source": "AMC via DataMeet" }, "geometry": { "type": "Point", "coordinates": [ 72.646645, 23.051071 ] } },
{ "type": "Feature", "properties": { "osm_id": null, "layer": "library", "role": "cooling_point", "name": "Chandrakant Library,Vijay Nagar", "beds": null, "source": "AMC via DataMeet" }, "geometry": { "type": "Point", "coordinates": [ 72.557276, 23.062249 ] } },
{ "type": "Feature", "properties": { "osm_id": null, "layer": "library", "role": "cooling_point", "name": "Kavi shree Rajendra shah Library,Himmat lal park", "beds": null, "source": "AMC via DataMeet" }, "geometry": { "type": "Point", "coordinates": [ 72.535835, 23.027245 ] } },
{ "type": "Feature", "properties": { "osm_id": null, "layer": "library", "role": "cooling_point", "name": "sureshBhai Ramkumar Joshi Library,Sarspur", "beds": null, "source": "AMC via DataMeet" }, "geometry": { "type": "Point", "coordinates": [ 72.611293, 23.032047 ] } },
{ "type": "Feature", "properties": { "osm_id": null, "layer": "library", "role": "cooling_point", "name": "Reading room,Amaraywadi", "beds": null, "source": "AMC via DataMeet" }, "geometry": { "type": "Point", "coordinates": [ 72.627539, 23.007979 ] } },
{ "type": "Feature", "properties": { "osm_id": null, "layer": "uhc", "role": "health_facility", "name": "Ambawadi (Gandhigram) Urban Health Centre", "beds": null, "source": "AMC UHC list 2024 (nominatim_locality)" }, "geometry": { "type": "Point", "coordinates": [ 72.5689228, 23.0270914 ] } },
{ "type": "Feature", "properties": { "osm_id": null, "layer": "uhc", "role": "health_facility", "name": "Ambli Urban Health Centre", "beds": null, "source": "AMC UHC list 2024 (nominatim_area)" }, "geometry": { "type": "Point", "coordinates": [ 72.5015992, 23.0284711 ] } },
{ "type": "Feature", "properties": { "osm_id": null, "layer": "uhc", "role": "health_facility", "name": "Amraiwadi Urban Health Centre", "beds": null, "source": "AMC UHC list 2024 (nominatim_area)" }, "geometry": { "type": "Point", "coordinates": [ 72.6251891, 22.9989479 ] } },
{ "type": "Feature", "properties": { "osm_id": null, "layer": "uhc", "role": "health_facility", "name": "Arbudanagar Opp Urban Health Centre", "beds": null, "source": "AMC UHC list 2024 (nominatim_locality)" }, "geometry": { "type": "Point", "coordinates": [ 72.6657302, 22.9906298 ] } },
{ "type": "Feature", "properties": { "osm_id": null, "layer": "uhc", "role": "health_facility", "name": "Bapunagar Urban Health Centre", "beds": null, "source": "AMC UHC list 2024 (nominatim_area)" }, "geometry": { "type": "Point", "coordinates": [ 72.6313566, 23.0324369 ] } },
{ "type": "Feature", "properties": { "osm_id": null, "layer": "uhc", "role": "health_facility", "name": "Gomtipur Urban Health Centre", "beds": null, "source": "AMC UHC list 2024 (ward_centroid)" }, "geometry": { "type": "Point", "coordinates": [ 72.617370784551071, 23.018967459687779 ] } },
{ "type": "Feature", "properties": { "osm_id": null, "layer": "uhc", "role": "health_facility", "name": "Behrampura Behrahpura Urban Health Centre", "beds": null, "source": "AMC UHC list 2024 (nominatim_ward_name)" }, "geometry": { "type": "Point", "coordinates": [ 72.58384, 23.0035894 ] } },
{ "type": "Feature", "properties": { "osm_id": null, "layer": "uhc", "role": "health_facility", "name": "Bodakdev Urban Health Centre", "beds": null, "source": "AMC UHC list 2024 (nominatim_area)" }, "geometry": { "type": "Point", "coordinates": [ 72.5128675, 23.0341502 ] } },
{ "type": "Feature", "properties": { "osm_id": null, "layer": "uhc", "role": "health_facility", "name": "Chandkheda Urban Health Centre", "beds": null, "source": "AMC UHC list 2024 (nominatim_area)" }, "geometry": { "type": "Point", "coordinates": [ 72.5864649, 23.1037407 ] } },
{ "type": "Feature", "properties": { "osm_id": null, "layer": "uhc", "role": "health_facility", "name": "Chandlodiya Under Urban Health Centre", "beds": null, "source": "AMC UHC list 2024 (nominatim_locality)" }, "geometry": { "type": "Point", "coordinates": [ 72.5049042, 23.032242 ] } },
{ "type": "Feature", "properties": { "osm_id": null, "layer": "uhc", "role": "health_facility", "name": "Danilimda Near Urban Health Centre", "beds": null, "source": "AMC UHC list 2024 (nominatim_ward_name)" }, "geometry": { "type": "Point", "coordinates": [ 72.5833917, 22.9966938 ] } },
{ "type": "Feature", "properties": { "osm_id": null, "layer": "uhc", "role": "health_facility", "name": "Dariyapur Urban Urban Health Centre", "beds": null, "source": "AMC UHC list 2024 (nominatim_locality)" }, "geometry": { "type": "Point", "coordinates": [ 72.579803, 23.043503 ] } },
{ "type": "Feature", "properties": { "osm_id": null, "layer": "uhc", "role": "health_facility", "name": "Dudeshwar New Urban Health Centre", "beds": null, "source": "AMC UHC list 2024 (nominatim_locality)" }, "geometry": { "type": "Point", "coordinates": [ 72.6004561, 23.0188317 ] } },
{ "type": "Feature", "properties": { "osm_id": null, "layer": "uhc", "role": "health_facility", "name": "Ghatlodiya Under Urban Health Centre", "beds": null, "source": "AMC UHC list 2024 (nominatim_locality)" }, "geometry": { "type": "Point", "coordinates": [ 72.5049042, 23.032242 ] } },
{ "type": "Feature", "properties": { "osm_id": null, "layer": "uhc", "role": "health_facility", "name": "Ghodashar Ghodasar Urban Health Centre", "beds": null, "source": "AMC UHC list 2024 (nominatim_locality)" }, "geometry": { "type": "Point", "coordinates": [ 72.6101796, 22.9785228 ] } },
{ "type": "Feature", "properties": { "osm_id": null, "layer": "uhc", "role": "health_facility", "name": "Girdharnagar Girhdar Urban Health Centre", "beds": null, "source": "AMC UHC list 2024 (nominatim_ward_name)" }, "geometry": { "type": "Point", "coordinates": [ 72.5978915, 23.0502144 ] } },
{ "type": "Feature", "properties": { "osm_id": null, "layer": "uhc", "role": "health_facility", "name": "Gomtipur Urban Health Centre", "beds": null, "source": "AMC UHC list 2024 (nominatim_area)" }, "geometry": { "type": "Point", "coordinates": [ 72.620581, 23.0136957 ] } },
{ "type": "Feature", "properties": { "osm_id": null, "layer": "uhc", "role": "health_facility", "name": "Gota Oghnaj Urban Health Centre", "beds": null, "source": "AMC UHC list 2024 (nominatim_ward_name)" }, "geometry": { "type": "Point", "coordinates": [ 72.5408363, 23.1010002 ] } },
{ "type": "Feature", "properties": { "osm_id": null, "layer": "uhc", "role": "health_facility", "name": "Indrapuri Urban Health Centre", "beds": null, "source": "AMC UHC list 2024 (ward_centroid)" }, "geometry": { "type": "Point", "coordinates": [ 72.63896533551447, 23.000699991037088 ] } },
{ "type": "Feature", "properties": { "osm_id": null, "layer": "uhc", "role": "health_facility", "name": "Isanpur Urban Health Centre", "beds": null, "source": "AMC UHC list 2024 (nominatim_area)" }, "geometry": { "type": "Point", "coordinates": [ 72.5986127, 22.9738305 ] } },
{ "type": "Feature", "properties": { "osm_id": null, "layer": "uhc", "role": "health_facility", "name": "Jamalpur Ground Urban Health Centre", "beds": null, "source": "AMC UHC list 2024 (nominatim_ward_name)" }, "geometry": { "type": "Point", "coordinates": [ 72.5820624, 23.0139241 ] } },
{ "type": "Feature", "properties": { "osm_id": null, "layer": "uhc", "role": "health_facility", "name": "Jodhpur Urban Health Centre", "beds": null, "source": "AMC UHC list 2024 (nominatim_area)" }, "geometry": { "type": "Point", "coordinates": [ 72.5288636, 23.0139664 ] } },
{ "type": "Feature", "properties": { "osm_id": null, "layer": "uhc", "role": "health_facility", "name": "Juna Wadaj Urban Health Centre", "beds": null, "source": "AMC UHC list 2024 (nominatim_ward_name)" }, "geometry": { "type": "Point", "coordinates": [ 72.5620316, 23.0670122 ] } },
{ "type": "Feature", "properties": { "osm_id": null, "layer": "uhc", "role": "health_facility", "name": "Kali Near Urban Health Centre", "beds": null, "source": "AMC UHC list 2024 (nominatim_ward_name)" }, "geometry": { "type": "Point", "coordinates": [ 72.5744644, 23.1074711 ] } },
{ "type": "Feature", "properties": { "osm_id": null, "layer": "uhc", "role": "health_facility", "name": "Kalupur 1St Urban Health Centre", "beds": null, "source": "AMC UHC list 2024 (nominatim_ward_name)" }, "geometry": { "type": "Point", "coordinates": [ 72.601, 23.0263312 ] } },
{ "type": "Feature", "properties": { "osm_id": null, "layer": "uhc", "role": "health_facility", "name": "Kankariya Kankaria Urban Health Centre", "beds": null, "source": "AMC UHC list 2024 (nominatim_locality)" }, "geometry": { "type": "Point", "coordinates": [ 72.5940885, 23.0017632 ] } },
{ "type": "Feature", "properties": { "osm_id": null, "layer": "uhc", "role": "health_facility", "name": "Khadiya Mu Urban Health Centre", "beds": null, "source": "AMC UHC list 2024 (nominatim_ward_name)" }, "geometry": { "type": "Point", "coordinates": [ 72.5899775, 23.0205453 ] } },
{ "type": "Feature", "properties": { "osm_id": null, "layer": "uhc", "role": "health_facility", "name": "Khokhara Balbhavan Urban Health Centre", "beds": null, "source": "AMC UHC list 2024 (nominatim_ward_name)" }, "geometry": { "type": "Point", "coordinates": [ 72.6183012, 23.0017465 ] } },
{ "type": "Feature", "properties": { "osm_id": null, "layer": "uhc", "role": "health_facility", "name": "Krishnanagar Near Urban Health Centre", "beds": null, "source": "AMC UHC list 2024 (nominatim_ward_name)" }, "geometry": { "type": "Point", "coordinates": [ 72.643691, 23.060079 ] } },
{ "type": "Feature", "properties": { "osm_id": null, "layer": "uhc", "role": "health_facility", "name": "Kubernagar 1 Urban Health Centre", "beds": null, "source": "AMC UHC list 2024 (nominatim_area)" }, "geometry": { "type": "Point", "coordinates": [ 72.6340502, 23.0804086 ] } },
{ "type": "Feature", "properties": { "osm_id": null, "layer": "uhc", "role": "health_facility", "name": "Lambha Juni Urban Health Centre", "beds": null, "source": "AMC UHC list 2024 (nominatim_ward_name)" }, "geometry": { "type": "Point", "coordinates": [ 72.5749418, 22.9317728 ] } },
{ "type": "Feature", "properties": { "osm_id": null, "layer": "uhc", "role": "health_facility", "name": "Madhupura Urban Health Centre", "beds": null, "source": "AMC UHC list 2024 (nominatim_area)" }, "geometry": { "type": "Point", "coordinates": [ 72.5815218, 23.0271285 ] } },
{ "type": "Feature", "properties": { "osm_id": null, "layer": "uhc", "role": "health_facility", "name": "Maninagar Urban Health Centre", "beds": null, "source": "AMC UHC list 2024 (nominatim_area)" }, "geometry": { "type": "Point", "coordinates": [ 72.61048, 22.9950656 ] } },
{ "type": "Feature", "properties": { "osm_id": null, "layer": "uhc", "role": "health_facility", "name": "Naranpura Urban Health Centre", "beds": null, "source": "AMC UHC list 2024 (nominatim_area)" }, "geometry": { "type": "Point", "coordinates": [ 72.5496859, 23.0362323 ] } },
{ "type": "Feature", "properties": { "osm_id": null, "layer": "uhc", "role": "health_facility", "name": "Naroda Muthiya Urban Health Centre", "beds": null, "source": "AMC UHC list 2024 (nominatim_locality)" }, "geometry": { "type": "Point", "coordinates": [ 72.6795769, 23.0959421 ] } },
{ "type": "Feature", "properties": { "osm_id": null, "layer": "uhc", "role": "health_facility", "name": "Naroda Road Urban Health Centre", "beds": null, "source": "AMC UHC list 2024 (nominatim_area)" }, "geometry": { "type": "Point", "coordinates": [ 72.6237103, 23.0494951 ] } },
{ "type": "Feature", "properties": { "osm_id": null, "layer": "uhc", "role": "health_facility", "name": "Narol Opp/Shreeram Urban Health Centre", "beds": null, "source": "AMC UHC list 2024 (nominatim_ward_name)" }, "geometry": { "type": "Point", "coordinates": [ 72.5977854, 22.9483926 ] } },
{ "type": "Feature", "properties": { "osm_id": null, "layer": "uhc", "role": "health_facility", "name": "Nava Wadaj Urban Health Centre", "beds": null, "source": "AMC UHC list 2024 (nominatim_ward_name)" }, "geometry": { "type": "Point", "coordinates": [ 72.5640995, 23.0682238 ] } },
{ "type": "Feature", "properties": { "osm_id": null, "layer": "uhc", "role": "health_facility", "name": "Navrangpura Devpath Urban Health Centre", "beds": null, "source": "AMC UHC list 2024 (nominatim_locality)" }, "geometry": { "type": "Point", "coordinates": [ 72.5572076, 23.0304073 ] } },
{ "type": "Feature", "properties": { "osm_id": null, "layer": "uhc", "role": "health_facility", "name": "New Ambawadi Urban Health Centre", "beds": null, "source": "AMC UHC list 2024 (nominatim_area)" }, "geometry": { "type": "Point", "coordinates": [ 72.5568313, 23.024974 ] } },
{ "type": "Feature", "properties": { "osm_id": null, "layer": "uhc", "role": "health_facility", "name": "New Behrampura Urban Health Centre", "beds": null, "source": "AMC UHC list 2024 (nominatim_area)" }, "geometry": { "type": "Point", "coordinates": [ 72.579059, 22.995486 ] } },
{ "type": "Feature", "properties": { "osm_id": null, "layer": "uhc", "role": "health_facility", "name": "New Gota Urban Health Centre", "beds": null, "source": "AMC UHC list 2024 (nominatim_area)" }, "geometry": { "type": "Point", "coordinates": [ 72.5157313, 23.1004239 ] } },
{ "type": "Feature", "properties": { "osm_id": null, "layer": "uhc", "role": "health_facility", "name": "New Ranip Urban Health Centre", "beds": null, "source": "AMC UHC list 2024 (nominatim_area)" }, "geometry": { "type": "Point", "coordinates": [ 72.561323, 23.092529 ] } },
{ "type": "Feature", "properties": { "osm_id": null, "layer": "uhc", "role": "health_facility", "name": "New Vejalpur Urban Health Centre", "beds": null, "source": "AMC UHC list 2024 (nominatim_area)" }, "geometry": { "type": "Point", "coordinates": [ 72.5023369, 23.0273641 ] } },
{ "type": "Feature", "properties": { "osm_id": null, "layer": "uhc", "role": "health_facility", "name": "Nava Nikol Urban Health Centre", "beds": null, "source": "AMC UHC list 2024 (nominatim_area)" }, "geometry": { "type": "Point", "coordinates": [ 72.6713834, 23.0579323 ] } },
{ "type": "Feature", "properties": { "osm_id": null, "layer": "uhc", "role": "health_facility", "name": "Nikol (Nava Urban Health Centre", "beds": null, "source": "AMC UHC list 2024 (nominatim_area)" }, "geometry": { "type": "Point", "coordinates": [ 72.6713834, 23.0579323 ] } },
{ "type": "Feature", "properties": { "osm_id": null, "layer": "uhc", "role": "health_facility", "name": "Odhav Urban Health Centre", "beds": null, "source": "AMC UHC list 2024 (nominatim_area)" }, "geometry": { "type": "Point", "coordinates": [ 72.6653505, 23.0255796 ] } },
{ "type": "Feature", "properties": { "osm_id": null, "layer": "uhc", "role": "health_facility", "name": "Paldi Fatehpura Urban Health Centre", "beds": null, "source": "AMC UHC list 2024 (nominatim_ward_name)" }, "geometry": { "type": "Point", "coordinates": [ 72.5635432, 23.0145531 ] } },
{ "type": "Feature", "properties": { "osm_id": null, "layer": "uhc", "role": "health_facility", "name": "Piplaj Urban Urban Health Centre", "beds": null, "source": "AMC UHC list 2024 (nominatim_locality)" }, "geometry": { "type": "Point", "coordinates": [ 72.602448, 22.980519 ] } },
{ "type": "Feature", "properties": { "osm_id": null, "layer": "uhc", "role": "health_facility", "name": "Rajpur Opp-Chakudiya Urban Health Centre", "beds": null, "source": "AMC UHC list 2024 (nominatim_ward_name)" }, "geometry": { "type": "Point", "coordinates": [ 72.620581, 23.0136957 ] } },
{ "type": "Feature", "properties": { "osm_id": null, "layer": "uhc", "role": "health_facility", "name": "Rakhiyal Rakhial Urban Health Centre", "beds": null, "source": "AMC UHC list 2024 (nominatim_ward_name)" }, "geometry": { "type": "Point", "coordinates": [ 72.6583652, 23.0748764 ] } },
{ "type": "Feature", "properties": { "osm_id": null, "layer": "uhc", "role": "health_facility", "name": "Ramol Urban Health Centre", "beds": null, "source": "AMC UHC list 2024 (nominatim_area)" }, "geometry": { "type": "Point", "coordinates": [ 72.6422434, 22.9719078 ] } },
{ "type": "Feature", "properties": { "osm_id": null, "layer": "uhc", "role": "health_facility", "name": "Ranip Urban Health Centre", "beds": null, "source": "AMC UHC list 2024 (nominatim_area)" }, "geometry": { "type": "Point", "coordinates": [ 72.581366, 23.0667298 ] } },
{ "type": "Feature", "properties": { "osm_id": null, "layer": "uhc", "role": "health_facility", "name": "Sabarmati Urban Health Centre", "beds": null, "source": "AMC UHC list 2024 (nominatim_area)" }, "geometry": { "type": "Point", "coordinates": [ 72.5889122, 23.0837834 ] } },
{ "type": "Feature", "properties": { "osm_id": null, "layer": "uhc", "role": "health_facility", "name": "Saijpur Urban Health Centre", "beds": null, "source": "AMC UHC list 2024 (nominatim_area)" }, "geometry": { "type": "Point", "coordinates": [ 72.6414371, 23.059665 ] } },
{ "type": "Feature", "properties": { "osm_id": null, "layer": "uhc", "role": "health_facility", "name": "Sardarnagar Urban Urban Health Centre", "beds": null, "source": "AMC UHC list 2024 (nominatim_ward_name)" }, "geometry": { "type": "Point", "coordinates": [ 72.6242288, 23.0811113 ] } },
{ "type": "Feature", "properties": { "osm_id": null, "layer": "uhc", "role": "health_facility", "name": "Sardarnagar - Urban Health Centre", "beds": null, "source": "AMC UHC list 2024 (nominatim_area)" }, "geometry": { "type": "Point", "coordinates": [ 72.6242288, 23.0811113 ] } },
{ "type": "Feature", "properties": { "osm_id": null, "layer": "uhc", "role": "health_facility", "name": "Sarkhej Urban Health Centre", "beds": null, "source": "AMC UHC list 2024 (nominatim_area)" }, "geometry": { "type": "Point", "coordinates": [ 72.5045567, 22.9998487 ] } },
{ "type": "Feature", "properties": { "osm_id": null, "layer": "uhc", "role": "health_facility", "name": "Shahpur Urban Health Centre", "beds": null, "source": "AMC UHC list 2024 (nominatim_area)" }, "geometry": { "type": "Point", "coordinates": [ 72.5781671, 23.0360108 ] } },
{ "type": "Feature", "properties": { "osm_id": null, "layer": "uhc", "role": "health_facility", "name": "Stadium Urban Health Centre", "beds": null, "source": "AMC UHC list 2024 (nominatim_area)" }, "geometry": { "type": "Point", "coordinates": [ 72.5973345, 23.0917717 ] } },
{ "type": "Feature", "properties": { "osm_id": null, "layer": "uhc", "role": "health_facility", "name": "Thaltej Opposite Urban Health Centre", "beds": null, "source": "AMC UHC list 2024 (nominatim_area)" }, "geometry": { "type": "Point", "coordinates": [ 72.5037209, 23.0509007 ] } },
{ "type": "Feature", "properties": { "osm_id": null, "layer": "uhc", "role": "health_facility", "name": "New Vasna Urban Health Centre", "beds": null, "source": "AMC UHC list 2024 (nominatim_locality)" }, "geometry": { "type": "Point", "coordinates": [ 72.5472413, 23.0020055 ] } },
{ "type": "Feature", "properties": { "osm_id": null, "layer": "uhc", "role": "health_facility", "name": "Old Vasna Urban Health Centre", "beds": null, "source": "AMC UHC list 2024 (nominatim_locality)" }, "geometry": { "type": "Point", "coordinates": [ 72.5472413, 23.0020055 ] } },
{ "type": "Feature", "properties": { "osm_id": null, "layer": "uhc", "role": "health_facility", "name": "Vastral Urban Health Centre", "beds": null, "source": "AMC UHC list 2024 (nominatim_area)" }, "geometry": { "type": "Point", "coordinates": [ 72.6629456, 22.9984321 ] } },
{ "type": "Feature", "properties": { "osm_id": null, "layer": "uhc", "role": "health_facility", "name": "Vatva Smruti Urban Health Centre", "beds": null, "source": "AMC UHC list 2024 (nominatim_locality)" }, "geometry": { "type": "Point", "coordinates": [ 72.6140378, 22.9720513 ] } },
{ "type": "Feature", "properties": { "osm_id": null, "layer": "uhc", "role": "health_facility", "name": "Vatva Madninagar Urban Health Centre", "beds": null, "source": "AMC UHC list 2024 (nominatim_ward_name)" }, "geometry": { "type": "Point", "coordinates": [ 72.6295542, 22.9590328 ] } },
{ "type": "Feature", "properties": { "osm_id": null, "layer": "uhc", "role": "health_facility", "name": "Vejalpur Urban Health Centre", "beds": null, "source": "AMC UHC list 2024 (nominatim_area)" }, "geometry": { "type": "Point", "coordinates": [ 72.5288636, 23.0139664 ] } },
{ "type": "Feature", "properties": { "osm_id": null, "layer": "uhc", "role": "health_facility", "name": "Viratnagar Urban Health Centre", "beds": null, "source": "AMC UHC list 2024 (ward_centroid)" }, "geometry": { "type": "Point", "coordinates": [ 72.644496663862512, 23.028875124333464 ] } },
{ "type": "Feature", "properties": { "osm_id": null, "layer": "uhc", "role": "health_facility", "name": "Vatva Chc Urban Health Centre", "beds": null, "source": "AMC UHC list 2024 (nominatim_ward_name)" }, "geometry": { "type": "Point", "coordinates": [ 72.6295542, 22.9590328 ] } },
{ "type": "Feature", "properties": { "osm_id": null, "layer": "uhc", "role": "health_facility", "name": "Bopal Urban Health Centre", "beds": null, "source": "AMC UHC list 2024 (nominatim_area)" }, "geometry": { "type": "Point", "coordinates": [ 72.5015992, 23.0284711 ] } },
{ "type": "Feature", "properties": { "osm_id": null, "layer": "public_hospital", "role": "health_facility", "name": "Ahmedabad Civil Hospital (Asarwa campus)", "beds": "3500.0", "source": "data/manual/hospital_beds.csv" }, "geometry": { "type": "Point", "coordinates": [ 72.60438, 23.0523 ] } },
{ "type": "Feature", "properties": { "osm_id": null, "layer": "public_hospital", "role": "health_facility", "name": "Sardar Vallabhbhai Patel Institute of Medical Sciences and Research (SVP)", "beds": "1500.0", "source": "data/manual/hospital_beds.csv" }, "geometry": { "type": "Point", "coordinates": [ 72.572, 23.019 ] } },
{ "type": "Feature", "properties": { "osm_id": null, "layer": "public_hospital", "role": "health_facility", "name": "Sheth Vadilal Sarabhai General Hospital (VS)", "beds": "1115.0", "source": "data/manual/hospital_beds.csv" }, "geometry": { "type": "Point", "coordinates": [ 72.57142, 23.01883 ] } },
{ "type": "Feature", "properties": { "osm_id": null, "layer": "public_hospital", "role": "health_facility", "name": "Sheth Lallubhai Gordhandas Municipal General Hospital (LG)", "beds": "1050.0", "source": "data/manual/hospital_beds.csv" }, "geometry": { "type": "Point", "coordinates": [ 72.60466, 22.9994 ] } }
]
}
